invoice_id,line_id,service,inferred_mapping,quantity,expected_unit_price_cents,expected_line_total_cents,contract_steps
INV-H4-000004,H4-L00004-01,Extended Renal Ward Bed Occupancy,False,5,174050,870250,base=174050
INV-H4-000004,H4-L00004-02,Postoperative Rheumatologic Nursing Observation,False,5,46425,232125,base=46425; quantity=5<=cap=6
INV-H4-000004,H4-L00004-03,Standard Orthopaedic Critical Care Occupancy,False,6,148975,893850,"base=148975; prior=[0,119],discount=0%"
INV-H4-000004,H4-L00004-04,Ambulatory Cardiac Ward Bed Occupancy,False,3,46350,139050,base=46350; quantity=3<=cap=4
INV-H4-000004,H4-L00004-05,Ambulatory Immunologic Ward Bed Occupancy,False,1,74700,74700,base=74700; quantity=1<=cap=4
INV-H4-000004,H4-L00004-06,Extended Psychiatric Endoscopic Procedure,False,2,325800,651600,base=325800
INV-H4-000004,H4-L00004-07,Outpatient Obstetric Dialysis Session,False,1,367900,367900,base=367900
INV-H4-000004,H4-L00004-08,Focused Metabolic Biopsy Procedure,False,3,15025,45075,base=15025; quantity=3<=cap=8
INV-H4-000004,H4-L00004-09,Specialist Hepatic Discharge Planning,False,2,41175,82350,base=41175
INV-H4-000004,H4-L00004-10,Intermittent Renal Anaesthesia Administration,False,5,6600,33000,base=6600
INV-H4-000004,H4-L00004-11,Comprehensive Ophthalmic Laboratory Panel,False,7,58525,409675,base=58525; no identified exclusion trigger
INV-H4-000004,H4-L00004-12,Advanced Oncology Ward Bed Occupancy,False,1,68700,68700,base=68700
INV-H4-000004,H4-L00004-13,Preoperative Geriatric Diagnostic Imaging,False,1,19550,19550,base=19550
INV-H4-000004,H4-L00004-14,Ambulatory Cardiac Ward Bed Occupancy,False,4,46350,185400,base=46350; quantity=4<=cap=4
INV-H4-000004,H4-L00004-15,Comprehensive Ophthalmic Laboratory Panel,False,8,58525,468200,base=58525; no identified exclusion trigger
INV-H4-000005,H4-L00005-01,Advanced Oncology Ward Bed Occupancy,False,5,68700,343500,base=68700
INV-H4-000005,H4-L00005-02,Comprehensive Ophthalmic Laboratory Panel,False,3,58525,175575,base=58525; no identified exclusion trigger
INV-H4-000005,H4-L00005-03,Extended Rheumatologic Nursing Observation,False,5,87375,436875,base=87375
INV-H4-000005,H4-L00005-04,Specialist Immunologic Consultation,False,1,91600,91600,base=114500; bundle=91600
INV-H4-000005,H4-L00005-05,Supervised Rheumatologic Dialysis Session,False,1,13900,13900,base=17375; bundle=13900
INV-H4-000008,H4-L00008-01,Intermittent Psychiatric Rehabilitation Programme,False,3,32275,96825,base=32275
INV-H4-000008,H4-L00008-02,Elective Ophthalmic Radiotherapy Fraction,False,2,373600,747200,base=373600
INV-H4-000008,H4-L00008-03,Postoperative Geriatric Imaging Interpretation,False,8,43925,351400,base=43925
INV-H4-000008,H4-L00008-04,Postoperative Paediatric Imaging Interpretation,False,2,88600,177200,base=88600; no identified exclusion trigger
INV-H4-000008,H4-L00008-05,Extended Rheumatologic Nursing Observation,False,2,87375,174750,base=87375
INV-H4-000008,H4-L00008-06,Bedside Cardiac Home Visit,False,3,64800,194400,base=64800
INV-H4-000008,H4-L00008-07,Assisted Urologic Nursing Observation,False,4,132675,530700,base=132675; quantity=4<=cap=4
INV-H4-000008,H4-L00008-08,Outpatient Urologic Endoscopic Procedure,False,2,372925,745850,base=372925
INV-H4-000008,H4-L00008-09,Preoperative Geriatric Diagnostic Imaging,False,2,19550,39100,base=19550
INV-H4-000008,H4-L00008-10,Supervised Pulmonary Anaesthesia Administration,False,15,13500,202500,base=13500
INV-H4-000011,H4-L00011-01,Comprehensive Neurological Endoscopic Procedure,False,2,309275,618550,base=309275
INV-H4-000011,H4-L00011-02,Outpatient Obstetric Dialysis Session,False,1,367900,367900,base=367900
INV-H4-000011,H4-L00011-03,Postoperative Oncology Diagnostic Imaging,False,12,23250,279000,base=23250; quantity=12<=cap=12
INV-H4-000011,H4-L00011-04,Continuous Psychiatric Rehabilitation Programme,False,4,28625,114500,base=34900; bundle=28625
INV-H4-000011,H4-L00011-05,Postoperative Palliative Recovery Room Occupancy,False,2,70975,141950,base=86550; bundle=70975
INV-H4-000011,H4-L00011-06,Advanced Paediatric Theatre Time,False,9,37100,333900,base=37100; no identified exclusion trigger
INV-H4-000011,H4-L00011-07,Preoperative Oncology Diagnostic Imaging,False,1,102650,102650,base=102650; quantity=1<=cap=8
INV-H4-000011,H4-L00011-08,Ambulatory Gastrointestinal Nutritional Support,False,7,4175,29225,base=4175
INV-H4-000011,H4-L00011-09,Extended Rheumatologic Nursing Observation,False,2,87375,174750,base=87375
INV-H4-000011,H4-L00011-10,Standard Ophthalmic Laboratory Panel,False,4,17925,71700,base=17925; no identified exclusion trigger
INV-H4-000011,H4-L00011-11,Ambulatory Rheumatologic Rehabilitation Programme,False,1,28750,28750,base=38325; bundle=28750
INV-H4-000011,H4-L00011-12,Ambulatory Paediatric Critical Care Occupancy,False,1,3550,3550,base=4750; bundle=3550
INV-H4-000011,H4-L00011-13,Ambulatory Obstetric Case Conference,False,8,11875,95000,base=13975; bundle=11875
INV-H4-000011,H4-L00011-14,Focused Vascular Infusion Therapy,False,29,4900,142100,base=5775; bundle=4900
INV-H4-000011,H4-L00011-15,Intermittent Neurological Laboratory Panel,False,1,10175,10175,base=10175; no identified exclusion trigger
INV-H4-000011,H4-L00011-16,Elective Ophthalmic Radiotherapy Fraction,False,1,373600,373600,base=373600
INV-H4-000013,H4-L00013-01,Emergency Cardiac Physiotherapy Session,False,8,8400,67200,base=9875; bundle=8400
INV-H4-000013,H4-L00013-02,Extended Obstetric Case Conference,False,3,35200,105600,base=41425; bundle=35200
INV-H4-000013,H4-L00013-03,Assisted Paediatric Theatre Time,False,22,9275,204050,base=9275; no identified exclusion trigger
INV-H4-000013,H4-L00013-04,Specialist Hepatic Discharge Planning,False,3,41175,123525,base=41175
INV-H4-000013,H4-L00013-05,Outpatient Rheumatologic Anaesthesia Administration,False,8,20875,167000,base=20875
INV-H4-000013,H4-L00013-06,Ambulatory Cardiac Ward Bed Occupancy,False,2,46350,92700,base=46350; quantity=2<=cap=4
INV-H4-000013,H4-L00013-07,Ambulatory Rheumatologic Rehabilitation Programme,False,1,28750,28750,base=38325; bundle=28750
INV-H4-000013,H4-L00013-08,Ambulatory Paediatric Critical Care Occupancy,False,5,3550,17750,base=4750; bundle=3550
INV-H4-000013,H4-L00013-09,Postoperative Paediatric Imaging Interpretation,False,2,88600,177200,base=88600; no identified exclusion trigger
INV-H4-000013,H4-L00013-10,Ambulatory Musculoskeletal Ventilation Support,False,2,157150,314300,"base=157150; prior=[5,63],discount=0%"
INV-H4-000013,H4-L00013-11,Focused Vascular Transport Service,False,2,24450,48900,base=24450; no identified exclusion trigger
INV-H4-000013,H4-L00013-12,Assisted Paediatric Theatre Time,False,9,9275,83475,base=9275; no identified exclusion trigger
INV-H4-000013,H4-L00013-13,Extended Hepatic Transfusion Service,False,2,8450,16900,base=8450; quantity=2<=cap=8
INV-H4-000013,H4-L00013-14,Postoperative Cardiac Wound Care,False,1,17325,17325,base=17325; no identified exclusion trigger
INV-H4-000013,H4-L00013-15,Outpatient Urologic Theatre Time,False,14,7650,107100,base=7650
INV-H4-000013,H4-L00013-16,Assisted Paediatric Theatre Time,False,16,9275,148400,base=9275; no identified exclusion trigger
INV-H4-000013,H4-L00013-17,Advanced Paediatric Theatre Time,False,12,37100,445200,base=37100; no identified exclusion trigger
INV-H4-000013,H4-L00013-18,Extended Urologic Telemetry Monitoring,False,5,144825,724125,base=144825; quantity=5<=cap=12
INV-H4-000013,H4-L00013-19,Supervised Pulmonary Home Visit,False,2,28675,57350,base=28675
INV-H4-000015,H4-L00015-01,Assisted Paediatric Physiotherapy Session,False,22,2675,58850,base=3150; bundle=2675
INV-H4-000015,H4-L00015-02,Outpatient Orthopaedic Recovery Room Occupancy,False,2,9375,18750,base=11025; bundle=9375
INV-H4-000015,H4-L00015-03,Elective Obstetric Transfusion Service,False,39,1250,48750,base=1425; bundle=1250
INV-H4-000015,H4-L00015-04,Intermittent Rheumatologic Dialysis Session,False,1,111675,111675,base=126900; bundle=111675
INV-H4-000015,H4-L00015-05,Bedside Cardiac Home Visit,False,1,64800,64800,base=64800
INV-H4-000015,H4-L00015-06,Supervised Vascular Radiotherapy Fraction,False,2,15825,31650,base=15825
INV-H4-000015,H4-L00015-07,Supervised Pulmonary Home Visit,False,3,28675,86025,base=28675
INV-H4-000015,H4-L00015-08,Preoperative Musculoskeletal Recovery Room Occupancy,False,4,162775,651100,base=162775
INV-H4-000015,H4-L00015-09,Elective Neurological Ward Bed Occupancy,False,6,170125,1020750,base=170125
INV-H4-000015,H4-L00015-10,Ambulatory Rheumatologic Rehabilitation Programme,False,2,38325,76650,base=38325
INV-H4-000015,H4-L00015-11,Postoperative Rheumatologic Nursing Observation,False,3,46425,139275,base=46425; quantity=3<=cap=6
INV-H4-000015,H4-L00015-12,Intermittent Neurological Laboratory Panel,False,3,10175,30525,base=10175; no identified exclusion trigger
INV-H4-000015,H4-L00015-13,Intensive Paediatric Consultation,False,2,39175,78350,base=39175
INV-H4-000015,H4-L00015-14,Emergency Metabolic Radiotherapy Fraction,False,1,364925,364925,base=364925
INV-H4-000015,H4-L00015-15,Outpatient Urologic Theatre Time,False,14,7650,107100,base=7650
INV-H4-000015,H4-L00015-16,Outpatient Urologic Endoscopic Procedure,False,2,372925,745850,base=372925
INV-H4-000025,H4-L00025-01,Postoperative Paediatric Sterilisation Service,False,6,16050,96300,base=16050; quantity=6<=cap=8
INV-H4-000025,H4-L00025-02,Intensive Rheumatologic Radiotherapy Fraction,False,7,23425,163975,base=23425; no identified exclusion trigger
INV-H4-000025,H4-L00025-03,Intensive Geriatric Case Conference,False,3,10475,31425,base=10475; quantity=3<=cap=8
INV-H4-000025,H4-L00025-04,Ambulatory Gastrointestinal Nutritional Support,False,39,4801,187239,base=4175; premium=15%
INV-H4-000025,H4-L00025-05,Outpatient Geriatric Diagnostic Imaging,False,1,190450,190450,base=190450
INV-H4-000025,H4-L00025-06,Assisted Obstetric Specimen Analysis,False,6,10100,60600,base=10100
INV-H4-000026,H4-L00026-01,Advanced Orthopaedic Ward Bed Occupancy,False,3,97925,293775,base=97925; quantity=3<=cap=12
INV-H4-000026,H4-L00026-02,Continuous Psychiatric Rehabilitation Programme,False,4,34900,139600,base=34900
INV-H4-000026,H4-L00026-03,Assisted Obstetric Specimen Analysis,False,7,10100,70700,base=10100
INV-H4-000026,H4-L00026-04,Extended Obstetric Case Conference,False,3,41425,124275,base=41425
INV-H4-000026,H4-L00026-05,Standard Hepatic Infusion Therapy,False,32,4571,146272,base=3975; premium=15%
INV-H4-000026,H4-L00026-06,Intensive Vascular Sterilisation Service,False,4,25350,101400,base=25350
INV-H4-000026,H4-L00026-07,Emergency Rheumatologic Rehabilitation Programme,False,6,62000,372000,base=62000
INV-H4-000026,H4-L00026-08,Intermittent Rheumatologic Dialysis Session,False,2,111675,223350,base=126900; bundle=111675
INV-H4-000026,H4-L00026-09,Elective Obstetric Transfusion Service,False,31,1250,38750,base=1425; bundle=1250
INV-H4-000026,H4-L00026-10,Postoperative Geriatric Case Conference,False,7,4275,29925,base=4275
INV-H4-000026,H4-L00026-11,Extended Hepatic Discharge Planning,False,21,7950,166950,base=7950
INV-H4-000026,H4-L00026-12,Specialist Cardiac Ventilation Support,False,15,18125,271875,base=18125; no identified exclusion trigger
INV-H4-000026,H4-L00026-13,Extended Renal Ward Bed Occupancy,False,4,174050,696200,base=174050
INV-H4-000026,H4-L00026-14,Supervised Pulmonary Anaesthesia Administration,False,11,13500,148500,base=13500
INV-H4-000026,H4-L00026-15,Postoperative Oncology Diagnostic Imaging,False,2,23250,46500,base=23250; quantity=2<=cap=12
INV-H4-000026,H4-L00026-16,Specialist Hepatic Discharge Planning,False,1,41175,41175,base=41175
INV-H4-000026,H4-L00026-17,Extended Rheumatologic Nursing Observation,False,2,87375,174750,base=87375
INV-H4-000028,H4-L00028-01,Postoperative Rheumatologic Nursing Observation,False,3,46425,139275,base=46425; quantity=3<=cap=6
INV-H4-000028,H4-L00028-02,Ambulatory Cardiac Ward Bed Occupancy,False,1,46350,46350,base=46350; quantity=1<=cap=4
INV-H4-000028,H4-L00028-03,Comprehensive Urologic Imaging Interpretation,False,6,23075,138450,base=23075
INV-H4-000028,H4-L00028-04,Focused Vascular Transport Service,False,5,24450,122250,base=24450; no identified exclusion trigger
INV-H4-000028,H4-L00028-05,Postoperative Oncology Diagnostic Imaging,False,11,23250,255750,base=23250; quantity=11<=cap=12
INV-H4-000028,H4-L00028-06,Outpatient Urologic Endoscopic Procedure,False,1,372925,372925,base=372925
INV-H4-000028,H4-L00028-07,Ambulatory Paediatric Critical Care Occupancy,False,13,4750,61750,base=4750
INV-H4-000030,H4-L00030-01,Intermittent Renal Anaesthesia Administration,True,19,6600,125400,base=6600
INV-H4-000030,H4-L00030-02,Advanced Paediatric Theatre Time,False,21,37100,779100,base=37100; no identified exclusion trigger
INV-H4-000030,H4-L00030-03,Preoperative Musculoskeletal Recovery Room Occupancy,False,3,162775,488325,base=162775
INV-H4-000030,H4-L00030-04,Intermittent Psychiatric Rehabilitation Programme,False,1,32275,32275,base=32275
INV-H4-000030,H4-L00030-05,Inpatient Orthopaedic Anaesthesia Administration,False,2,145950,291900,base=145950; quantity=2<=cap=8
INV-H4-000030,H4-L00030-06,Extended Obstetric Case Conference,False,2,41425,82850,base=41425
INV-H4-000030,H4-L00030-07,Outpatient Cardiac Physiotherapy Session,False,2,27300,54600,base=27300
INV-H4-000038,H4-L00038-01,Supervised Gastrointestinal Nursing Observation,False,5,156825,784125,base=156825; no identified exclusion trigger
INV-H4-000038,H4-L00038-02,Outpatient Geriatric Diagnostic Imaging,False,2,190450,380900,base=190450
INV-H4-000038,H4-L00038-03,Bedside Gastrointestinal Biopsy Procedure,False,7,11075,77525,base=11075; quantity=7<=cap=8
INV-H4-000038,H4-L00038-04,Ambulatory Rheumatologic Rehabilitation Programme,False,2,28750,57500,base=38325; bundle=28750
INV-H4-000038,H4-L00038-05,Ambulatory Paediatric Critical Care Occupancy,False,23,3550,81650,base=4750; bundle=3550
INV-H4-000038,H4-L00038-06,Postoperative Cardiac Wound Care,False,5,17325,86625,base=17325; no identified exclusion trigger
INV-H4-000038,H4-L00038-07,Elective Obstetric Transfusion Service,False,6,1425,8550,base=1425
INV-H4-000038,H4-L00038-08,Assisted Renal Nutritional Support,False,2,3575,7150,base=3575
INV-H4-000038,H4-L00038-09,Ambulatory Paediatric Critical Care Occupancy,False,8,4750,38000,base=4750
INV-H4-000038,H4-L00038-10,Intensive Rheumatologic Radiotherapy Fraction,False,9,23425,210825,base=23425; no identified exclusion trigger
INV-H4-000038,H4-L00038-11,Intermittent Oncology Home Visit,False,3,22050,66150,base=22050
INV-H4-000038,H4-L00038-12,Preoperative Oncology Diagnostic Imaging,False,1,102650,102650,base=102650; quantity=1<=cap=8
INV-H4-000038,H4-L00038-13,Preoperative Geriatric Diagnostic Imaging,False,7,19550,136850,base=19550
INV-H4-000038,H4-L00038-14,Postoperative Paediatric Sterilisation Service,False,2,16050,32100,base=16050; quantity=2<=cap=8
INV-H4-000038,H4-L00038-15,Preoperative Oncology Diagnostic Imaging,False,2,102650,205300,base=102650; quantity=2<=cap=8
INV-H4-000039,H4-L00039-01,Ambulatory Gastrointestinal Nutritional Support,False,6,4175,25050,base=4175
INV-H4-000039,H4-L00039-02,Standard Vascular Home Visit,False,3,26200,78600,base=26200
INV-H4-000039,H4-L00039-03,Standard Oncology Ward Bed Occupancy,False,6,57950,347700,"base=57950; prior=[4,119],discount=0%"
INV-H4-000039,H4-L00039-04,Inpatient Orthopaedic Anaesthesia Administration,False,2,145950,291900,base=145950; quantity=2<=cap=8
INV-H4-000039,H4-L00039-05,Preoperative Geriatric Diagnostic Imaging,False,5,19550,97750,base=19550
INV-H4-000039,H4-L00039-06,Supervised Gastrointestinal Nursing Observation,False,4,156825,627300,base=156825; no identified exclusion trigger
INV-H4-000039,H4-L00039-07,Advanced Paediatric Theatre Time,False,21,37100,779100,base=37100; no identified exclusion trigger
INV-H4-000039,H4-L00039-08,Specialist Cardiac Ventilation Support,False,2,18125,36250,base=18125; no identified exclusion trigger
INV-H4-000039,H4-L00039-09,Intensive Urologic Specimen Analysis,False,12,19675,236100,base=19675; quantity=12<=cap=24
INV-H4-000039,H4-L00039-10,Bedside Obstetric Imaging Interpretation,False,2,365675,731350,base=365675
INV-H4-000039,H4-L00039-11,Outpatient Cardiac Physiotherapy Session,False,2,27300,54600,base=27300
INV-H4-000039,H4-L00039-12,Ambulatory Gastrointestinal Nutritional Support,False,2,4175,8350,base=4175
INV-H4-000039,H4-L00039-13,Extended Hepatic Transfusion Service,False,7,8450,59150,base=8450; quantity=7<=cap=8
INV-H4-000039,H4-L00039-14,Specialist Hepatic Discharge Planning,False,2,41175,82350,base=41175
INV-H4-000039,H4-L00039-15,Supervised Pulmonary Anaesthesia Administration,False,14,13500,189000,base=13500
INV-H4-000039,H4-L00039-16,Assisted Obstetric Specimen Analysis,False,5,10100,50500,base=10100
INV-H4-000041,H4-L00041-01,Postoperative Geriatric Imaging Interpretation,False,8,43925,351400,base=43925
INV-H4-000041,H4-L00041-02,Supervised Pulmonary Home Visit,False,2,28675,57350,base=28675
INV-H4-000041,H4-L00041-03,Standard Ophthalmic Laboratory Panel,False,6,17925,107550,base=17925; no identified exclusion trigger
INV-H4-000041,H4-L00041-04,Advanced Vascular Endoscopic Procedure,False,2,321775,643550,base=321775
INV-H4-000041,H4-L00041-05,Outpatient Urologic Endoscopic Procedure,False,2,372925,745850,base=372925
INV-H4-000041,H4-L00041-06,Assisted Paediatric Physiotherapy Session,False,14,3150,44100,base=3150
INV-H4-000041,H4-L00041-07,Continuous Gastrointestinal Transfusion Service,False,1,308100,308100,base=308100; no identified exclusion trigger
INV-H4-000041,H4-L00041-08,Assisted Obstetric Specimen Analysis,False,1,10100,10100,base=10100
INV-H4-000043,H4-L00043-01,Intensive Urologic Specimen Analysis,False,9,19675,177075,base=19675; quantity=9<=cap=24
INV-H4-000043,H4-L00043-02,Specialist Hepatic Discharge Planning,False,1,41175,41175,base=41175
INV-H4-000043,H4-L00043-03,Extended Hepatic Discharge Planning,False,13,7950,103350,base=7950
INV-H4-000043,H4-L00043-04,Intensive Urologic Specimen Analysis,False,6,19675,118050,base=19675; quantity=6<=cap=24
INV-H4-000043,H4-L00043-05,Specialist Hepatic Discharge Planning,False,3,41175,123525,base=41175
INV-H4-000043,H4-L00043-06,Elective Neurological Ward Bed Occupancy,False,3,170125,510375,base=170125
INV-H4-000043,H4-L00043-07,Emergency Metabolic Radiotherapy Fraction,False,2,364925,729850,base=364925
INV-H4-000045,H4-L00045-01,Assisted Gastrointestinal Anaesthesia Administration,False,14,3050,42700,base=3050; quantity=14<=cap=24
INV-H4-000045,H4-L00045-02,Preoperative Musculoskeletal Recovery Room Occupancy,False,1,162775,162775,base=162775
INV-H4-000045,H4-L00045-03,Extended Hepatic Transfusion Service,False,7,8450,59150,base=8450; quantity=7<=cap=8
INV-H4-000045,H4-L00045-04,Supervised Pulmonary Anaesthesia Administration,False,4,13500,54000,base=13500
INV-H4-000045,H4-L00045-05,Extended Urologic Telemetry Monitoring,False,3,144825,434475,base=144825; quantity=3<=cap=12
INV-H4-000045,H4-L00045-06,Continuous Psychiatric Rehabilitation Programme,False,6,34900,209400,base=34900
INV-H4-000045,H4-L00045-07,Specialist Cardiac Ventilation Support,False,5,18125,90625,base=18125; no identified exclusion trigger
INV-H4-000045,H4-L00045-08,Comprehensive Neurological Endoscopic Procedure,False,2,309275,618550,base=309275
INV-H4-000045,H4-L00045-09,Intensive Geriatric Case Conference,False,1,10475,10475,base=10475; quantity=1<=cap=8
INV-H4-000045,H4-L00045-10,Bedside Obstetric Imaging Interpretation,False,1,365675,365675,base=365675
INV-H4-000045,H4-L00045-11,Ambulatory Paediatric Critical Care Occupancy,False,9,4750,42750,base=4750
INV-H4-000045,H4-L00045-12,Assisted Gastrointestinal Anaesthesia Administration,False,20,3050,61000,base=3050; quantity=20<=cap=24
INV-H4-000046,H4-L00046-01,Ambulatory Musculoskeletal Specimen Analysis,False,4,9550,38200,base=9550
INV-H4-000046,H4-L00046-02,Ambulatory Haematology Transfusion Service,False,1,402275,402275,base=402275; no identified exclusion trigger
INV-H4-000046,H4-L00046-03,Extended Urologic Telemetry Monitoring,False,5,144825,724125,base=144825; quantity=5<=cap=12
INV-H4-000046,H4-L00046-04,Assisted Cardiac Ventilation Support,False,4,155700,622800,base=155700
INV-H4-000046,H4-L00046-05,Postoperative Paediatric Imaging Interpretation,False,1,88600,88600,base=88600; no identified exclusion trigger
INV-H4-000046,H4-L00046-06,Ambulatory Paediatric Critical Care Occupancy,False,12,3550,42600,base=4750; bundle=3550
INV-H4-000046,H4-L00046-07,Ambulatory Rheumatologic Rehabilitation Programme,False,3,28750,86250,base=38325; bundle=28750
INV-H4-000046,H4-L00046-08,Outpatient Orthopaedic Recovery Room Occupancy,False,17,11025,187425,base=11025
INV-H4-000055,H4-L00055-01,Postoperative Geriatric Imaging Interpretation,False,4,43925,175700,base=43925
INV-H4-000055,H4-L00055-02,Postoperative Rheumatologic Nursing Observation,False,3,46425,139275,base=46425; quantity=3<=cap=6
INV-H4-000055,H4-L00055-03,Outpatient Orthopaedic Recovery Room Occupancy,False,13,9375,121875,base=11025; bundle=9375
INV-H4-000055,H4-L00055-04,Assisted Paediatric Physiotherapy Session,False,24,2675,64200,base=3150; bundle=2675
INV-H4-000055,H4-L00055-05,Specialist Cardiac Ventilation Support,False,10,18125,181250,base=18125; no identified exclusion trigger
INV-H4-000055,H4-L00055-06,Postoperative Rheumatologic Nursing Observation,False,1,46425,46425,base=46425; quantity=1<=cap=6
INV-H4-000055,H4-L00055-07,Focused Vascular Transport Service,False,8,24450,195600,base=24450; no identified exclusion trigger
INV-H4-000055,H4-L00055-08,Extended Psychiatric Endoscopic Procedure,False,2,325800,651600,base=325800
INV-H4-000055,H4-L00055-09,Elective Neurological Ward Bed Occupancy,False,2,170125,340250,base=170125
INV-H4-000055,H4-L00055-10,Continuous Gastrointestinal Transfusion Service,False,1,308100,308100,base=308100; no identified exclusion trigger
INV-H4-000055,H4-L00055-11,Postoperative Otolaryngologic Telemetry Monitoring,False,12,10000,120000,base=10000; quantity=12<=cap=24
INV-H4-000055,H4-L00055-12,Extended Hepatic Discharge Planning,False,17,7950,135150,base=7950
INV-H4-000055,H4-L00055-13,Bedside Gastrointestinal Biopsy Procedure,False,1,11075,11075,base=11075; quantity=1<=cap=8
INV-H4-000055,H4-L00055-14,Intensive Geriatric Case Conference,False,3,10475,31425,base=10475; quantity=3<=cap=8
INV-H4-000055,H4-L00055-15,Advanced Orthopaedic Ward Bed Occupancy,False,4,97925,391700,base=97925; quantity=4<=cap=12
INV-H4-000055,H4-L00055-16,Postoperative Oncology Diagnostic Imaging,False,12,23250,279000,base=23250; quantity=12<=cap=12
INV-H4-000055,H4-L00055-17,Comprehensive Ophthalmic Laboratory Panel,False,4,58525,234100,base=58525; no identified exclusion trigger
INV-H4-000059,H4-L00059-01,Assisted Urologic Nursing Observation,False,3,132675,398025,base=132675; quantity=3<=cap=4
INV-H4-000059,H4-L00059-02,Postoperative Oncology Diagnostic Imaging,False,9,23250,209250,base=23250; quantity=9<=cap=12
INV-H4-000059,H4-L00059-03,Standard Vascular Home Visit,False,3,26200,78600,base=26200
INV-H4-000059,H4-L00059-04,Preoperative Geriatric Diagnostic Imaging,False,5,19550,97750,base=19550
INV-H4-000059,H4-L00059-05,Inpatient Psychiatric Home Visit,False,2,19275,38550,base=19275; no identified exclusion trigger
INV-H4-000065,H4-L00065-01,Intermittent Rheumatologic Dialysis Session,False,1,111675,111675,base=126900; bundle=111675
INV-H4-000065,H4-L00065-02,Elective Obstetric Transfusion Service,False,38,1250,47500,base=1425; bundle=1250
INV-H4-000065,H4-L00065-03,Extended Hepatic Transfusion Service,False,1,8450,8450,base=8450; quantity=1<=cap=8
INV-H4-000065,H4-L00065-04,Extended Hepatic Discharge Planning,False,15,7950,119250,base=7950
INV-H4-000065,H4-L00065-05,Continuous Infectious Critical Care Occupancy,False,13,19495,253435,base=13925; premium=40%
INV-H4-000068,H4-L00068-01,Specialist Hepatic Discharge Planning,False,1,41175,41175,base=41175
INV-H4-000068,H4-L00068-02,Ambulatory Gastrointestinal Nutritional Support,False,9,4175,37575,base=4175
INV-H4-000068,H4-L00068-03,Intensive Geriatric Case Conference,False,2,10475,20950,base=10475; quantity=2<=cap=8
INV-H4-000068,H4-L00068-04,Continuous Infectious Critical Care Occupancy,False,21,19495,409395,base=13925; premium=40%
INV-H4-000068,H4-L00068-05,Bedside Obstetric Imaging Interpretation,False,1,365675,365675,base=365675
INV-H4-000068,H4-L00068-06,Inpatient Psychiatric Home Visit,False,3,19275,57825,base=19275; no identified exclusion trigger
INV-H4-000068,H4-L00068-07,Outpatient Cardiac Physiotherapy Session,False,3,27300,81900,base=27300
INV-H4-000068,H4-L00068-08,Comprehensive Urologic Imaging Interpretation,False,1,23075,23075,base=23075
INV-H4-000068,H4-L00068-09,Supervised Pulmonary Anaesthesia Administration,False,12,13500,162000,base=13500
INV-H4-000068,H4-L00068-10,Intensive Vascular Sterilisation Service,False,9,25350,228150,base=25350
INV-H4-000068,H4-L00068-11,Outpatient Cardiac Physiotherapy Session,False,2,27300,54600,base=27300
INV-H4-000072,H4-L00072-01,Extended Hepatic Transfusion Service,False,2,8450,16900,base=8450; quantity=2<=cap=8
INV-H4-000072,H4-L00072-02,Supervised Immunologic Ward Bed Occupancy,False,4,194400,777600,base=194400
INV-H4-000072,H4-L00072-03,Supervised Gastrointestinal Nursing Observation,False,3,156825,470475,base=156825; no identified exclusion trigger
INV-H4-000072,H4-L00072-04,Ambulatory Immunologic Ward Bed Occupancy,False,3,74700,224100,base=74700; quantity=3<=cap=4
INV-H4-000072,H4-L00072-05,Outpatient Cardiac Physiotherapy Session,False,3,27300,81900,base=27300
INV-H4-000072,H4-L00072-06,Extended Hepatic Discharge Planning,False,1,7950,7950,base=7950
INV-H4-000072,H4-L00072-07,Advanced Paediatric Theatre Time,False,4,37100,148400,base=37100; no identified exclusion trigger
INV-H4-000072,H4-L00072-08,Preoperative Oncology Diagnostic Imaging,False,2,102650,205300,base=102650; quantity=2<=cap=8
INV-H4-000085,H4-L00085-01,Postoperative Otolaryngologic Telemetry Monitoring,False,18,10000,180000,base=10000; quantity=18<=cap=24
INV-H4-000085,H4-L00085-02,Elective Obstetric Transfusion Service,False,19,1250,23750,base=1425; bundle=1250
INV-H4-000085,H4-L00085-03,Intermittent Rheumatologic Dialysis Session,False,2,111675,223350,base=126900; bundle=111675
INV-H4-000085,H4-L00085-04,Extended Urologic Telemetry Monitoring,False,2,144825,289650,base=144825; quantity=2<=cap=12
INV-H4-000085,H4-L00085-05,Assisted Renal Nutritional Support,False,4,3575,14300,base=3575
INV-H4-000085,H4-L00085-06,Assisted Paediatric Physiotherapy Session,False,17,3150,53550,base=3150
INV-H4-000085,H4-L00085-07,Elective Ophthalmic Radiotherapy Fraction,False,1,373600,373600,base=373600
INV-H4-000085,H4-L00085-08,Outpatient Rheumatologic Anaesthesia Administration,False,23,20875,480125,base=20875
INV-H4-000085,H4-L00085-09,Comprehensive Neurological Endoscopic Procedure,False,1,309275,309275,base=309275
INV-H4-000085,H4-L00085-10,Assisted Urologic Nursing Observation,False,2,132675,265350,base=132675; quantity=2<=cap=4
INV-H4-000085,H4-L00085-11,Continuous Infectious Critical Care Occupancy,False,1,13925,13925,base=13925
INV-H4-000085,H4-L00085-12,Supervised Immunologic Ward Bed Occupancy,False,1,194400,194400,base=194400
INV-H4-000085,H4-L00085-13,Emergency Metabolic Radiotherapy Fraction,False,2,364925,729850,base=364925
INV-H4-000089,H4-L00089-01,Advanced Orthopaedic Ward Bed Occupancy,False,3,97925,293775,base=97925; quantity=3<=cap=12
INV-H4-000089,H4-L00089-02,Preoperative Haematology Imaging Interpretation,False,3,11375,34125,base=11375
INV-H4-000089,H4-L00089-03,Inpatient Psychiatric Home Visit,False,2,19275,38550,base=19275; no identified exclusion trigger
INV-H4-000089,H4-L00089-04,Assisted Paediatric Theatre Time,False,8,9275,74200,base=9275; no identified exclusion trigger
INV-H4-000089,H4-L00089-05,Standard Hepatic Infusion Therapy,False,39,4571,178269,base=3975; premium=15%
INV-H4-000089,H4-L00089-06,Continuous Psychiatric Rehabilitation Programme,False,1,28625,28625,base=34900; bundle=28625
INV-H4-000089,H4-L00089-07,Postoperative Palliative Recovery Room Occupancy,False,1,70975,70975,base=86550; bundle=70975
INV-H4-000089,H4-L00089-08,Intensive Vascular Sterilisation Service,False,7,25350,177450,base=25350
INV-H4-000089,H4-L00089-09,Intensive Vascular Sterilisation Service,False,4,25350,101400,base=25350
INV-H4-000089,H4-L00089-10,Postoperative Geriatric Imaging Interpretation,False,3,43925,131775,base=43925
INV-H4-000089,H4-L00089-11,Ambulatory Immunologic Ward Bed Occupancy,False,2,74700,149400,base=74700; quantity=2<=cap=4
INV-H4-000089,H4-L00089-12,Outpatient Geriatric Diagnostic Imaging,False,1,190450,190450,base=190450
INV-H4-000089,H4-L00089-13,Outpatient Urologic Theatre Time,False,11,7650,84150,base=7650
INV-H4-000089,H4-L00089-14,Intensive Paediatric Consultation,False,1,39175,39175,base=39175
INV-H4-000102,H4-L00102-01,Intermittent Renal Anaesthesia Administration,True,10,6600,66000,base=6600
INV-H4-000102,H4-L00102-02,Specialist Cardiac Ventilation Support,False,18,18125,326250,base=18125; no identified exclusion trigger
INV-H4-000102,H4-L00102-03,Supervised Immunologic Ward Bed Occupancy,False,6,194400,1166400,base=194400
INV-H4-000102,H4-L00102-04,Comprehensive Urologic Imaging Interpretation,False,3,23075,69225,base=23075
INV-H4-000102,H4-L00102-05,Postoperative Paediatric Sterilisation Service,False,3,16050,48150,base=16050; quantity=3<=cap=8
INV-H4-000102,H4-L00102-06,Postoperative Geriatric Case Conference,False,5,4275,21375,base=4275
INV-H4-000102,H4-L00102-07,Postoperative Palliative Recovery Room Occupancy,False,3,70975,212925,base=86550; bundle=70975
INV-H4-000102,H4-L00102-08,Continuous Psychiatric Rehabilitation Programme,False,2,28625,57250,base=34900; bundle=28625
INV-H4-000106,H4-L00106-01,Routine Cardiac Home Visit,False,3,16200,48600,base=16200
INV-H4-000106,H4-L00106-02,Extended Obstetric Case Conference,False,3,41425,124275,base=41425
INV-H4-000106,H4-L00106-03,Ambulatory Immunologic Ward Bed Occupancy,False,2,74700,149400,base=74700; quantity=2<=cap=4
INV-H4-000106,H4-L00106-04,Extended Hepatic Transfusion Service,False,2,8450,16900,base=8450; quantity=2<=cap=8
INV-H4-000106,H4-L00106-05,Bedside Gastrointestinal Biopsy Procedure,False,6,11075,66450,base=11075; quantity=6<=cap=8
INV-H4-000106,H4-L00106-06,Elective Ophthalmic Radiotherapy Fraction,False,2,373600,747200,base=373600
INV-H4-000106,H4-L00106-07,Postoperative Paediatric Imaging Interpretation,False,1,88600,88600,base=88600; no identified exclusion trigger
INV-H4-000117,H4-L00117-01,Standard Hepatic Infusion Therapy,False,22,4571,100562,base=3975; premium=15%
INV-H4-000117,H4-L00117-02,Ambulatory Musculoskeletal Specimen Analysis,False,6,9550,57300,base=9550
INV-H4-000117,H4-L00117-03,Supervised Vascular Radiotherapy Fraction,False,11,18199,200189,base=15825; premium=15%
INV-H4-000117,H4-L00117-04,Continuous Psychiatric Rehabilitation Programme,False,3,34900,104700,base=34900
INV-H4-000117,H4-L00117-05,Supervised Rheumatologic Dialysis Session,False,3,17375,52125,base=17375
INV-H4-000117,H4-L00117-06,Emergency Rheumatologic Rehabilitation Programme,False,5,62000,310000,base=62000
INV-H4-000117,H4-L00117-07,Postoperative Paediatric Imaging Interpretation,False,2,88600,177200,base=88600; no identified exclusion trigger
INV-H4-000121,H4-L00121-01,Assisted Paediatric Theatre Time,False,21,9275,194775,base=9275; no identified exclusion trigger
INV-H4-000121,H4-L00121-02,Extended Urologic Telemetry Monitoring,False,6,144825,868950,base=144825; quantity=6<=cap=12
INV-H4-000121,H4-L00121-03,Specialist Hepatic Discharge Planning,False,2,41175,82350,base=41175
INV-H4-000121,H4-L00121-04,Outpatient Geriatric Diagnostic Imaging,False,1,190450,190450,base=190450
INV-H4-000121,H4-L00121-05,Intensive Geriatric Case Conference,False,3,10475,31425,base=10475; quantity=3<=cap=8
INV-H4-000121,H4-L00121-06,Emergency Metabolic Radiotherapy Fraction,False,1,364925,364925,base=364925
INV-H4-000122,H4-L00122-01,Postoperative Paediatric Sterilisation Service,False,8,16050,128400,base=16050; quantity=8<=cap=8
INV-H4-000122,H4-L00122-02,Intensive Paediatric Consultation,False,1,39175,39175,base=39175
INV-H4-000122,H4-L00122-03,Advanced Paediatric Theatre Time,False,19,37100,704900,base=37100; no identified exclusion trigger
INV-H4-000122,H4-L00122-04,Assisted Paediatric Theatre Time,False,12,9275,111300,base=9275; no identified exclusion trigger
INV-H4-000122,H4-L00122-05,Ambulatory Musculoskeletal Specimen Analysis,False,2,9550,19100,base=9550
INV-H4-000122,H4-L00122-06,Extended Hepatic Transfusion Service,False,4,8450,33800,base=8450; quantity=4<=cap=8
INV-H4-000122,H4-L00122-07,Elective Neurological Ward Bed Occupancy,False,6,170125,1020750,base=170125
INV-H4-000122,H4-L00122-08,Intensive Vascular Sterilisation Service,False,5,25350,126750,base=25350
INV-H4-000126,H4-L00126-01,Postoperative Geriatric Imaging Interpretation,False,3,43925,131775,base=43925
INV-H4-000126,H4-L00126-02,Intensive Paediatric Consultation,False,3,39175,117525,base=39175
INV-H4-000126,H4-L00126-03,Postoperative Otolaryngologic Telemetry Monitoring,False,8,10000,80000,base=10000; quantity=8<=cap=24
INV-H4-000126,H4-L00126-04,Assisted Cardiac Ventilation Support,False,2,155700,311400,base=155700
INV-H4-000126,H4-L00126-05,Focused Vascular Transport Service,False,12,24450,293400,base=24450; no identified exclusion trigger
INV-H4-000126,H4-L00126-06,Focused Urologic Case Conference,False,6,20200,121200,base=20200; no identified exclusion trigger
INV-H4-000126,H4-L00126-07,Ambulatory Musculoskeletal Specimen Analysis,False,8,9550,76400,base=9550
INV-H4-000126,H4-L00126-08,Ambulatory Gastrointestinal Nutritional Support,False,16,4175,66800,base=4175
INV-H4-000128,H4-L00128-01,Standard Paediatric Dialysis Session,False,2,368050,736100,base=368050
INV-H4-000128,H4-L00128-02,Preoperative Haematology Imaging Interpretation,False,2,11375,22750,base=11375
INV-H4-000128,H4-L00128-03,Continuous Psychiatric Rehabilitation Programme,False,6,34900,209400,base=34900
INV-H4-000128,H4-L00128-04,Postoperative Cardiac Wound Care,False,5,17325,86625,base=17325; no identified exclusion trigger
INV-H4-000128,H4-L00128-05,Emergency Metabolic Radiotherapy Fraction,False,2,364925,729850,base=364925
INV-H4-000128,H4-L00128-06,Assisted Paediatric Physiotherapy Session,False,11,2675,29425,base=3150; bundle=2675
INV-H4-000128,H4-L00128-07,Outpatient Orthopaedic Recovery Room Occupancy,False,1,9375,9375,base=11025; bundle=9375
INV-H4-000128,H4-L00128-08,Postoperative Geriatric Case Conference,False,24,4275,102600,base=4275
INV-H4-000128,H4-L00128-09,Outpatient Rheumatologic Anaesthesia Administration,False,9,20875,187875,base=20875
INV-H4-000128,H4-L00128-10,Comprehensive Neurological Endoscopic Procedure,False,1,309275,309275,base=309275
INV-H4-000128,H4-L00128-11,Supervised Rheumatologic Dialysis Session,False,3,17375,52125,base=17375
INV-H4-000128,H4-L00128-12,Intermittent Psychiatric Rehabilitation Programme,False,1,32275,32275,base=32275
INV-H4-000128,H4-L00128-13,Continuous Infectious Critical Care Occupancy,False,19,19495,370405,base=13925; premium=40%
INV-H4-000132,H4-L00132-01,Standard Hepatic Infusion Therapy,False,34,4571,155414,base=3975; premium=15%
INV-H4-000132,H4-L00132-02,Ambulatory Gastrointestinal Nutritional Support,False,33,4801,158433,base=4175; premium=15%
INV-H4-000132,H4-L00132-03,Supervised Rheumatologic Dialysis Session,False,1,17375,17375,base=17375
INV-H4-000132,H4-L00132-04,Intermittent Neurological Laboratory Panel,False,4,10175,40700,base=10175; no identified exclusion trigger
INV-H4-000132,H4-L00132-05,Intensive Rheumatologic Radiotherapy Fraction,False,12,23425,281100,base=23425; no identified exclusion trigger
INV-H4-000132,H4-L00132-06,Ambulatory Immunologic Ward Bed Occupancy,False,1,74700,74700,base=74700; quantity=1<=cap=4
INV-H4-000132,H4-L00132-07,Extended Hepatic Discharge Planning,False,17,7950,135150,base=7950
INV-H4-000132,H4-L00132-08,Preoperative Musculoskeletal Recovery Room Occupancy,False,3,162775,488325,base=162775
INV-H4-000132,H4-L00132-09,Elective Obstetric Transfusion Service,False,20,1250,25000,base=1425; bundle=1250
INV-H4-000132,H4-L00132-10,Intermittent Rheumatologic Dialysis Session,False,1,111675,111675,base=126900; bundle=111675
INV-H4-000132,H4-L00132-11,Elective Neurological Ward Bed Occupancy,False,4,170125,680500,base=170125
INV-H4-000133,H4-L00133-01,Advanced Oncology Ward Bed Occupancy,False,6,68700,412200,base=68700
INV-H4-000133,H4-L00133-02,Extended Hepatic Transfusion Service,False,7,8450,59150,base=8450; quantity=7<=cap=8
INV-H4-000133,H4-L00133-03,Standard Ophthalmic Laboratory Panel,False,5,17925,89625,base=17925; no identified exclusion trigger
INV-H4-000133,H4-L00133-04,Extended Urologic Telemetry Monitoring,False,5,144825,724125,base=144825; quantity=5<=cap=12
INV-H4-000133,H4-L00133-05,Intensive Rheumatologic Radiotherapy Fraction,False,10,23425,234250,base=23425; no identified exclusion trigger
INV-H4-000133,H4-L00133-06,Inpatient Orthopaedic Anaesthesia Administration,False,1,145950,145950,base=145950; quantity=1<=cap=8
INV-H4-000137,H4-L00137-01,Extended Obstetric Case Conference,False,1,35200,35200,base=41425; bundle=35200
INV-H4-000137,H4-L00137-02,Emergency Cardiac Physiotherapy Session,False,22,8400,184800,base=9875; bundle=8400
INV-H4-000137,H4-L00137-03,Comprehensive Urologic Imaging Interpretation,False,1,23075,23075,base=23075
INV-H4-000137,H4-L00137-04,Bedside Gastrointestinal Biopsy Procedure,False,5,11075,55375,base=11075; quantity=5<=cap=8
INV-H4-000137,H4-L00137-05,Extended Psychiatric Endoscopic Procedure,False,2,325800,651600,base=325800
INV-H4-000137,H4-L00137-06,Emergency Cardiac Physiotherapy Session,False,15,8400,126000,base=9875; bundle=8400
INV-H4-000137,H4-L00137-07,Extended Obstetric Case Conference,False,1,35200,35200,base=41425; bundle=35200
INV-H4-000137,H4-L00137-08,Routine Cardiac Home Visit,False,1,16200,16200,base=16200
INV-H4-000137,H4-L00137-09,Assisted Gastrointestinal Anaesthesia Administration,False,19,3050,57950,base=3050; quantity=19<=cap=24
INV-H4-000140,H4-L00140-01,Elective Ophthalmic Radiotherapy Fraction,False,2,373600,747200,base=373600
INV-H4-000140,H4-L00140-02,Intensive Vascular Sterilisation Service,False,8,25350,202800,base=25350
INV-H4-000140,H4-L00140-03,Standard Hepatic Infusion Therapy,False,17,4571,77707,base=3975; premium=15%
INV-H4-000140,H4-L00140-04,Postoperative Geriatric Imaging Interpretation,False,1,43925,43925,base=43925
INV-H4-000140,H4-L00140-05,Supervised Gastrointestinal Nursing Observation,False,6,156825,940950,base=156825; no identified exclusion trigger
INV-H4-000140,H4-L00140-06,Extended Hepatic Transfusion Service,False,3,8450,25350,base=8450; quantity=3<=cap=8
INV-H4-000140,H4-L00140-07,Intermittent Oncology Home Visit,False,3,22050,66150,base=22050
INV-H4-000145,H4-L00145-01,Ambulatory Paediatric Critical Care Occupancy,False,4,3550,14200,base=4750; bundle=3550
INV-H4-000145,H4-L00145-02,Ambulatory Rheumatologic Rehabilitation Programme,False,2,28750,57500,base=38325; bundle=28750
INV-H4-000145,H4-L00145-03,Advanced Oncology Ward Bed Occupancy,False,4,68700,274800,base=68700
INV-H4-000145,H4-L00145-04,Assisted Paediatric Physiotherapy Session,False,13,3150,40950,base=3150
INV-H4-000145,H4-L00145-05,Elective Gastrointestinal Nursing Observation,False,3,58925,176775,base=58925; quantity=3<=cap=6
INV-H4-000145,H4-L00145-06,Assisted Urologic Nursing Observation,False,2,132675,265350,base=132675; quantity=2<=cap=4
INV-H4-000145,H4-L00145-07,Ambulatory Immunologic Ward Bed Occupancy,False,4,74700,298800,base=74700; quantity=4<=cap=4
INV-H4-000145,H4-L00145-08,Outpatient Geriatric Diagnostic Imaging,False,1,190450,190450,base=190450
INV-H4-000145,H4-L00145-09,Advanced Vascular Endoscopic Procedure,False,1,321775,321775,base=321775
INV-H4-000145,H4-L00145-10,Outpatient Geriatric Diagnostic Imaging,False,1,190450,190450,base=190450
INV-H4-000145,H4-L00145-11,Extended Psychiatric Endoscopic Procedure,False,1,325800,325800,base=325800
INV-H4-000145,H4-L00145-12,Extended Urologic Telemetry Monitoring,False,4,144825,579300,base=144825; quantity=4<=cap=12
INV-H4-000145,H4-L00145-13,Intensive Paediatric Consultation,False,2,39175,78350,base=39175
INV-H4-000145,H4-L00145-14,Preoperative Oncology Diagnostic Imaging,False,1,102650,102650,base=102650; quantity=1<=cap=8
INV-H4-000145,H4-L00145-15,Advanced Paediatric Theatre Time,False,18,37100,667800,base=37100; no identified exclusion trigger
INV-H4-000145,H4-L00145-16,Supervised Vascular Radiotherapy Fraction,False,1,15825,15825,base=15825
INV-H4-000147,H4-L00147-01,Preoperative Musculoskeletal Recovery Room Occupancy,False,3,162775,488325,base=162775
INV-H4-000147,H4-L00147-02,Extended Renal Ward Bed Occupancy,False,4,174050,696200,base=174050
INV-H4-000147,H4-L00147-03,Postoperative Oncology Diagnostic Imaging,False,10,23250,232500,base=23250; quantity=10<=cap=12
INV-H4-000147,H4-L00147-04,Extended Obstetric Case Conference,False,1,41425,41425,base=41425
INV-H4-000147,H4-L00147-05,Advanced Palliative Home Visit,False,2,11450,22900,base=11450
INV-H4-000147,H4-L00147-06,Ambulatory Haematology Transfusion Service,False,1,402275,402275,base=402275; no identified exclusion trigger
INV-H4-000147,H4-L00147-07,Intensive Rheumatologic Radiotherapy Fraction,False,7,23425,163975,base=23425; no identified exclusion trigger
INV-H4-000147,H4-L00147-08,Intensive Geriatric Case Conference,False,3,10475,31425,base=10475; quantity=3<=cap=8
INV-H4-000147,H4-L00147-09,Ambulatory Gastrointestinal Nutritional Support,False,17,4801,81617,base=4175; premium=15%
INV-H4-000147,H4-L00147-10,Postoperative Paediatric Sterilisation Service,False,3,16050,48150,base=16050; quantity=3<=cap=8
INV-H4-000147,H4-L00147-11,Bedside Cardiac Home Visit,False,3,64800,194400,base=64800
INV-H4-000147,H4-L00147-12,Preoperative Oncology Diagnostic Imaging,False,2,102650,205300,base=102650; quantity=2<=cap=8
INV-H4-000147,H4-L00147-13,Intensive Geriatric Case Conference,False,1,10475,10475,base=10475; quantity=1<=cap=8
INV-H4-000147,H4-L00147-14,Specialist Hepatic Discharge Planning,False,2,41175,82350,base=41175
INV-H4-000147,H4-L00147-15,Supervised Vascular Radiotherapy Fraction,False,10,15825,158250,base=15825
INV-H4-000147,H4-L00147-16,Extended Rheumatologic Nursing Observation,False,5,87375,436875,base=87375
INV-H4-000147,H4-L00147-17,Advanced Orthopaedic Ward Bed Occupancy,False,2,97925,195850,base=97925; quantity=2<=cap=12
INV-H4-000147,H4-L00147-18,Supervised Pulmonary Anaesthesia Administration,False,10,13500,135000,base=13500
INV-H4-000148,H4-L00148-01,Intensive Geriatric Case Conference,False,2,10475,20950,base=10475; quantity=2<=cap=8
INV-H4-000148,H4-L00148-02,Intensive Geriatric Case Conference,False,3,10475,31425,base=10475; quantity=3<=cap=8
INV-H4-000148,H4-L00148-03,Ambulatory Rheumatologic Rehabilitation Programme,False,3,38325,114975,base=38325
INV-H4-000148,H4-L00148-04,Inpatient Orthopaedic Anaesthesia Administration,False,1,145950,145950,base=145950; quantity=1<=cap=8
INV-H4-000148,H4-L00148-05,Focused Urologic Case Conference,False,24,20200,484800,base=20200; no identified exclusion trigger
INV-H4-000148,H4-L00148-06,Bedside Gastrointestinal Biopsy Procedure,False,4,11075,44300,base=11075; quantity=4<=cap=8
INV-H4-000148,H4-L00148-07,Emergency Metabolic Radiotherapy Fraction,False,1,364925,364925,base=364925
INV-H4-000152,H4-L00152-01,Standard Ophthalmic Laboratory Panel,False,12,17925,215100,base=17925; no identified exclusion trigger
INV-H4-000152,H4-L00152-02,Specialist Cardiac Ventilation Support,False,6,18125,108750,base=18125; no identified exclusion trigger
INV-H4-000152,H4-L00152-03,Specialist Immunologic Consultation,False,2,91600,183200,base=114500; bundle=91600
INV-H4-000152,H4-L00152-04,Supervised Rheumatologic Dialysis Session,False,3,13900,41700,base=17375; bundle=13900
INV-H4-000152,H4-L00152-05,Ambulatory Immunologic Ward Bed Occupancy,False,3,74700,224100,base=74700; quantity=3<=cap=4
INV-H4-000152,H4-L00152-06,Supervised Vascular Radiotherapy Fraction,False,11,18199,200189,base=15825; premium=15%
INV-H4-000152,H4-L00152-07,Ambulatory Immunologic Ward Bed Occupancy,False,2,74700,149400,base=74700; quantity=2<=cap=4
INV-H4-000152,H4-L00152-08,Comprehensive Urologic Imaging Interpretation,False,1,23075,23075,base=23075
INV-H4-000152,H4-L00152-09,Postoperative Geriatric Imaging Interpretation,False,8,43925,351400,base=43925
INV-H4-000152,H4-L00152-10,Outpatient Orthopaedic Recovery Room Occupancy,False,16,11025,176400,base=11025
INV-H4-000156,H4-L00156-01,Ambulatory Obstetric Case Conference,False,10,11875,118750,base=13975; bundle=11875
INV-H4-000156,H4-L00156-02,Focused Vascular Infusion Therapy,False,9,4900,44100,base=5775; bundle=4900
INV-H4-000156,H4-L00156-03,Ambulatory Immunologic Ward Bed Occupancy,False,4,74700,298800,base=74700; quantity=4<=cap=4
INV-H4-000156,H4-L00156-04,Extended Urologic Telemetry Monitoring,False,3,144825,434475,base=144825; quantity=3<=cap=12
INV-H4-000156,H4-L00156-05,Emergency Rheumatologic Rehabilitation Programme,False,1,62000,62000,base=62000
INV-H4-000156,H4-L00156-06,Advanced Vascular Endoscopic Procedure,False,1,321775,321775,base=321775
INV-H4-000156,H4-L00156-07,Continuous Psychiatric Rehabilitation Programme,False,5,28625,143125,base=34900; bundle=28625
INV-H4-000156,H4-L00156-08,Postoperative Palliative Recovery Room Occupancy,False,4,70975,283900,base=86550; bundle=70975
INV-H4-000160,H4-L00160-01,Focused Urologic Case Conference,False,1,20200,20200,base=20200; no identified exclusion trigger
INV-H4-000160,H4-L00160-02,Intensive Vascular Sterilisation Service,False,8,25350,202800,base=25350
INV-H4-000160,H4-L00160-03,Intermittent Oncology Home Visit,False,3,22050,66150,base=22050
INV-H4-000160,H4-L00160-04,Postoperative Geriatric Imaging Interpretation,False,4,43925,175700,base=43925
INV-H4-000160,H4-L00160-05,Ambulatory Gastrointestinal Nutritional Support,False,4,4175,16700,base=4175
INV-H4-000163,H4-L00163-01,Preoperative Oncology Diagnostic Imaging,False,1,102650,102650,base=102650; quantity=1<=cap=8
INV-H4-000163,H4-L00163-02,Postoperative Oncology Diagnostic Imaging,False,10,23250,232500,base=23250; quantity=10<=cap=12
INV-H4-000163,H4-L00163-03,Supervised Immunologic Ward Bed Occupancy,False,6,194400,1166400,base=194400
INV-H4-000163,H4-L00163-04,Assisted Urologic Nursing Observation,False,4,132675,530700,base=132675; quantity=4<=cap=4
INV-H4-000163,H4-L00163-05,Assisted Gastrointestinal Anaesthesia Administration,False,9,3050,27450,base=3050; quantity=9<=cap=24
INV-H4-000163,H4-L00163-06,Advanced Oncology Ward Bed Occupancy,False,6,68700,412200,base=68700
INV-H4-000163,H4-L00163-07,Preoperative Geriatric Diagnostic Imaging,False,4,19550,78200,base=19550
INV-H4-000163,H4-L00163-08,Advanced Vascular Endoscopic Procedure,False,2,321775,643550,base=321775
INV-H4-000163,H4-L00163-09,Comprehensive Urologic Imaging Interpretation,False,3,23075,69225,base=23075
INV-H4-000163,H4-L00163-10,Intensive Geriatric Case Conference,False,2,10475,20950,base=10475; quantity=2<=cap=8
INV-H4-000163,H4-L00163-11,Advanced Paediatric Theatre Time,False,10,37100,371000,base=37100; no identified exclusion trigger
INV-H4-000163,H4-L00163-12,Supervised Pulmonary Home Visit,False,2,28675,57350,base=28675
INV-H4-000172,H4-L00172-01,Continuous Psychiatric Rehabilitation Programme,False,3,34900,104700,base=34900
INV-H4-000172,H4-L00172-02,Intensive Rheumatologic Radiotherapy Fraction,False,2,23425,46850,base=23425; no identified exclusion trigger
INV-H4-000172,H4-L00172-03,Supervised Vascular Radiotherapy Fraction,False,4,15825,63300,base=15825
INV-H4-000172,H4-L00172-04,Ambulatory Musculoskeletal Ventilation Support,False,6,133578,801468,"base=157150; prior=[91,149],discount=15%"
INV-H4-000172,H4-L00172-05,Focused Vascular Infusion Therapy,False,24,5775,138600,base=5775
INV-H4-000172,H4-L00172-06,Ambulatory Cardiac Ward Bed Occupancy,False,1,46350,46350,base=46350; quantity=1<=cap=4
INV-H4-000172,H4-L00172-07,Emergency Cardiac Physiotherapy Session,False,7,8400,58800,base=9875; bundle=8400
INV-H4-000172,H4-L00172-08,Extended Obstetric Case Conference,False,2,35200,70400,base=41425; bundle=35200
INV-H4-000172,H4-L00172-09,Comprehensive Neurological Endoscopic Procedure,False,1,309275,309275,base=309275
INV-H4-000172,H4-L00172-10,Intensive Urologic Specimen Analysis,False,5,19675,98375,base=19675; quantity=5<=cap=24
INV-H4-000172,H4-L00172-11,Outpatient Rheumatologic Anaesthesia Administration,False,12,20875,250500,base=20875
INV-H4-000172,H4-L00172-12,Assisted Paediatric Physiotherapy Session,False,14,2675,37450,base=3150; bundle=2675
INV-H4-000172,H4-L00172-13,Outpatient Orthopaedic Recovery Room Occupancy,False,19,9375,178125,base=11025; bundle=9375
INV-H4-000172,H4-L00172-14,Elective Obstetric Transfusion Service,False,15,1425,21375,base=1425
INV-H4-000174,H4-L00174-01,Intensive Paediatric Consultation,False,1,39175,39175,base=39175
INV-H4-000174,H4-L00174-02,Continuous Gastrointestinal Transfusion Service,False,1,308100,308100,base=308100; no identified exclusion trigger
INV-H4-000174,H4-L00174-03,Postoperative Paediatric Sterilisation Service,False,7,16050,112350,base=16050; quantity=7<=cap=8
INV-H4-000174,H4-L00174-04,Intensive Vascular Sterilisation Service,False,4,25350,101400,base=25350
INV-H4-000174,H4-L00174-05,Supervised Immunologic Ward Bed Occupancy,False,1,194400,194400,base=194400
INV-H4-000174,H4-L00174-06,Preoperative Oncology Diagnostic Imaging,False,2,102650,205300,base=102650; quantity=2<=cap=8
INV-H4-000174,H4-L00174-07,Advanced Paediatric Theatre Time,False,17,37100,630700,base=37100; no identified exclusion trigger
INV-H4-000175,H4-L00175-01,Postoperative Paediatric Sterilisation Service,False,6,16050,96300,base=16050; quantity=6<=cap=8
INV-H4-000175,H4-L00175-02,Specialist Hepatic Discharge Planning,False,2,41175,82350,base=41175
INV-H4-000175,H4-L00175-03,Bedside Obstetric Imaging Interpretation,False,1,365675,365675,base=365675
INV-H4-000175,H4-L00175-04,Focused Vascular Infusion Therapy,False,34,5775,196350,base=5775
INV-H4-000175,H4-L00175-05,Extended Urologic Telemetry Monitoring,False,2,144825,289650,base=144825; quantity=2<=cap=12
INV-H4-000175,H4-L00175-06,Intermittent Neurological Laboratory Panel,False,4,10175,40700,base=10175; no identified exclusion trigger
INV-H4-000175,H4-L00175-07,Bedside Obstetric Imaging Interpretation,False,2,365675,731350,base=365675
INV-H4-000175,H4-L00175-08,Intermittent Rheumatologic Dialysis Session,False,1,126900,126900,base=126900
INV-H4-000175,H4-L00175-09,Extended Psychiatric Endoscopic Procedure,False,1,325800,325800,base=325800
INV-H4-000175,H4-L00175-10,Preoperative Musculoskeletal Recovery Room Occupancy,False,6,162775,976650,base=162775
INV-H4-000179,H4-L00179-01,Emergency Metabolic Radiotherapy Fraction,False,2,364925,729850,base=364925
INV-H4-000179,H4-L00179-02,Continuous Infectious Critical Care Occupancy,False,22,19495,428890,base=13925; premium=40%
INV-H4-000179,H4-L00179-03,Assisted Renal Nutritional Support,False,20,3575,71500,base=3575
INV-H4-000179,H4-L00179-04,Extended Hepatic Discharge Planning,False,4,7950,31800,base=7950
INV-H4-000179,H4-L00179-05,Standard Paediatric Dialysis Session,False,2,368050,736100,base=368050
INV-H4-000180,H4-L00180-01,Advanced Orthopaedic Ward Bed Occupancy,False,5,97925,489625,base=97925; quantity=5<=cap=12
INV-H4-000180,H4-L00180-02,Supervised Gastrointestinal Nursing Observation,False,2,156825,313650,base=156825; no identified exclusion trigger
INV-H4-000180,H4-L00180-03,Ambulatory Musculoskeletal Ventilation Support,False,6,133578,801468,"base=157150; prior=[99,157],discount=15%"
INV-H4-000180,H4-L00180-04,Postoperative Oncology Diagnostic Imaging,False,8,23250,186000,base=23250; quantity=8<=cap=12
INV-H4-000180,H4-L00180-05,Intermittent Neurological Laboratory Panel,False,8,10175,81400,base=10175; no identified exclusion trigger
INV-H4-000180,H4-L00180-06,Outpatient Orthopaedic Recovery Room Occupancy,False,19,11025,209475,base=11025
INV-H4-000180,H4-L00180-07,Standard Hepatic Infusion Therapy,False,2,3975,7950,base=3975
INV-H4-000180,H4-L00180-08,Outpatient Geriatric Diagnostic Imaging,False,1,190450,190450,base=190450
INV-H4-000180,H4-L00180-09,Extended Renal Ward Bed Occupancy,False,4,174050,696200,base=174050
INV-H4-000188,H4-L00188-01,Preoperative Haematology Imaging Interpretation,False,1,11375,11375,base=11375
INV-H4-000188,H4-L00188-02,Elective Obstetric Transfusion Service,False,34,1425,48450,base=1425
INV-H4-000188,H4-L00188-03,Postoperative Cardiac Wound Care,False,4,17325,69300,base=17325; no identified exclusion trigger
INV-H4-000188,H4-L00188-04,Assisted Obstetric Specimen Analysis,False,6,10100,60600,base=10100
INV-H4-000188,H4-L00188-05,Postoperative Otolaryngologic Telemetry Monitoring,False,10,10000,100000,base=10000; quantity=10<=cap=24
INV-H4-000188,H4-L00188-06,Extended Hepatic Transfusion Service,False,5,8450,42250,base=8450; quantity=5<=cap=8
INV-H4-000188,H4-L00188-07,Preoperative Geriatric Diagnostic Imaging,False,5,19550,97750,base=19550
INV-H4-000188,H4-L00188-08,Intermittent Neurological Laboratory Panel,False,5,10175,50875,base=10175; no identified exclusion trigger
INV-H4-000194,H4-L00194-01,Ambulatory Cardiac Ward Bed Occupancy,False,2,46350,92700,base=46350; quantity=2<=cap=4
INV-H4-000194,H4-L00194-02,Standard Vascular Home Visit,False,3,26200,78600,base=26200
INV-H4-000194,H4-L00194-03,Supervised Vascular Radiotherapy Fraction,False,6,15825,94950,base=15825
INV-H4-000194,H4-L00194-04,Focused Vascular Infusion Therapy,False,39,5775,225225,base=5775
INV-H4-000194,H4-L00194-05,Outpatient Geriatric Diagnostic Imaging,False,2,190450,380900,base=190450
INV-H4-000194,H4-L00194-06,Postoperative Paediatric Imaging Interpretation,False,2,88600,177200,base=88600; no identified exclusion trigger
INV-H4-000194,H4-L00194-07,Assisted Urologic Nursing Observation,False,3,132675,398025,base=132675; quantity=3<=cap=4
INV-H4-000194,H4-L00194-08,Outpatient Orthopaedic Recovery Room Occupancy,False,21,11025,231525,base=11025
INV-H4-000194,H4-L00194-09,Postoperative Paediatric Sterilisation Service,False,4,16050,64200,base=16050; quantity=4<=cap=8
INV-H4-000194,H4-L00194-10,Outpatient Rheumatologic Anaesthesia Administration,False,24,20875,501000,base=20875
INV-H4-000194,H4-L00194-11,Extended Renal Ward Bed Occupancy,False,5,174050,870250,base=174050
INV-H4-000194,H4-L00194-12,Intermittent Neurological Laboratory Panel,False,7,10175,71225,base=10175; no identified exclusion trigger
INV-H4-000194,H4-L00194-13,Continuous Psychiatric Rehabilitation Programme,False,5,28625,143125,base=34900; bundle=28625
INV-H4-000194,H4-L00194-14,Postoperative Palliative Recovery Room Occupancy,False,4,70975,283900,base=86550; bundle=70975
INV-H4-000194,H4-L00194-15,Continuous Gastrointestinal Transfusion Service,False,1,308100,308100,base=308100; no identified exclusion trigger
INV-H4-000194,H4-L00194-16,Elective Ophthalmic Radiotherapy Fraction,False,1,373600,373600,base=373600
INV-H4-000194,H4-L00194-17,Supervised Gastrointestinal Nursing Observation,False,5,156825,784125,base=156825; no identified exclusion trigger
INV-H4-000194,H4-L00194-18,Supervised Pulmonary Home Visit,False,2,28675,57350,base=28675
INV-H4-000194,H4-L00194-19,Supervised Immunologic Ward Bed Occupancy,False,1,194400,194400,base=194400
INV-H4-000199,H4-L00199-01,Standard Hepatic Infusion Therapy,False,5,3975,19875,base=3975
INV-H4-000199,H4-L00199-02,Assisted Paediatric Theatre Time,False,7,9275,64925,base=9275; no identified exclusion trigger
INV-H4-000199,H4-L00199-03,Extended Hepatic Discharge Planning,False,4,7950,31800,base=7950
INV-H4-000199,H4-L00199-04,Extended Urologic Telemetry Monitoring,False,3,144825,434475,base=144825; quantity=3<=cap=12
INV-H4-000199,H4-L00199-05,Focused Vascular Infusion Therapy,False,6,4900,29400,base=5775; bundle=4900
INV-H4-000199,H4-L00199-06,Ambulatory Obstetric Case Conference,False,21,11875,249375,base=13975; bundle=11875
INV-H4-000199,H4-L00199-07,Ambulatory Obstetric Case Conference,False,7,13975,97825,base=13975
INV-H4-000199,H4-L00199-08,Postoperative Oncology Diagnostic Imaging,False,9,23250,209250,base=23250; quantity=9<=cap=12
INV-H4-000199,H4-L00199-09,Focused Metabolic Biopsy Procedure,False,6,15025,90150,base=15025; quantity=6<=cap=8
INV-H4-000199,H4-L00199-10,Focused Vascular Transport Service,False,8,24450,195600,base=24450; no identified exclusion trigger
INV-H4-000199,H4-L00199-11,Comprehensive Ophthalmic Laboratory Panel,False,1,58525,58525,base=58525; no identified exclusion trigger
INV-H4-000199,H4-L00199-12,Intensive Vascular Sterilisation Service,False,10,25350,253500,base=25350
INV-H4-000199,H4-L00199-13,Advanced Oncology Ward Bed Occupancy,False,3,68700,206100,base=68700
INV-H4-000199,H4-L00199-14,Assisted Urologic Nursing Observation,False,3,132675,398025,base=132675; quantity=3<=cap=4
INV-H4-000199,H4-L00199-15,Intensive Urologic Specimen Analysis,False,7,19675,137725,base=19675; quantity=7<=cap=24
INV-H4-000199,H4-L00199-16,Comprehensive Neurological Endoscopic Procedure,False,2,309275,618550,base=309275
INV-H4-000199,H4-L00199-17,Ambulatory Gastrointestinal Nutritional Support,False,9,4175,37575,base=4175
INV-H4-000199,H4-L00199-18,Routine Cardiac Home Visit,False,1,16200,16200,base=16200
INV-H4-000199,H4-L00199-19,Advanced Palliative Home Visit,False,3,11450,34350,base=11450
INV-H4-000201,H4-L00201-01,Elective Gastrointestinal Nursing Observation,False,4,58925,235700,base=58925; quantity=4<=cap=6
INV-H4-000201,H4-L00201-02,Supervised Rheumatologic Dialysis Session,False,2,17375,34750,base=17375
INV-H4-000201,H4-L00201-03,Assisted Paediatric Theatre Time,False,18,9275,166950,base=9275; no identified exclusion trigger
INV-H4-000201,H4-L00201-04,Ambulatory Immunologic Ward Bed Occupancy,False,3,74700,224100,base=74700; quantity=3<=cap=4
INV-H4-000201,H4-L00201-05,Intermittent Oncology Home Visit,False,3,22050,66150,base=22050
INV-H4-000201,H4-L00201-06,Intensive Paediatric Consultation,False,3,39175,117525,base=39175
INV-H4-000201,H4-L00201-07,Intermittent Neurological Laboratory Panel,False,3,10175,30525,base=10175; no identified exclusion trigger
INV-H4-000202,H4-L00202-01,Specialist Gastrointestinal Imaging Interpretation,False,1,83625,83625,base=83625
INV-H4-000202,H4-L00202-02,Extended Rheumatologic Nursing Observation,False,1,87375,87375,base=87375
INV-H4-000202,H4-L00202-03,Intermittent Rheumatologic Dialysis Session,False,1,126900,126900,base=126900
INV-H4-000202,H4-L00202-04,Intermittent Neurological Laboratory Panel,False,3,10175,30525,base=10175; no identified exclusion trigger
INV-H4-000202,H4-L00202-05,Standard Vascular Home Visit,False,2,26200,52400,base=26200
INV-H4-000202,H4-L00202-06,Standard Paediatric Dialysis Session,False,1,368050,368050,base=368050
INV-H4-000202,H4-L00202-07,Elective Ophthalmic Radiotherapy Fraction,False,2,373600,747200,base=373600
INV-H4-000202,H4-L00202-08,Advanced Oncology Ward Bed Occupancy,False,6,68700,412200,base=68700
INV-H4-000202,H4-L00202-09,Outpatient Orthopaedic Recovery Room Occupancy,False,5,9375,46875,base=11025; bundle=9375
INV-H4-000202,H4-L00202-10,Assisted Paediatric Physiotherapy Session,False,10,2675,26750,base=3150; bundle=2675
INV-H4-000203,H4-L00203-01,Ambulatory Paediatric Critical Care Occupancy,False,21,3550,74550,base=4750; bundle=3550
INV-H4-000203,H4-L00203-02,Ambulatory Rheumatologic Rehabilitation Programme,False,3,28750,86250,base=38325; bundle=28750
INV-H4-000203,H4-L00203-03,Advanced Oncology Ward Bed Occupancy,False,2,68700,137400,base=68700
INV-H4-000203,H4-L00203-04,Advanced Orthopaedic Ward Bed Occupancy,False,3,97925,293775,base=97925; quantity=3<=cap=12
INV-H4-000203,H4-L00203-05,Standard Ophthalmic Laboratory Panel,False,4,17925,71700,base=17925; no identified exclusion trigger
INV-H4-000203,H4-L00203-06,Intensive Geriatric Case Conference,False,2,10475,20950,base=10475; quantity=2<=cap=8
INV-H4-000203,H4-L00203-07,Preoperative Haematology Imaging Interpretation,False,8,11375,91000,base=11375
INV-H4-000203,H4-L00203-08,Supervised Rheumatologic Dialysis Session,False,3,13900,41700,base=17375; bundle=13900
INV-H4-000203,H4-L00203-09,Specialist Immunologic Consultation,False,1,91600,91600,base=114500; bundle=91600
INV-H4-000203,H4-L00203-10,Postoperative Paediatric Imaging Interpretation,False,2,88600,177200,base=88600; no identified exclusion trigger
INV-H4-000203,H4-L00203-11,Postoperative Cardiac Wound Care,False,8,17325,138600,base=17325; no identified exclusion trigger
INV-H4-000203,H4-L00203-12,Ambulatory Gastrointestinal Nutritional Support,False,9,4175,37575,base=4175
INV-H4-000203,H4-L00203-13,Ambulatory Musculoskeletal Ventilation Support,False,3,133578,400734,"base=157150; prior=[109,167],discount=15%"
INV-H4-000203,H4-L00203-14,Extended Hepatic Transfusion Service,False,4,8450,33800,base=8450; quantity=4<=cap=8
INV-H4-000203,H4-L00203-15,Specialist Hepatic Discharge Planning,False,2,41175,82350,base=41175
INV-H4-000203,H4-L00203-16,Postoperative Otolaryngologic Telemetry Monitoring,False,20,10000,200000,base=10000; quantity=20<=cap=24
INV-H4-000205,H4-L00205-01,Extended Rheumatologic Nursing Observation,False,5,87375,436875,base=87375
INV-H4-000205,H4-L00205-02,Comprehensive Neurological Endoscopic Procedure,False,2,309275,618550,base=309275
INV-H4-000205,H4-L00205-03,Focused Vascular Transport Service,False,7,24450,171150,base=24450; no identified exclusion trigger
INV-H4-000205,H4-L00205-04,Outpatient Urologic Endoscopic Procedure,False,1,372925,372925,base=372925
INV-H4-000205,H4-L00205-05,Ambulatory Cardiac Ward Bed Occupancy,False,4,46350,185400,base=46350; quantity=4<=cap=4
INV-H4-000205,H4-L00205-06,Advanced Oncology Ward Bed Occupancy,False,6,68700,412200,base=68700
INV-H4-000205,H4-L00205-07,Postoperative Geriatric Imaging Interpretation,False,3,43925,131775,base=43925
INV-H4-000205,H4-L00205-08,Preoperative Oncology Diagnostic Imaging,False,1,102650,102650,base=102650; quantity=1<=cap=8
INV-H4-000205,H4-L00205-09,Advanced Orthopaedic Ward Bed Occupancy,False,3,97925,293775,base=97925; quantity=3<=cap=12
INV-H4-000205,H4-L00205-10,Elective Gastrointestinal Nursing Observation,False,1,58925,58925,base=58925; quantity=1<=cap=6
INV-H4-000205,H4-L00205-11,Standard Vascular Home Visit,False,2,26200,52400,base=26200
INV-H4-000205,H4-L00205-12,Advanced Orthopaedic Ward Bed Occupancy,False,5,97925,489625,base=97925; quantity=5<=cap=12
INV-H4-000205,H4-L00205-13,Specialist Gastrointestinal Imaging Interpretation,False,2,83625,167250,base=83625
INV-H4-000209,H4-L00209-01,Ambulatory Gastrointestinal Nutritional Support,False,21,4801,100821,base=4175; premium=15%
INV-H4-000209,H4-L00209-02,Outpatient Urologic Theatre Time,False,14,7650,107100,base=7650
INV-H4-000209,H4-L00209-03,Postoperative Paediatric Imaging Interpretation,False,2,88600,177200,base=88600; no identified exclusion trigger
INV-H4-000209,H4-L00209-04,Elective Gastrointestinal Nursing Observation,False,6,58925,353550,base=58925; quantity=6<=cap=6
INV-H4-000209,H4-L00209-05,Intensive Rheumatologic Radiotherapy Fraction,False,11,23425,257675,base=23425; no identified exclusion trigger
INV-H4-000209,H4-L00209-06,Postoperative Geriatric Imaging Interpretation,False,6,43925,263550,base=43925
INV-H4-000209,H4-L00209-07,Ambulatory Cardiac Ward Bed Occupancy,False,2,46350,92700,base=46350; quantity=2<=cap=4
INV-H4-000209,H4-L00209-08,Supervised Vascular Radiotherapy Fraction,False,4,15825,63300,base=15825
INV-H4-000209,H4-L00209-09,Routine Cardiac Home Visit,False,2,16200,32400,base=16200
INV-H4-000209,H4-L00209-10,Continuous Gastrointestinal Transfusion Service,False,1,308100,308100,base=308100; no identified exclusion trigger
INV-H4-000209,H4-L00209-11,Extended Hepatic Transfusion Service,False,2,8450,16900,base=8450; quantity=2<=cap=8
INV-H4-000209,H4-L00209-12,Intensive Paediatric Consultation,False,3,39175,117525,base=39175
INV-H4-000209,H4-L00209-13,Supervised Pulmonary Home Visit,False,1,28675,28675,base=28675
INV-H4-000209,H4-L00209-14,Routine Cardiac Home Visit,False,1,16200,16200,base=16200
INV-H4-000209,H4-L00209-15,Continuous Infectious Critical Care Occupancy,False,12,19495,233940,base=13925; premium=40%
INV-H4-000209,H4-L00209-16,Extended Hepatic Transfusion Service,False,3,8450,25350,base=8450; quantity=3<=cap=8
INV-H4-000209,H4-L00209-17,Intensive Vascular Sterilisation Service,False,5,25350,126750,base=25350
INV-H4-000214,H4-L00214-01,Assisted Urologic Nursing Observation,False,1,132675,132675,base=132675; quantity=1<=cap=4
INV-H4-000214,H4-L00214-02,Postoperative Rheumatologic Nursing Observation,False,4,46425,185700,base=46425; quantity=4<=cap=6
INV-H4-000214,H4-L00214-03,Elective Obstetric Transfusion Service,False,35,1250,43750,base=1425; bundle=1250
INV-H4-000214,H4-L00214-04,Intermittent Rheumatologic Dialysis Session,False,1,111675,111675,base=126900; bundle=111675
INV-H4-000214,H4-L00214-05,Continuous Gastrointestinal Transfusion Service,False,2,308100,616200,base=308100; no identified exclusion trigger
INV-H4-000214,H4-L00214-06,Comprehensive Neurological Endoscopic Procedure,False,1,309275,309275,base=309275
INV-H4-000214,H4-L00214-07,Focused Vascular Infusion Therapy,False,22,4900,107800,base=5775; bundle=4900
INV-H4-000214,H4-L00214-08,Ambulatory Obstetric Case Conference,False,20,11875,237500,base=13975; bundle=11875
INV-H4-000214,H4-L00214-09,Intermittent Renal Anaesthesia Administration,True,10,6600,66000,base=6600
INV-H4-000214,H4-L00214-10,Postoperative Paediatric Sterilisation Service,False,6,16050,96300,base=16050; quantity=6<=cap=8
INV-H4-000214,H4-L00214-11,Advanced Palliative Home Visit,False,1,11450,11450,base=11450
INV-H4-000214,H4-L00214-12,Postoperative Palliative Recovery Room Occupancy,False,3,70975,212925,base=86550; bundle=70975
INV-H4-000214,H4-L00214-13,Continuous Psychiatric Rehabilitation Programme,False,2,28625,57250,base=34900; bundle=28625
INV-H4-000214,H4-L00214-14,Ambulatory Immunologic Ward Bed Occupancy,False,1,74700,74700,base=74700; quantity=1<=cap=4
INV-H4-000214,H4-L00214-15,Elective Ophthalmic Radiotherapy Fraction,False,2,373600,747200,base=373600
INV-H4-000214,H4-L00214-16,Specialist Cardiac Ventilation Support,False,13,18125,235625,base=18125; no identified exclusion trigger
INV-H4-000215,H4-L00215-01,Bedside Gastrointestinal Biopsy Procedure,False,8,11075,88600,base=11075; quantity=8<=cap=8
INV-H4-000215,H4-L00215-02,Elective Obstetric Transfusion Service,False,39,1250,48750,base=1425; bundle=1250
INV-H4-000215,H4-L00215-03,Intermittent Rheumatologic Dialysis Session,False,1,111675,111675,base=126900; bundle=111675
INV-H4-000215,H4-L00215-04,Assisted Urologic Nursing Observation,False,2,132675,265350,base=132675; quantity=2<=cap=4
INV-H4-000215,H4-L00215-05,Comprehensive Urologic Imaging Interpretation,False,2,23075,46150,base=23075
INV-H4-000215,H4-L00215-06,Bedside Gastrointestinal Biopsy Procedure,False,4,11075,44300,base=11075; quantity=4<=cap=8
INV-H4-000219,H4-L00219-01,Postoperative Oncology Diagnostic Imaging,False,7,23250,162750,base=23250; quantity=7<=cap=12
INV-H4-000219,H4-L00219-02,Intermittent Rheumatologic Dialysis Session,False,2,126900,253800,base=126900
INV-H4-000219,H4-L00219-03,Emergency Rheumatologic Rehabilitation Programme,False,4,62000,248000,base=62000
INV-H4-000219,H4-L00219-04,Advanced Palliative Home Visit,False,2,11450,22900,base=11450
INV-H4-000219,H4-L00219-05,Postoperative Paediatric Imaging Interpretation,False,1,88600,88600,base=88600; no identified exclusion trigger
INV-H4-000219,H4-L00219-06,Emergency Cardiac Physiotherapy Session,False,10,9875,98750,base=9875
INV-H4-000219,H4-L00219-07,Intermittent Neurological Laboratory Panel,False,2,10175,20350,base=10175; no identified exclusion trigger
INV-H4-000219,H4-L00219-08,Advanced Vascular Endoscopic Procedure,False,1,321775,321775,base=321775
INV-H4-000219,H4-L00219-09,Specialist Gastrointestinal Imaging Interpretation,False,1,83625,83625,base=83625
INV-H4-000219,H4-L00219-10,Focused Vascular Infusion Therapy,False,39,5775,225225,base=5775
INV-H4-000219,H4-L00219-11,Extended Obstetric Case Conference,False,3,41425,124275,base=41425
INV-H4-000219,H4-L00219-12,Elective Gastrointestinal Nursing Observation,False,2,58925,117850,base=58925; quantity=2<=cap=6
INV-H4-000219,H4-L00219-13,Advanced Paediatric Theatre Time,False,24,37100,890400,base=37100; no identified exclusion trigger
INV-H4-000219,H4-L00219-14,Focused Metabolic Biopsy Procedure,False,5,15025,75125,base=15025; quantity=5<=cap=8
INV-H4-000219,H4-L00219-15,Standard Ophthalmic Laboratory Panel,False,8,17925,143400,base=17925; no identified exclusion trigger
INV-H4-000219,H4-L00219-16,Preoperative Oncology Diagnostic Imaging,False,1,102650,102650,base=102650; quantity=1<=cap=8
INV-H4-000219,H4-L00219-17,Extended Hepatic Transfusion Service,False,3,8450,25350,base=8450; quantity=3<=cap=8
INV-H4-000219,H4-L00219-18,Postoperative Palliative Recovery Room Occupancy,False,4,86550,346200,base=86550
INV-H4-000230,H4-L00230-01,Preoperative Haematology Imaging Interpretation,False,1,11375,11375,base=11375
INV-H4-000230,H4-L00230-02,Focused Vascular Transport Service,False,7,24450,171150,base=24450; no identified exclusion trigger
INV-H4-000230,H4-L00230-03,Extended Rheumatologic Nursing Observation,False,5,87375,436875,base=87375
INV-H4-000230,H4-L00230-04,Postoperative Otolaryngologic Telemetry Monitoring,False,10,10000,100000,base=10000; quantity=10<=cap=24
INV-H4-000230,H4-L00230-05,Preoperative Geriatric Diagnostic Imaging,False,8,19550,156400,base=19550
INV-H4-000230,H4-L00230-06,Elective Ophthalmic Radiotherapy Fraction,False,2,373600,747200,base=373600
INV-H4-000230,H4-L00230-07,Intensive Paediatric Consultation,False,2,39175,78350,base=39175
INV-H4-000230,H4-L00230-08,Ambulatory Musculoskeletal Ventilation Support,False,4,133578,534312,"base=157150; prior=[112,170],discount=15%"
INV-H4-000230,H4-L00230-09,Specialist Gastrointestinal Imaging Interpretation,False,1,83625,83625,base=83625
INV-H4-000230,H4-L00230-10,Focused Urologic Case Conference,False,18,20200,363600,base=20200; no identified exclusion trigger
INV-H4-000230,H4-L00230-11,Assisted Cardiac Ventilation Support,False,6,155700,934200,base=155700
INV-H4-000241,H4-L00241-01,Preoperative Musculoskeletal Recovery Room Occupancy,False,3,162775,488325,base=162775
INV-H4-000241,H4-L00241-02,Postoperative Rheumatologic Nursing Observation,False,2,46425,92850,base=46425; quantity=2<=cap=6
INV-H4-000241,H4-L00241-03,Assisted Paediatric Physiotherapy Session,False,20,3150,63000,base=3150
INV-H4-000241,H4-L00241-04,Postoperative Palliative Recovery Room Occupancy,False,2,86550,173100,base=86550
INV-H4-000241,H4-L00241-05,Specialist Gastrointestinal Imaging Interpretation,True,2,83625,167250,base=83625
INV-H4-000241,H4-L00241-06,Outpatient Rheumatologic Anaesthesia Administration,False,7,20875,146125,base=20875
INV-H4-000241,H4-L00241-07,Outpatient Geriatric Diagnostic Imaging,False,2,190450,380900,base=190450
INV-H4-000241,H4-L00241-08,Elective Ophthalmic Radiotherapy Fraction,False,1,373600,373600,base=373600
INV-H4-000241,H4-L00241-09,Advanced Oncology Ward Bed Occupancy,False,1,68700,68700,base=68700
INV-H4-000241,H4-L00241-10,Assisted Paediatric Physiotherapy Session,False,15,3150,47250,base=3150
INV-H4-000241,H4-L00241-11,Extended Psychiatric Endoscopic Procedure,False,2,325800,651600,base=325800
INV-H4-000243,H4-L00243-01,Intensive Rheumatologic Radiotherapy Fraction,False,8,23425,187400,base=23425; no identified exclusion trigger
INV-H4-000243,H4-L00243-02,Elective Obstetric Transfusion Service,False,1,1425,1425,base=1425
INV-H4-000243,H4-L00243-03,Assisted Urologic Nursing Observation,False,1,132675,132675,base=132675; quantity=1<=cap=4
INV-H4-000243,H4-L00243-04,Ambulatory Musculoskeletal Specimen Analysis,False,6,9550,57300,base=9550
INV-H4-000243,H4-L00243-05,Postoperative Geriatric Imaging Interpretation,False,3,43925,131775,base=43925
INV-H4-000243,H4-L00243-06,Specialist Gastrointestinal Imaging Interpretation,False,2,83625,167250,base=83625
INV-H4-000243,H4-L00243-07,Bedside Cardiac Home Visit,False,1,64800,64800,base=64800
INV-H4-000243,H4-L00243-08,Outpatient Urologic Endoscopic Procedure,False,2,372925,745850,base=372925
INV-H4-000245,H4-L00245-01,Continuous Infectious Critical Care Occupancy,False,22,19495,428890,base=13925; premium=40%
INV-H4-000245,H4-L00245-02,Ambulatory Obstetric Case Conference,False,21,11875,249375,base=13975; bundle=11875
INV-H4-000245,H4-L00245-03,Focused Vascular Infusion Therapy,False,40,4900,196000,base=5775; bundle=4900
INV-H4-000245,H4-L00245-04,Outpatient Orthopaedic Recovery Room Occupancy,False,11,9375,103125,base=11025; bundle=9375
INV-H4-000245,H4-L00245-05,Assisted Paediatric Physiotherapy Session,False,14,2675,37450,base=3150; bundle=2675
INV-H4-000245,H4-L00245-06,Advanced Paediatric Theatre Time,False,13,37100,482300,base=37100; no identified exclusion trigger
INV-H4-000251,H4-L00251-01,Assisted Gastrointestinal Anaesthesia Administration,False,24,3050,73200,base=3050; quantity=24<=cap=24
INV-H4-000251,H4-L00251-02,Extended Renal Ward Bed Occupancy,False,3,174050,522150,base=174050
INV-H4-000251,H4-L00251-03,Preoperative Haematology Imaging Interpretation,False,3,11375,34125,base=11375
INV-H4-000251,H4-L00251-04,Emergency Metabolic Radiotherapy Fraction,False,1,364925,364925,base=364925
INV-H4-000251,H4-L00251-05,Extended Rheumatologic Nursing Observation,False,2,87375,174750,base=87375
INV-H4-000251,H4-L00251-06,Intermittent Renal Anaesthesia Administration,False,21,6600,138600,base=6600
INV-H4-000251,H4-L00251-07,Intensive Urologic Specimen Analysis,False,1,19675,19675,base=19675; quantity=1<=cap=24
INV-H4-000256,H4-L00256-01,Intermittent Oncology Home Visit,False,1,22050,22050,base=22050
INV-H4-000256,H4-L00256-02,Intermittent Psychiatric Rehabilitation Programme,False,2,32275,64550,base=32275
INV-H4-000256,H4-L00256-03,Specialist Gastrointestinal Imaging Interpretation,False,2,83625,167250,base=83625
INV-H4-000256,H4-L00256-04,Elective Neurological Ward Bed Occupancy,False,2,170125,340250,base=170125
INV-H4-000256,H4-L00256-05,Postoperative Paediatric Imaging Interpretation,False,1,88600,88600,base=88600; no identified exclusion trigger
INV-H4-000258,H4-L00258-01,Supervised Vascular Radiotherapy Fraction,False,5,15825,79125,base=15825
INV-H4-000258,H4-L00258-02,Postoperative Rheumatologic Nursing Observation,False,4,46425,185700,base=46425; quantity=4<=cap=6
INV-H4-000258,H4-L00258-03,Ambulatory Cardiac Ward Bed Occupancy,False,4,46350,185400,base=46350; quantity=4<=cap=4
INV-H4-000258,H4-L00258-04,Continuous Gastrointestinal Transfusion Service,False,2,308100,616200,base=308100; no identified exclusion trigger
INV-H4-000258,H4-L00258-05,Standard Vascular Home Visit,False,2,26200,52400,base=26200
INV-H4-000261,H4-L00261-01,Ambulatory Musculoskeletal Ventilation Support,False,1,133578,133578,"base=157150; prior=[123,181],discount=15%"
INV-H4-000261,H4-L00261-02,Focused Metabolic Biopsy Procedure,False,8,15025,120200,base=15025; quantity=8<=cap=8
INV-H4-000261,H4-L00261-03,Extended Urologic Telemetry Monitoring,False,2,144825,289650,base=144825; quantity=2<=cap=12
INV-H4-000261,H4-L00261-04,Postoperative Otolaryngologic Telemetry Monitoring,False,2,10000,20000,base=10000; quantity=2<=cap=24
INV-H4-000261,H4-L00261-05,Ambulatory Paediatric Critical Care Occupancy,False,23,4750,109250,base=4750
INV-H4-000261,H4-L00261-06,Emergency Metabolic Radiotherapy Fraction,False,2,364925,729850,base=364925
INV-H4-000261,H4-L00261-07,Standard Vascular Home Visit,False,2,26200,52400,base=26200
INV-H4-000261,H4-L00261-08,Assisted Cardiac Ventilation Support,False,1,155700,155700,base=155700
INV-H4-000261,H4-L00261-09,Standard Ophthalmic Laboratory Panel,False,10,17925,179250,base=17925; no identified exclusion trigger
INV-H4-000273,H4-L00273-01,Ambulatory Rheumatologic Rehabilitation Programme,False,3,28750,86250,base=38325; bundle=28750
INV-H4-000273,H4-L00273-02,Ambulatory Paediatric Critical Care Occupancy,False,7,3550,24850,base=4750; bundle=3550
INV-H4-000273,H4-L00273-03,Intensive Vascular Sterilisation Service,False,4,25350,101400,base=25350
INV-H4-000273,H4-L00273-04,Extended Rheumatologic Nursing Observation,False,6,87375,524250,base=87375
INV-H4-000273,H4-L00273-05,Intermittent Oncology Home Visit,False,2,22050,44100,base=22050
INV-H4-000273,H4-L00273-06,Ambulatory Obstetric Case Conference,False,5,13975,69875,base=13975
INV-H4-000273,H4-L00273-07,Preoperative Geriatric Diagnostic Imaging,False,6,19550,117300,base=19550
INV-H4-000273,H4-L00273-08,Specialist Gastrointestinal Imaging Interpretation,True,1,83625,83625,base=83625
INV-H4-000273,H4-L00273-09,Supervised Pulmonary Anaesthesia Administration,False,8,13500,108000,base=13500
INV-H4-000273,H4-L00273-10,Postoperative Otolaryngologic Telemetry Monitoring,False,4,10000,40000,base=10000; quantity=4<=cap=24
INV-H4-000273,H4-L00273-11,Ambulatory Musculoskeletal Ventilation Support,False,5,133578,667890,"base=157150; prior=[133,191],discount=15%"
INV-H4-000273,H4-L00273-12,Emergency Cardiac Physiotherapy Session,False,7,9875,69125,base=9875
INV-H4-000273,H4-L00273-13,Postoperative Cardiac Wound Care,False,3,17325,51975,base=17325; no identified exclusion trigger
INV-H4-000274,H4-L00274-01,Supervised Pulmonary Home Visit,False,1,28675,28675,base=28675
INV-H4-000274,H4-L00274-02,Extended Urologic Telemetry Monitoring,False,3,144825,434475,base=144825; quantity=3<=cap=12
INV-H4-000274,H4-L00274-03,Intermittent Rheumatologic Dialysis Session,False,1,126900,126900,base=126900
INV-H4-000274,H4-L00274-04,Ambulatory Obstetric Case Conference,False,21,11875,249375,base=13975; bundle=11875
INV-H4-000274,H4-L00274-05,Focused Vascular Infusion Therapy,False,31,4900,151900,base=5775; bundle=4900
INV-H4-000274,H4-L00274-06,Supervised Pulmonary Anaesthesia Administration,False,8,13500,108000,base=13500
INV-H4-000274,H4-L00274-07,Extended Hepatic Discharge Planning,False,1,7950,7950,base=7950
INV-H4-000276,H4-L00276-01,Advanced Orthopaedic Ward Bed Occupancy,False,5,97925,489625,base=97925; quantity=5<=cap=12
INV-H4-000276,H4-L00276-02,Extended Renal Ward Bed Occupancy,False,4,174050,696200,base=174050
INV-H4-000276,H4-L00276-03,Extended Obstetric Case Conference,False,2,41425,82850,base=41425
INV-H4-000276,H4-L00276-04,Intensive Paediatric Consultation,False,3,39175,117525,base=39175
INV-H4-000276,H4-L00276-05,Preoperative Musculoskeletal Recovery Room Occupancy,False,1,162775,162775,base=162775
INV-H4-000276,H4-L00276-06,Standard Hepatic Infusion Therapy,False,4,3975,15900,base=3975
INV-H4-000276,H4-L00276-07,Postoperative Paediatric Imaging Interpretation,False,2,88600,177200,base=88600; no identified exclusion trigger
INV-H4-000276,H4-L00276-08,Postoperative Geriatric Imaging Interpretation,False,6,43925,263550,base=43925
INV-H4-000276,H4-L00276-09,Postoperative Rheumatologic Nursing Observation,False,1,46425,46425,base=46425; quantity=1<=cap=6
INV-H4-000276,H4-L00276-10,Extended Rheumatologic Nursing Observation,False,4,87375,349500,base=87375
INV-H4-000276,H4-L00276-11,Focused Metabolic Biopsy Procedure,False,8,15025,120200,base=15025; quantity=8<=cap=8
INV-H4-000276,H4-L00276-12,Outpatient Rheumatologic Anaesthesia Administration,False,23,20875,480125,base=20875
INV-H4-000276,H4-L00276-13,Postoperative Oncology Diagnostic Imaging,False,8,23250,186000,base=23250; quantity=8<=cap=12
INV-H4-000276,H4-L00276-14,Bedside Obstetric Imaging Interpretation,False,2,365675,731350,base=365675
INV-H4-000276,H4-L00276-15,Intensive Geriatric Case Conference,False,1,10475,10475,base=10475; quantity=1<=cap=8
INV-H4-000276,H4-L00276-16,Preoperative Haematology Imaging Interpretation,False,4,11375,45500,base=11375
INV-H4-000276,H4-L00276-17,Comprehensive Urologic Imaging Interpretation,False,6,23075,138450,base=23075
INV-H4-000279,H4-L00279-01,Bedside Cardiac Home Visit,False,3,64800,194400,base=64800
INV-H4-000279,H4-L00279-02,Preoperative Haematology Imaging Interpretation,False,2,11375,22750,base=11375
INV-H4-000279,H4-L00279-03,Comprehensive Urologic Imaging Interpretation,False,7,23075,161525,base=23075
INV-H4-000279,H4-L00279-04,Outpatient Obstetric Dialysis Session,False,2,367900,735800,base=367900
INV-H4-000279,H4-L00279-05,Focused Metabolic Biopsy Procedure,False,6,15025,90150,base=15025; quantity=6<=cap=8
INV-H4-000279,H4-L00279-06,Ambulatory Cardiac Ward Bed Occupancy,False,2,46350,92700,base=46350; quantity=2<=cap=4
INV-H4-000279,H4-L00279-07,Postoperative Otolaryngologic Telemetry Monitoring,False,21,10000,210000,base=10000; quantity=21<=cap=24
INV-H4-000279,H4-L00279-08,Focused Urologic Case Conference,False,15,20200,303000,base=20200; no identified exclusion trigger
INV-H4-000279,H4-L00279-09,Bedside Gastrointestinal Biopsy Procedure,False,7,11075,77525,base=11075; quantity=7<=cap=8
INV-H4-000279,H4-L00279-10,Intensive Paediatric Consultation,False,1,39175,39175,base=39175
INV-H4-000279,H4-L00279-11,Assisted Obstetric Specimen Analysis,False,4,10100,40400,base=10100
INV-H4-000279,H4-L00279-12,Standard Hepatic Infusion Therapy,False,23,4571,105133,base=3975; premium=15%
INV-H4-000281,H4-L00281-01,Advanced Palliative Home Visit,False,3,11450,34350,base=11450
INV-H4-000281,H4-L00281-02,Supervised Pulmonary Anaesthesia Administration,False,16,13500,216000,base=13500
INV-H4-000281,H4-L00281-03,Outpatient Obstetric Dialysis Session,False,1,367900,367900,base=367900
INV-H4-000281,H4-L00281-04,Assisted Gastrointestinal Anaesthesia Administration,False,16,3050,48800,base=3050; quantity=16<=cap=24
INV-H4-000281,H4-L00281-05,Extended Urologic Telemetry Monitoring,False,4,144825,579300,base=144825; quantity=4<=cap=12
INV-H4-000281,H4-L00281-06,Ambulatory Gastrointestinal Nutritional Support,False,30,4801,144030,base=4175; premium=15%
INV-H4-000281,H4-L00281-07,Specialist Hepatic Discharge Planning,False,3,41175,123525,base=41175
INV-H4-000282,H4-L00282-01,Focused Vascular Infusion Therapy,False,35,5775,202125,base=5775
INV-H4-000282,H4-L00282-02,Preoperative Haematology Imaging Interpretation,False,7,11375,79625,base=11375
INV-H4-000282,H4-L00282-03,Postoperative Otolaryngologic Telemetry Monitoring,False,8,10000,80000,base=10000; quantity=8<=cap=24
INV-H4-000282,H4-L00282-04,Elective Neurological Ward Bed Occupancy,False,1,170125,170125,base=170125
INV-H4-000282,H4-L00282-05,Intensive Urologic Specimen Analysis,False,11,19675,216425,base=19675; quantity=11<=cap=24
INV-H4-000282,H4-L00282-06,Comprehensive Neurological Endoscopic Procedure,False,2,309275,618550,base=309275
INV-H4-000282,H4-L00282-07,Focused Vascular Infusion Therapy,False,6,5775,34650,base=5775
INV-H4-000284,H4-L00284-01,Postoperative Oncology Diagnostic Imaging,False,6,23250,139500,base=23250; quantity=6<=cap=12
INV-H4-000284,H4-L00284-02,Bedside Cardiac Home Visit,False,2,64800,129600,base=64800
INV-H4-000284,H4-L00284-03,Comprehensive Ophthalmic Laboratory Panel,False,1,58525,58525,base=58525; no identified exclusion trigger
INV-H4-000284,H4-L00284-04,Intermittent Neurological Laboratory Panel,False,7,10175,71225,base=10175; no identified exclusion trigger
INV-H4-000284,H4-L00284-05,Extended Hepatic Transfusion Service,False,6,8450,50700,base=8450; quantity=6<=cap=8
INV-H4-000284,H4-L00284-06,Specialist Hepatic Discharge Planning,False,2,41175,82350,base=41175
INV-H4-000286,H4-L00286-01,Postoperative Otolaryngologic Telemetry Monitoring,False,23,10000,230000,base=10000; quantity=23<=cap=24
INV-H4-000286,H4-L00286-02,Outpatient Obstetric Dialysis Session,False,1,367900,367900,base=367900
INV-H4-000286,H4-L00286-03,Supervised Pulmonary Anaesthesia Administration,False,7,13500,94500,base=13500
INV-H4-000286,H4-L00286-04,Outpatient Urologic Endoscopic Procedure,False,2,372925,745850,base=372925
INV-H4-000286,H4-L00286-05,Continuous Gastrointestinal Transfusion Service,False,2,308100,616200,base=308100; no identified exclusion trigger
INV-H4-000292,H4-L00292-01,Postoperative Rheumatologic Nursing Observation,False,5,46425,232125,base=46425; quantity=5<=cap=6
INV-H4-000292,H4-L00292-02,Advanced Paediatric Theatre Time,False,17,37100,630700,base=37100; no identified exclusion trigger
INV-H4-000292,H4-L00292-03,Emergency Rheumatologic Rehabilitation Programme,False,2,62000,124000,base=62000
INV-H4-000292,H4-L00292-04,Outpatient Geriatric Diagnostic Imaging,False,2,190450,380900,base=190450
INV-H4-000292,H4-L00292-05,Ambulatory Musculoskeletal Specimen Analysis,False,7,9550,66850,base=9550
INV-H4-000292,H4-L00292-06,Continuous Psychiatric Rehabilitation Programme,False,4,28625,114500,base=34900; bundle=28625
INV-H4-000292,H4-L00292-07,Postoperative Palliative Recovery Room Occupancy,False,2,70975,141950,base=86550; bundle=70975
INV-H4-000292,H4-L00292-08,Postoperative Otolaryngologic Telemetry Monitoring,False,2,10000,20000,base=10000; quantity=2<=cap=24
INV-H4-000292,H4-L00292-09,Assisted Paediatric Theatre Time,False,16,9275,148400,base=9275; no identified exclusion trigger
INV-H4-000292,H4-L00292-10,Assisted Paediatric Theatre Time,False,13,9275,120575,base=9275; no identified exclusion trigger
INV-H4-000294,H4-L00294-01,Preoperative Geriatric Diagnostic Imaging,False,7,19550,136850,base=19550
INV-H4-000294,H4-L00294-02,Focused Vascular Infusion Therapy,False,2,4900,9800,base=5775; bundle=4900
INV-H4-000294,H4-L00294-03,Ambulatory Obstetric Case Conference,False,14,11875,166250,base=13975; bundle=11875
INV-H4-000294,H4-L00294-04,Postoperative Paediatric Sterilisation Service,False,7,16050,112350,base=16050; quantity=7<=cap=8
INV-H4-000294,H4-L00294-05,Ambulatory Haematology Transfusion Service,True,1,402275,402275,base=402275; no identified exclusion trigger
INV-H4-000296,H4-L00296-01,Continuous Infectious Critical Care Occupancy,False,19,19495,370405,base=13925; premium=40%
INV-H4-000296,H4-L00296-02,Assisted Paediatric Theatre Time,False,18,9275,166950,base=9275; no identified exclusion trigger
INV-H4-000296,H4-L00296-03,Ambulatory Rheumatologic Rehabilitation Programme,False,2,38325,76650,base=38325
INV-H4-000296,H4-L00296-04,Intensive Urologic Specimen Analysis,False,7,19675,137725,base=19675; quantity=7<=cap=24
INV-H4-000296,H4-L00296-05,Extended Urologic Telemetry Monitoring,False,4,144825,579300,base=144825; quantity=4<=cap=12
INV-H4-000296,H4-L00296-06,Intermittent Renal Anaesthesia Administration,False,17,6600,112200,base=6600
INV-H4-000310,H4-L00310-01,Preoperative Oncology Diagnostic Imaging,False,1,102650,102650,base=102650; quantity=1<=cap=8
INV-H4-000310,H4-L00310-02,Extended Rheumatologic Nursing Observation,False,5,87375,436875,base=87375
INV-H4-000310,H4-L00310-03,Postoperative Paediatric Imaging Interpretation,False,1,88600,88600,base=88600; no identified exclusion trigger
INV-H4-000310,H4-L00310-04,Preoperative Haematology Imaging Interpretation,False,2,11375,22750,base=11375
INV-H4-000310,H4-L00310-05,Postoperative Palliative Recovery Room Occupancy,False,1,70975,70975,base=86550; bundle=70975
INV-H4-000310,H4-L00310-06,Continuous Psychiatric Rehabilitation Programme,False,5,28625,143125,base=34900; bundle=28625
INV-H4-000310,H4-L00310-07,Assisted Paediatric Theatre Time,False,15,9275,139125,base=9275; no identified exclusion trigger
INV-H4-000310,H4-L00310-08,Continuous Infectious Critical Care Occupancy,False,16,19495,311920,base=13925; premium=40%
INV-H4-000312,H4-L00312-01,Ambulatory Rheumatologic Rehabilitation Programme,False,1,38325,38325,base=38325
INV-H4-000312,H4-L00312-02,Assisted Urologic Nursing Observation,False,1,132675,132675,base=132675; quantity=1<=cap=4
INV-H4-000312,H4-L00312-03,Intensive Urologic Specimen Analysis,False,12,19675,236100,base=19675; quantity=12<=cap=24
INV-H4-000312,H4-L00312-04,Supervised Pulmonary Anaesthesia Administration,False,13,13500,175500,base=13500
INV-H4-000312,H4-L00312-05,Standard Vascular Home Visit,False,2,26200,52400,base=26200
INV-H4-000312,H4-L00312-06,Extended Hepatic Discharge Planning,False,2,7950,15900,base=7950
INV-H4-000312,H4-L00312-07,Routine Cardiac Home Visit,False,3,16200,48600,base=16200
INV-H4-000313,H4-L00313-01,Preoperative Geriatric Diagnostic Imaging,False,4,19550,78200,base=19550
INV-H4-000313,H4-L00313-02,Inpatient Psychiatric Home Visit,False,1,19275,19275,base=19275; no identified exclusion trigger
INV-H4-000313,H4-L00313-03,Assisted Paediatric Theatre Time,False,19,9275,176225,base=9275; no identified exclusion trigger
INV-H4-000313,H4-L00313-04,Preoperative Haematology Imaging Interpretation,False,7,11375,79625,base=11375
INV-H4-000313,H4-L00313-05,Routine Cardiac Home Visit,False,3,16200,48600,base=16200
INV-H4-000313,H4-L00313-06,Bedside Gastrointestinal Biopsy Procedure,False,8,11075,88600,base=11075; quantity=8<=cap=8
INV-H4-000313,H4-L00313-07,Specialist Cardiac Ventilation Support,False,15,18125,271875,base=18125; no identified exclusion trigger
INV-H4-000313,H4-L00313-08,Ambulatory Rheumatologic Rehabilitation Programme,False,1,38325,38325,base=38325
INV-H4-000314,H4-L00314-01,Ambulatory Cardiac Ward Bed Occupancy,False,1,46350,46350,base=46350; quantity=1<=cap=4
INV-H4-000314,H4-L00314-02,Standard Vascular Home Visit,False,2,26200,52400,base=26200
INV-H4-000314,H4-L00314-03,Postoperative Rheumatologic Nursing Observation,False,3,46425,139275,base=46425; quantity=3<=cap=6
INV-H4-000314,H4-L00314-04,Routine Cardiac Home Visit,False,3,16200,48600,base=16200
INV-H4-000314,H4-L00314-05,Ambulatory Obstetric Case Conference,False,2,11875,23750,base=13975; bundle=11875
INV-H4-000314,H4-L00314-06,Focused Vascular Infusion Therapy,False,20,4900,98000,base=5775; bundle=4900
INV-H4-000314,H4-L00314-07,Focused Vascular Transport Service,False,10,24450,244500,base=24450; no identified exclusion trigger
INV-H4-000314,H4-L00314-08,Bedside Gastrointestinal Biopsy Procedure,False,4,11075,44300,base=11075; quantity=4<=cap=8
INV-H4-000315,H4-L00315-01,Assisted Urologic Nursing Observation,False,4,132675,530700,base=132675; quantity=4<=cap=4
INV-H4-000315,H4-L00315-02,Advanced Orthopaedic Ward Bed Occupancy,False,3,97925,293775,base=97925; quantity=3<=cap=12
INV-H4-000315,H4-L00315-03,Postoperative Rheumatologic Nursing Observation,False,2,46425,92850,base=46425; quantity=2<=cap=6
INV-H4-000315,H4-L00315-04,Preoperative Geriatric Diagnostic Imaging,False,6,19550,117300,base=19550
INV-H4-000315,H4-L00315-05,Extended Rheumatologic Nursing Observation,False,5,87375,436875,base=87375
INV-H4-000315,H4-L00315-06,Extended Hepatic Transfusion Service,False,4,8450,33800,base=8450; quantity=4<=cap=8
INV-H4-000315,H4-L00315-07,Focused Urologic Case Conference,False,7,20200,141400,base=20200; no identified exclusion trigger
INV-H4-000315,H4-L00315-08,Standard Vascular Home Visit,False,2,26200,52400,base=26200
INV-H4-000317,H4-L00317-01,Outpatient Cardiac Physiotherapy Session,False,3,27300,81900,base=27300
INV-H4-000317,H4-L00317-02,Elective Obstetric Transfusion Service,False,21,1250,26250,base=1425; bundle=1250
INV-H4-000317,H4-L00317-03,Intermittent Rheumatologic Dialysis Session,False,2,111675,223350,base=126900; bundle=111675
INV-H4-000317,H4-L00317-04,Elective Ophthalmic Radiotherapy Fraction,False,1,373600,373600,base=373600
INV-H4-000317,H4-L00317-05,Continuous Psychiatric Rehabilitation Programme,False,3,34900,104700,base=34900
INV-H4-000317,H4-L00317-06,Inpatient Psychiatric Home Visit,False,2,19275,38550,base=19275; no identified exclusion trigger
INV-H4-000317,H4-L00317-07,Intermittent Neurological Laboratory Panel,False,7,10175,71225,base=10175; no identified exclusion trigger
INV-H4-000317,H4-L00317-08,Bedside Cardiac Home Visit,False,2,64800,129600,base=64800
INV-H4-000317,H4-L00317-09,Standard Ophthalmic Laboratory Panel,False,5,17925,89625,base=17925; no identified exclusion trigger
INV-H4-000317,H4-L00317-10,Ambulatory Cardiac Ward Bed Occupancy,False,2,46350,92700,base=46350; quantity=2<=cap=4
INV-H4-000317,H4-L00317-11,Postoperative Cardiac Wound Care,False,2,17325,34650,base=17325; no identified exclusion trigger
INV-H4-000317,H4-L00317-12,Assisted Paediatric Physiotherapy Session,False,6,3150,18900,base=3150
INV-H4-000317,H4-L00317-13,Focused Vascular Infusion Therapy,False,17,4900,83300,base=5775; bundle=4900
INV-H4-000317,H4-L00317-14,Ambulatory Obstetric Case Conference,False,4,11875,47500,base=13975; bundle=11875
INV-H4-000317,H4-L00317-15,Preoperative Geriatric Diagnostic Imaging,False,3,19550,58650,base=19550
INV-H4-000317,H4-L00317-16,Intensive Geriatric Case Conference,False,2,10475,20950,base=10475; quantity=2<=cap=8
INV-H4-000317,H4-L00317-17,Outpatient Obstetric Dialysis Session,False,1,367900,367900,base=367900
INV-H4-000317,H4-L00317-18,Supervised Rheumatologic Dialysis Session,False,3,13900,41700,base=17375; bundle=13900
INV-H4-000317,H4-L00317-19,Specialist Immunologic Consultation,False,1,91600,91600,base=114500; bundle=91600
INV-H4-000317,H4-L00317-20,Emergency Metabolic Radiotherapy Fraction,False,1,364925,364925,base=364925
INV-H4-000318,H4-L00318-01,Focused Vascular Transport Service,False,2,24450,48900,base=24450; no identified exclusion trigger
INV-H4-000318,H4-L00318-02,Advanced Palliative Home Visit,False,3,11450,34350,base=11450
INV-H4-000318,H4-L00318-03,Ambulatory Haematology Transfusion Service,True,1,402275,402275,base=402275; no identified exclusion trigger
INV-H4-000318,H4-L00318-04,Focused Vascular Transport Service,False,8,24450,195600,base=24450; no identified exclusion trigger
INV-H4-000318,H4-L00318-05,Preoperative Haematology Imaging Interpretation,False,8,11375,91000,base=11375
INV-H4-000318,H4-L00318-06,Emergency Metabolic Radiotherapy Fraction,False,1,364925,364925,base=364925
INV-H4-000318,H4-L00318-07,Ambulatory Musculoskeletal Ventilation Support,False,3,133578,400734,"base=157150; prior=[167,225],discount=15%"
INV-H4-000318,H4-L00318-08,Outpatient Obstetric Dialysis Session,False,2,367900,735800,base=367900
INV-H4-000318,H4-L00318-09,Continuous Infectious Critical Care Occupancy,False,5,13925,69625,base=13925
INV-H4-000318,H4-L00318-10,Emergency Rheumatologic Rehabilitation Programme,False,4,62000,248000,base=62000
INV-H4-000318,H4-L00318-11,Outpatient Rheumatologic Anaesthesia Administration,False,4,20875,83500,base=20875
INV-H4-000318,H4-L00318-12,Supervised Immunologic Ward Bed Occupancy,False,4,194400,777600,base=194400
INV-H4-000318,H4-L00318-13,Intermittent Renal Anaesthesia Administration,True,7,6600,46200,base=6600
INV-H4-000318,H4-L00318-14,Ambulatory Gastrointestinal Nutritional Support,False,2,4175,8350,base=4175
INV-H4-000318,H4-L00318-15,Advanced Oncology Ward Bed Occupancy,False,6,68700,412200,base=68700
INV-H4-000318,H4-L00318-16,Advanced Paediatric Theatre Time,False,21,37100,779100,base=37100; no identified exclusion trigger
INV-H4-000320,H4-L00320-01,Supervised Pulmonary Home Visit,False,1,28675,28675,base=28675
INV-H4-000320,H4-L00320-02,Postoperative Paediatric Imaging Interpretation,False,2,88600,177200,base=88600; no identified exclusion trigger
INV-H4-000320,H4-L00320-03,Ambulatory Haematology Transfusion Service,False,2,402275,804550,base=402275; no identified exclusion trigger
INV-H4-000320,H4-L00320-04,Intermittent Rheumatologic Dialysis Session,False,2,111675,223350,base=126900; bundle=111675
INV-H4-000320,H4-L00320-05,Elective Obstetric Transfusion Service,False,13,1250,16250,base=1425; bundle=1250
INV-H4-000320,H4-L00320-06,Focused Vascular Infusion Therapy,False,32,4900,156800,base=5775; bundle=4900
INV-H4-000320,H4-L00320-07,Ambulatory Obstetric Case Conference,False,7,11875,83125,base=13975; bundle=11875
INV-H4-000320,H4-L00320-08,Ambulatory Musculoskeletal Ventilation Support,False,4,133578,534312,"base=157150; prior=[163,221],discount=15%"
INV-H4-000328,H4-L00328-01,Ambulatory Haematology Transfusion Service,False,1,402275,402275,base=402275; no identified exclusion trigger
INV-H4-000328,H4-L00328-02,Ambulatory Paediatric Critical Care Occupancy,False,23,3550,81650,base=4750; bundle=3550
INV-H4-000328,H4-L00328-03,Ambulatory Rheumatologic Rehabilitation Programme,False,3,28750,86250,base=38325; bundle=28750
INV-H4-000328,H4-L00328-04,Supervised Pulmonary Home Visit,False,2,28675,57350,base=28675
INV-H4-000328,H4-L00328-05,Emergency Rheumatologic Rehabilitation Programme,False,2,62000,124000,base=62000
INV-H4-000328,H4-L00328-06,Assisted Cardiac Ventilation Support,False,1,155700,155700,base=155700
INV-H4-000328,H4-L00328-07,Emergency Cardiac Physiotherapy Session,False,1,9875,9875,base=9875
INV-H4-000330,H4-L00330-01,Specialist Hepatic Discharge Planning,False,2,41175,82350,base=41175
INV-H4-000330,H4-L00330-02,Inpatient Orthopaedic Anaesthesia Administration,False,1,145950,145950,base=145950; quantity=1<=cap=8
INV-H4-000330,H4-L00330-03,Ambulatory Paediatric Critical Care Occupancy,False,23,4750,109250,base=4750
INV-H4-000330,H4-L00330-04,Extended Hepatic Discharge Planning,False,7,7950,55650,base=7950
INV-H4-000330,H4-L00330-05,Routine Cardiac Home Visit,False,3,16200,48600,base=16200
INV-H4-000330,H4-L00330-06,Postoperative Otolaryngologic Telemetry Monitoring,False,20,10000,200000,base=10000; quantity=20<=cap=24
INV-H4-000330,H4-L00330-07,Focused Urologic Case Conference,False,9,20200,181800,base=20200; no identified exclusion trigger
INV-H4-000330,H4-L00330-08,Postoperative Cardiac Wound Care,False,8,17325,138600,base=17325; no identified exclusion trigger
INV-H4-000330,H4-L00330-09,Standard Paediatric Dialysis Session,False,1,368050,368050,base=368050
INV-H4-000334,H4-L00334-01,Preoperative Oncology Diagnostic Imaging,False,1,102650,102650,base=102650; quantity=1<=cap=8
INV-H4-000334,H4-L00334-02,Focused Metabolic Biopsy Procedure,False,3,15025,45075,base=15025; quantity=3<=cap=8
INV-H4-000334,H4-L00334-03,Emergency Metabolic Radiotherapy Fraction,False,2,364925,729850,base=364925
INV-H4-000334,H4-L00334-04,Intensive Vascular Sterilisation Service,False,1,25350,25350,base=25350
INV-H4-000334,H4-L00334-05,Focused Vascular Transport Service,False,4,24450,97800,base=24450; no identified exclusion trigger
INV-H4-000334,H4-L00334-06,Intermittent Neurological Laboratory Panel,False,7,10175,71225,base=10175; no identified exclusion trigger
INV-H4-000337,H4-L00337-01,Supervised Pulmonary Home Visit,False,3,28675,86025,base=28675
INV-H4-000337,H4-L00337-02,Preoperative Musculoskeletal Recovery Room Occupancy,False,6,162775,976650,base=162775
INV-H4-000337,H4-L00337-03,Preoperative Geriatric Diagnostic Imaging,False,5,19550,97750,base=19550
INV-H4-000337,H4-L00337-04,Ambulatory Haematology Transfusion Service,False,2,402275,804550,base=402275; no identified exclusion trigger
INV-H4-000337,H4-L00337-05,Specialist Hepatic Discharge Planning,False,1,41175,41175,base=41175
INV-H4-000337,H4-L00337-06,Continuous Infectious Critical Care Occupancy,False,17,19495,331415,base=13925; premium=40%
INV-H4-000337,H4-L00337-07,Emergency Cardiac Physiotherapy Session,False,4,9875,39500,base=9875
INV-H4-000337,H4-L00337-08,Postoperative Cardiac Wound Care,False,12,17325,207900,base=17325; no identified exclusion trigger
INV-H4-000337,H4-L00337-09,Postoperative Paediatric Imaging Interpretation,False,2,88600,177200,base=88600; no identified exclusion trigger
INV-H4-000339,H4-L00339-01,Inpatient Psychiatric Home Visit,False,3,19275,57825,base=19275; no identified exclusion trigger
INV-H4-000339,H4-L00339-02,Ambulatory Immunologic Ward Bed Occupancy,False,2,74700,149400,base=74700; quantity=2<=cap=4
INV-H4-000339,H4-L00339-03,Ambulatory Haematology Transfusion Service,False,1,402275,402275,base=402275; no identified exclusion trigger
INV-H4-000339,H4-L00339-04,Comprehensive Urologic Imaging Interpretation,False,3,23075,69225,base=23075
INV-H4-000339,H4-L00339-05,Postoperative Paediatric Imaging Interpretation,False,2,88600,177200,base=88600; no identified exclusion trigger
INV-H4-000339,H4-L00339-06,Assisted Cardiac Ventilation Support,False,1,155700,155700,base=155700
INV-H4-000339,H4-L00339-07,Preoperative Musculoskeletal Recovery Room Occupancy,False,2,162775,325550,base=162775
INV-H4-000339,H4-L00339-08,Continuous Infectious Critical Care Occupancy,False,21,19495,409395,base=13925; premium=40%
INV-H4-000339,H4-L00339-09,Intermittent Neurological Laboratory Panel,False,5,10175,50875,base=10175; no identified exclusion trigger
INV-H4-000339,H4-L00339-10,Postoperative Palliative Recovery Room Occupancy,False,5,86550,432750,base=86550
INV-H4-000339,H4-L00339-11,Extended Hepatic Transfusion Service,False,5,8450,42250,base=8450; quantity=5<=cap=8
INV-H4-000339,H4-L00339-12,Assisted Paediatric Theatre Time,False,20,9275,185500,base=9275; no identified exclusion trigger
INV-H4-000339,H4-L00339-13,Intensive Geriatric Case Conference,False,3,10475,31425,base=10475; quantity=3<=cap=8
INV-H4-000340,H4-L00340-01,Ambulatory Gastrointestinal Nutritional Support,False,7,4175,29225,base=4175
INV-H4-000340,H4-L00340-02,Intensive Geriatric Case Conference,False,1,10475,10475,base=10475; quantity=1<=cap=8
INV-H4-000340,H4-L00340-03,Preoperative Oncology Diagnostic Imaging,False,1,102650,102650,base=102650; quantity=1<=cap=8
INV-H4-000340,H4-L00340-04,Preoperative Musculoskeletal Recovery Room Occupancy,False,2,162775,325550,base=162775
INV-H4-000340,H4-L00340-05,Continuous Psychiatric Rehabilitation Programme,False,3,34900,104700,base=34900
INV-H4-000341,H4-L00341-01,Preoperative Musculoskeletal Recovery Room Occupancy,False,4,162775,651100,base=162775
INV-H4-000341,H4-L00341-02,Ambulatory Musculoskeletal Ventilation Support,False,2,133578,267156,"base=157150; prior=[180,238],discount=15%"
INV-H4-000341,H4-L00341-03,Focused Metabolic Biopsy Procedure,False,1,15025,15025,base=15025; quantity=1<=cap=8
INV-H4-000341,H4-L00341-04,Assisted Urologic Nursing Observation,False,4,132675,530700,base=132675; quantity=4<=cap=4
INV-H4-000341,H4-L00341-05,Assisted Urologic Nursing Observation,False,2,132675,265350,base=132675; quantity=2<=cap=4
INV-H4-000341,H4-L00341-06,Advanced Orthopaedic Ward Bed Occupancy,False,3,97925,293775,base=97925; quantity=3<=cap=12
INV-H4-000341,H4-L00341-07,Intensive Vascular Sterilisation Service,False,10,25350,253500,base=25350
INV-H4-000341,H4-L00341-08,Supervised Gastrointestinal Nursing Observation,False,3,156825,470475,base=156825; no identified exclusion trigger
INV-H4-000341,H4-L00341-09,Preoperative Musculoskeletal Recovery Room Occupancy,False,3,162775,488325,base=162775
INV-H4-000341,H4-L00341-10,Elective Obstetric Transfusion Service,False,31,1425,44175,base=1425
INV-H4-000341,H4-L00341-11,Assisted Cardiac Ventilation Support,False,5,155700,778500,base=155700
INV-H4-000341,H4-L00341-12,Outpatient Urologic Theatre Time,False,6,7650,45900,base=7650
INV-H4-000341,H4-L00341-13,Outpatient Urologic Endoscopic Procedure,False,2,372925,745850,base=372925
INV-H4-000341,H4-L00341-14,Postoperative Paediatric Sterilisation Service,False,1,16050,16050,base=16050; quantity=1<=cap=8
INV-H4-000341,H4-L00341-15,Ambulatory Haematology Transfusion Service,False,1,402275,402275,base=402275; no identified exclusion trigger
INV-H4-000341,H4-L00341-16,Supervised Vascular Radiotherapy Fraction,False,6,15825,94950,base=15825
INV-H4-000341,H4-L00341-17,Elective Ophthalmic Radiotherapy Fraction,False,1,373600,373600,base=373600
INV-H4-000343,H4-L00343-01,Intensive Vascular Sterilisation Service,False,10,25350,253500,base=25350
INV-H4-000343,H4-L00343-02,Postoperative Oncology Diagnostic Imaging,False,3,23250,69750,base=23250; quantity=3<=cap=12
INV-H4-000343,H4-L00343-03,Outpatient Orthopaedic Recovery Room Occupancy,False,17,9375,159375,base=11025; bundle=9375
INV-H4-000343,H4-L00343-04,Assisted Paediatric Physiotherapy Session,False,16,2675,42800,base=3150; bundle=2675
INV-H4-000343,H4-L00343-05,Postoperative Paediatric Imaging Interpretation,False,2,88600,177200,base=88600; no identified exclusion trigger
INV-H4-000343,H4-L00343-06,Focused Vascular Infusion Therapy,False,23,4900,112700,base=5775; bundle=4900
INV-H4-000343,H4-L00343-07,Ambulatory Obstetric Case Conference,False,18,11875,213750,base=13975; bundle=11875
INV-H4-000343,H4-L00343-08,Ambulatory Musculoskeletal Specimen Analysis,False,2,9550,19100,base=9550
INV-H4-000350,H4-L00350-01,Postoperative Oncology Diagnostic Imaging,False,8,23250,186000,base=23250; quantity=8<=cap=12
INV-H4-000350,H4-L00350-02,Outpatient Obstetric Dialysis Session,False,1,367900,367900,base=367900
INV-H4-000350,H4-L00350-03,Ambulatory Immunologic Ward Bed Occupancy,False,4,74700,298800,base=74700; quantity=4<=cap=4
INV-H4-000350,H4-L00350-04,Routine Cardiac Home Visit,False,3,16200,48600,base=16200
INV-H4-000350,H4-L00350-05,Intermittent Neurological Laboratory Panel,False,1,10175,10175,base=10175; no identified exclusion trigger
INV-H4-000350,H4-L00350-06,Specialist Gastrointestinal Imaging Interpretation,False,1,83625,83625,base=83625
INV-H4-000350,H4-L00350-07,Assisted Renal Nutritional Support,False,40,3575,143000,base=3575
INV-H4-000350,H4-L00350-08,Elective Neurological Ward Bed Occupancy,False,3,170125,510375,base=170125
INV-H4-000350,H4-L00350-09,Assisted Cardiac Ventilation Support,False,2,155700,311400,base=155700
INV-H4-000350,H4-L00350-10,Intensive Paediatric Consultation,False,2,39175,78350,base=39175
INV-H4-000350,H4-L00350-11,Continuous Psychiatric Rehabilitation Programme,False,6,34900,209400,base=34900
INV-H4-000350,H4-L00350-12,Postoperative Paediatric Sterilisation Service,False,4,16050,64200,base=16050; quantity=4<=cap=8
INV-H4-000350,H4-L00350-13,Standard Paediatric Dialysis Session,False,1,368050,368050,base=368050
INV-H4-000350,H4-L00350-14,Specialist Hepatic Discharge Planning,False,2,41175,82350,base=41175
INV-H4-000350,H4-L00350-15,Ambulatory Musculoskeletal Specimen Analysis,False,2,9550,19100,base=9550
INV-H4-000350,H4-L00350-16,Extended Psychiatric Endoscopic Procedure,False,1,325800,325800,base=325800
INV-H4-000350,H4-L00350-17,Ambulatory Cardiac Ward Bed Occupancy,False,2,46350,92700,base=46350; quantity=2<=cap=4
INV-H4-000350,H4-L00350-18,Standard Vascular Home Visit,False,3,26200,78600,base=26200
INV-H4-000359,H4-L00359-01,Ambulatory Gastrointestinal Nutritional Support,False,3,4175,12525,base=4175
INV-H4-000359,H4-L00359-02,Extended Hepatic Transfusion Service,False,8,8450,67600,base=8450; quantity=8<=cap=8
INV-H4-000359,H4-L00359-03,Extended Urologic Telemetry Monitoring,False,5,144825,724125,base=144825; quantity=5<=cap=12
INV-H4-000359,H4-L00359-04,Intermittent Renal Anaesthesia Administration,False,22,6600,145200,base=6600
INV-H4-000359,H4-L00359-05,Outpatient Urologic Endoscopic Procedure,False,2,372925,745850,base=372925
INV-H4-000359,H4-L00359-06,Elective Obstetric Transfusion Service,False,22,1250,27500,base=1425; bundle=1250
INV-H4-000359,H4-L00359-07,Intermittent Rheumatologic Dialysis Session,False,2,111675,223350,base=126900; bundle=111675
INV-H4-000365,H4-L00365-01,Assisted Paediatric Physiotherapy Session,False,7,3150,22050,base=3150
INV-H4-000365,H4-L00365-02,Postoperative Geriatric Case Conference,False,15,4275,64125,base=4275
INV-H4-000365,H4-L00365-03,Standard Oncology Ward Bed Occupancy,False,3,52155,156465,"base=57950; prior=[160,275],discount=10%"
INV-H4-000365,H4-L00365-04,Extended Hepatic Discharge Planning,False,10,7950,79500,base=7950
INV-H4-000365,H4-L00365-05,Bedside Obstetric Imaging Interpretation,False,2,365675,731350,base=365675
INV-H4-000365,H4-L00365-06,Supervised Gastrointestinal Nursing Observation,False,1,156825,156825,base=156825; no identified exclusion trigger
INV-H4-000365,H4-L00365-07,Ambulatory Gastrointestinal Nutritional Support,False,11,4175,45925,base=4175
INV-H4-000365,H4-L00365-08,Standard Vascular Home Visit,False,3,26200,78600,base=26200
INV-H4-000365,H4-L00365-09,Routine Cardiac Home Visit,False,1,16200,16200,base=16200
INV-H4-000365,H4-L00365-10,Focused Vascular Infusion Therapy,False,28,5775,161700,base=5775
INV-H4-000365,H4-L00365-11,Bedside Gastrointestinal Biopsy Procedure,False,8,11075,88600,base=11075; quantity=8<=cap=8
INV-H4-000365,H4-L00365-12,Inpatient Orthopaedic Anaesthesia Administration,False,1,145950,145950,base=145950; quantity=1<=cap=8
INV-H4-000370,H4-L00370-01,Assisted Paediatric Physiotherapy Session,False,7,3150,22050,base=3150
INV-H4-000370,H4-L00370-02,Supervised Vascular Radiotherapy Fraction,False,8,15825,126600,base=15825
INV-H4-000370,H4-L00370-03,Inpatient Psychiatric Home Visit,False,3,19275,57825,base=19275; no identified exclusion trigger
INV-H4-000370,H4-L00370-04,Focused Urologic Case Conference,False,5,20200,101000,base=20200; no identified exclusion trigger
INV-H4-000370,H4-L00370-05,Supervised Vascular Radiotherapy Fraction,False,12,18199,218388,base=15825; premium=15%
INV-H4-000370,H4-L00370-06,Continuous Infectious Critical Care Occupancy,False,12,19495,233940,base=13925; premium=40%
INV-H4-000370,H4-L00370-07,Intermittent Psychiatric Rehabilitation Programme,False,3,32275,96825,base=32275
INV-H4-000370,H4-L00370-08,Advanced Orthopaedic Ward Bed Occupancy,False,1,97925,97925,base=97925; quantity=1<=cap=12
INV-H4-000370,H4-L00370-09,Advanced Palliative Home Visit,False,2,11450,22900,base=11450
INV-H4-000370,H4-L00370-10,Postoperative Rheumatologic Nursing Observation,False,5,46425,232125,base=46425; quantity=5<=cap=6
INV-H4-000370,H4-L00370-11,Postoperative Paediatric Sterilisation Service,False,2,16050,32100,base=16050; quantity=2<=cap=8
INV-H4-000370,H4-L00370-12,Intermittent Oncology Home Visit,False,1,22050,22050,base=22050
INV-H4-000370,H4-L00370-13,Ambulatory Immunologic Ward Bed Occupancy,False,2,74700,149400,base=74700; quantity=2<=cap=4
INV-H4-000370,H4-L00370-14,Postoperative Otolaryngologic Telemetry Monitoring,False,4,10000,40000,base=10000; quantity=4<=cap=24
INV-H4-000370,H4-L00370-15,Focused Urologic Case Conference,False,5,20200,101000,base=20200; no identified exclusion trigger
INV-H4-000372,H4-L00372-01,Postoperative Paediatric Sterilisation Service,False,6,16050,96300,base=16050; quantity=6<=cap=8
INV-H4-000372,H4-L00372-02,Intensive Vascular Sterilisation Service,False,4,25350,101400,base=25350
INV-H4-000372,H4-L00372-03,Intermittent Psychiatric Rehabilitation Programme,False,3,32275,96825,base=32275
INV-H4-000372,H4-L00372-04,Outpatient Orthopaedic Recovery Room Occupancy,False,12,11025,132300,base=11025
INV-H4-000372,H4-L00372-05,Ambulatory Musculoskeletal Specimen Analysis,False,5,9550,47750,base=9550
INV-H4-000373,H4-L00373-01,Standard Vascular Home Visit,False,2,26200,52400,base=26200
INV-H4-000373,H4-L00373-02,Extended Rheumatologic Nursing Observation,False,6,87375,524250,base=87375
INV-H4-000373,H4-L00373-03,Comprehensive Urologic Imaging Interpretation,False,6,23075,138450,base=23075
INV-H4-000373,H4-L00373-04,Standard Hepatic Infusion Therapy,False,27,4571,123417,base=3975; premium=15%
INV-H4-000373,H4-L00373-05,Ambulatory Haematology Transfusion Service,False,1,402275,402275,base=402275; no identified exclusion trigger
INV-H4-000373,H4-L00373-06,Focused Vascular Infusion Therapy,False,38,5775,219450,base=5775
INV-H4-000373,H4-L00373-07,Intensive Geriatric Case Conference,False,3,10475,31425,base=10475; quantity=3<=cap=8
INV-H4-000373,H4-L00373-08,Ambulatory Cardiac Ward Bed Occupancy,False,1,46350,46350,base=46350; quantity=1<=cap=4
INV-H4-000373,H4-L00373-09,Assisted Paediatric Physiotherapy Session,False,20,2675,53500,base=3150; bundle=2675
INV-H4-000373,H4-L00373-10,Outpatient Orthopaedic Recovery Room Occupancy,False,20,9375,187500,base=11025; bundle=9375
INV-H4-000373,H4-L00373-11,Supervised Immunologic Ward Bed Occupancy,False,2,194400,388800,base=194400
INV-H4-000373,H4-L00373-12,Inpatient Orthopaedic Anaesthesia Administration,False,2,145950,291900,base=145950; quantity=2<=cap=8
INV-H4-000373,H4-L00373-13,Preoperative Haematology Imaging Interpretation,False,3,11375,34125,base=11375
INV-H4-000373,H4-L00373-14,Postoperative Palliative Recovery Room Occupancy,False,2,70975,141950,base=86550; bundle=70975
INV-H4-000373,H4-L00373-15,Continuous Psychiatric Rehabilitation Programme,False,5,28625,143125,base=34900; bundle=28625
INV-H4-000373,H4-L00373-16,Advanced Paediatric Theatre Time,False,22,37100,816200,base=37100; no identified exclusion trigger
INV-H4-000373,H4-L00373-17,Outpatient Urologic Theatre Time,False,4,7650,30600,base=7650
INV-H4-000375,H4-L00375-01,Supervised Vascular Radiotherapy Fraction,False,4,15825,63300,base=15825
INV-H4-000375,H4-L00375-02,Intensive Geriatric Case Conference,False,1,10475,10475,base=10475; quantity=1<=cap=8
INV-H4-000375,H4-L00375-03,Comprehensive Urologic Imaging Interpretation,False,4,23075,92300,base=23075
INV-H4-000375,H4-L00375-04,Standard Paediatric Dialysis Session,False,2,368050,736100,base=368050
INV-H4-000375,H4-L00375-05,Advanced Oncology Ward Bed Occupancy,False,3,68700,206100,base=68700
INV-H4-000375,H4-L00375-06,Postoperative Geriatric Imaging Interpretation,False,7,43925,307475,base=43925
INV-H4-000375,H4-L00375-07,Outpatient Rheumatologic Anaesthesia Administration,False,8,20875,167000,base=20875
INV-H4-000376,H4-L00376-01,Standard Vascular Home Visit,False,1,26200,26200,base=26200
INV-H4-000376,H4-L00376-02,Extended Hepatic Discharge Planning,False,2,7950,15900,base=7950
INV-H4-000376,H4-L00376-03,Extended Hepatic Transfusion Service,False,8,8450,67600,base=8450; quantity=8<=cap=8
INV-H4-000376,H4-L00376-04,Outpatient Geriatric Diagnostic Imaging,False,1,190450,190450,base=190450
INV-H4-000376,H4-L00376-05,Intermittent Neurological Laboratory Panel,False,3,10175,30525,base=10175; no identified exclusion trigger
INV-H4-000376,H4-L00376-06,Assisted Renal Nutritional Support,False,37,3575,132275,base=3575
INV-H4-000379,H4-L00379-01,Advanced Oncology Ward Bed Occupancy,False,3,68700,206100,base=68700
INV-H4-000379,H4-L00379-02,Inpatient Orthopaedic Anaesthesia Administration,False,2,145950,291900,base=145950; quantity=2<=cap=8
INV-H4-000379,H4-L00379-03,Focused Vascular Infusion Therapy,False,6,4900,29400,base=5775; bundle=4900
INV-H4-000379,H4-L00379-04,Ambulatory Obstetric Case Conference,False,5,11875,59375,base=13975; bundle=11875
INV-H4-000379,H4-L00379-05,Preoperative Oncology Diagnostic Imaging,False,2,102650,205300,base=102650; quantity=2<=cap=8
INV-H4-000379,H4-L00379-06,Assisted Urologic Nursing Observation,False,3,132675,398025,base=132675; quantity=3<=cap=4
INV-H4-000379,H4-L00379-07,Focused Urologic Case Conference,False,5,20200,101000,base=20200; no identified exclusion trigger
INV-H4-000379,H4-L00379-08,Ambulatory Paediatric Critical Care Occupancy,False,22,4750,104500,base=4750
INV-H4-000382,H4-L00382-01,Supervised Pulmonary Home Visit,False,3,28675,86025,base=28675
INV-H4-000382,H4-L00382-02,Postoperative Cardiac Wound Care,False,5,17325,86625,base=17325; no identified exclusion trigger
INV-H4-000382,H4-L00382-03,Extended Hepatic Transfusion Service,False,3,8450,25350,base=8450; quantity=3<=cap=8
INV-H4-000382,H4-L00382-04,Ambulatory Cardiac Ward Bed Occupancy,False,4,46350,185400,base=46350; quantity=4<=cap=4
INV-H4-000382,H4-L00382-05,Assisted Urologic Nursing Observation,False,3,132675,398025,base=132675; quantity=3<=cap=4
INV-H4-000391,H4-L00391-01,Supervised Rheumatologic Dialysis Session,False,1,17375,17375,base=17375
INV-H4-000391,H4-L00391-02,Specialist Cardiac Ventilation Support,False,5,18125,90625,base=18125; no identified exclusion trigger
INV-H4-000391,H4-L00391-03,Supervised Vascular Radiotherapy Fraction,False,11,18199,200189,base=15825; premium=15%
INV-H4-000391,H4-L00391-04,Intensive Vascular Sterilisation Service,False,10,25350,253500,base=25350
INV-H4-000391,H4-L00391-05,Bedside Gastrointestinal Biopsy Procedure,False,1,11075,11075,base=11075; quantity=1<=cap=8
INV-H4-000391,H4-L00391-06,Specialist Gastrointestinal Imaging Interpretation,False,2,83625,167250,base=83625
INV-H4-000391,H4-L00391-07,Postoperative Rheumatologic Nursing Observation,False,6,46425,278550,base=46425; quantity=6<=cap=6
INV-H4-000391,H4-L00391-08,Focused Vascular Transport Service,False,11,24450,268950,base=24450; no identified exclusion trigger
INV-H4-000391,H4-L00391-09,Preoperative Oncology Diagnostic Imaging,False,1,102650,102650,base=102650; quantity=1<=cap=8
INV-H4-000391,H4-L00391-10,Intermittent Renal Anaesthesia Administration,True,21,6600,138600,base=6600
INV-H4-000392,H4-L00392-01,Standard Oncology Ward Bed Occupancy,False,4,52155,208620,"base=57950; prior=[168,283],discount=10%"
INV-H4-000392,H4-L00392-02,Outpatient Rheumatologic Anaesthesia Administration,False,21,20875,438375,base=20875
INV-H4-000392,H4-L00392-03,Supervised Vascular Radiotherapy Fraction,False,12,18199,218388,base=15825; premium=15%
INV-H4-000392,H4-L00392-04,Extended Urologic Telemetry Monitoring,False,6,144825,868950,base=144825; quantity=6<=cap=12
INV-H4-000392,H4-L00392-05,Intensive Paediatric Consultation,False,3,39175,117525,base=39175
INV-H4-000392,H4-L00392-06,Standard Oncology Ward Bed Occupancy,False,1,52155,52155,"base=57950; prior=[172,287],discount=10%"
INV-H4-000403,H4-L00403-01,Extended Rheumatologic Nursing Observation,False,6,87375,524250,base=87375
INV-H4-000403,H4-L00403-02,Elective Ophthalmic Radiotherapy Fraction,False,1,373600,373600,base=373600
INV-H4-000403,H4-L00403-03,Postoperative Otolaryngologic Telemetry Monitoring,False,18,10000,180000,base=10000; quantity=18<=cap=24
INV-H4-000403,H4-L00403-04,Ambulatory Musculoskeletal Specimen Analysis,False,9,9550,85950,base=9550
INV-H4-000403,H4-L00403-05,Emergency Rheumatologic Rehabilitation Programme,False,4,62000,248000,base=62000
INV-H4-000404,H4-L00404-01,Elective Obstetric Transfusion Service,False,3,1250,3750,base=1425; bundle=1250
INV-H4-000404,H4-L00404-02,Intermittent Rheumatologic Dialysis Session,False,1,111675,111675,base=126900; bundle=111675
INV-H4-000404,H4-L00404-03,Advanced Palliative Home Visit,False,1,11450,11450,base=11450
INV-H4-000404,H4-L00404-04,Outpatient Obstetric Dialysis Session,False,2,367900,735800,base=367900
INV-H4-000404,H4-L00404-05,Continuous Infectious Critical Care Occupancy,False,20,19495,389900,base=13925; premium=40%
INV-H4-000404,H4-L00404-06,Extended Hepatic Transfusion Service,False,2,8450,16900,base=8450; quantity=2<=cap=8
INV-H4-000404,H4-L00404-07,Extended Obstetric Case Conference,False,1,41425,41425,base=41425
INV-H4-000408,H4-L00408-01,Ambulatory Gastrointestinal Nutritional Support,False,35,4801,168035,base=4175; premium=15%
INV-H4-000408,H4-L00408-02,Assisted Obstetric Specimen Analysis,False,6,10100,60600,base=10100
INV-H4-000408,H4-L00408-03,Outpatient Urologic Theatre Time,False,3,7650,22950,base=7650
INV-H4-000408,H4-L00408-04,Assisted Urologic Nursing Observation,False,4,132675,530700,base=132675; quantity=4<=cap=4
INV-H4-000408,H4-L00408-05,Outpatient Rheumatologic Anaesthesia Administration,False,16,20875,334000,base=20875
INV-H4-000408,H4-L00408-06,Preoperative Musculoskeletal Recovery Room Occupancy,False,6,162775,976650,base=162775
INV-H4-000412,H4-L00412-01,Intensive Urologic Specimen Analysis,False,2,19675,39350,base=19675; quantity=2<=cap=24
INV-H4-000412,H4-L00412-02,Outpatient Cardiac Physiotherapy Session,False,1,27300,27300,base=27300
INV-H4-000412,H4-L00412-03,Extended Psychiatric Endoscopic Procedure,False,1,325800,325800,base=325800
INV-H4-000412,H4-L00412-04,Continuous Gastrointestinal Transfusion Service,False,2,308100,616200,base=308100; no identified exclusion trigger
INV-H4-000412,H4-L00412-05,Inpatient Orthopaedic Anaesthesia Administration,False,2,145950,291900,base=145950; quantity=2<=cap=8
INV-H4-000412,H4-L00412-06,Elective Obstetric Transfusion Service,False,20,1250,25000,base=1425; bundle=1250
INV-H4-000412,H4-L00412-07,Intermittent Rheumatologic Dialysis Session,False,1,111675,111675,base=126900; bundle=111675
INV-H4-000412,H4-L00412-08,Extended Urologic Telemetry Monitoring,False,6,144825,868950,base=144825; quantity=6<=cap=12
INV-H4-000412,H4-L00412-09,Continuous Psychiatric Rehabilitation Programme,False,3,34900,104700,base=34900
INV-H4-000412,H4-L00412-10,Postoperative Paediatric Sterilisation Service,False,8,16050,128400,base=16050; quantity=8<=cap=8
INV-H4-000412,H4-L00412-11,Intensive Paediatric Consultation,False,1,39175,39175,base=39175
INV-H4-000412,H4-L00412-12,Preoperative Oncology Diagnostic Imaging,False,2,102650,205300,base=102650; quantity=2<=cap=8
INV-H4-000412,H4-L00412-13,Postoperative Rheumatologic Nursing Observation,False,6,46425,278550,base=46425; quantity=6<=cap=6
INV-H4-000412,H4-L00412-14,Assisted Renal Nutritional Support,False,21,3575,75075,base=3575
INV-H4-000412,H4-L00412-15,Supervised Immunologic Ward Bed Occupancy,False,1,194400,194400,base=194400
INV-H4-000412,H4-L00412-16,Supervised Vascular Radiotherapy Fraction,False,7,15825,110775,base=15825
INV-H4-000412,H4-L00412-17,Supervised Immunologic Ward Bed Occupancy,False,1,194400,194400,base=194400
INV-H4-000412,H4-L00412-18,Extended Rheumatologic Nursing Observation,False,3,87375,262125,base=87375
INV-H4-000412,H4-L00412-19,Assisted Gastrointestinal Anaesthesia Administration,False,13,3050,39650,base=3050; quantity=13<=cap=24
INV-H4-000423,H4-L00423-01,Ambulatory Paediatric Critical Care Occupancy,False,23,3550,81650,base=4750; bundle=3550
INV-H4-000423,H4-L00423-02,Ambulatory Rheumatologic Rehabilitation Programme,False,2,28750,57500,base=38325; bundle=28750
INV-H4-000423,H4-L00423-03,Standard Oncology Ward Bed Occupancy,False,6,52155,312930,"base=57950; prior=[187,302],discount=10%"
INV-H4-000423,H4-L00423-04,Preoperative Oncology Diagnostic Imaging,False,2,102650,205300,base=102650; quantity=2<=cap=8
INV-H4-000423,H4-L00423-05,Outpatient Urologic Theatre Time,False,12,7650,91800,base=7650
INV-H4-000428,H4-L00428-01,Supervised Pulmonary Anaesthesia Administration,False,18,13500,243000,base=13500
INV-H4-000428,H4-L00428-02,Continuous Psychiatric Rehabilitation Programme,False,2,34900,69800,base=34900
INV-H4-000428,H4-L00428-03,Supervised Rheumatologic Dialysis Session,False,3,13900,41700,base=17375; bundle=13900
INV-H4-000428,H4-L00428-04,Specialist Immunologic Consultation,False,2,91600,183200,base=114500; bundle=91600
INV-H4-000428,H4-L00428-05,Preoperative Geriatric Diagnostic Imaging,False,2,19550,39100,base=19550
INV-H4-000428,H4-L00428-06,Preoperative Musculoskeletal Recovery Room Occupancy,False,4,162775,651100,base=162775
INV-H4-000428,H4-L00428-07,Intensive Vascular Sterilisation Service,False,1,25350,25350,base=25350
INV-H4-000428,H4-L00428-08,Standard Orthopaedic Critical Care Occupancy,False,1,134078,134078,"base=148975; prior=[142,261],discount=10%"
INV-H4-000430,H4-L00430-01,Outpatient Urologic Theatre Time,False,23,7650,175950,base=7650
INV-H4-000430,H4-L00430-02,Extended Rheumatologic Nursing Observation,False,5,87375,436875,base=87375
INV-H4-000430,H4-L00430-03,Supervised Gastrointestinal Nursing Observation,False,2,156825,313650,base=156825; no identified exclusion trigger
INV-H4-000430,H4-L00430-04,Postoperative Palliative Recovery Room Occupancy,False,2,70975,141950,base=86550; bundle=70975
INV-H4-000430,H4-L00430-05,Continuous Psychiatric Rehabilitation Programme,False,2,28625,57250,base=34900; bundle=28625
INV-H4-000430,H4-L00430-06,Ambulatory Paediatric Critical Care Occupancy,False,20,4750,95000,base=4750
INV-H4-000430,H4-L00430-07,Outpatient Urologic Endoscopic Procedure,False,1,372925,372925,base=372925
INV-H4-000430,H4-L00430-08,Bedside Gastrointestinal Biopsy Procedure,False,4,11075,44300,base=11075; quantity=4<=cap=8
INV-H4-000430,H4-L00430-09,Standard Oncology Ward Bed Occupancy,False,2,52155,104310,"base=57950; prior=[193,308],discount=10%"
INV-H4-000436,H4-L00436-01,Postoperative Geriatric Imaging Interpretation,False,8,43925,351400,base=43925
INV-H4-000436,H4-L00436-02,Preoperative Haematology Imaging Interpretation,False,7,11375,79625,base=11375
INV-H4-000436,H4-L00436-03,Postoperative Cardiac Wound Care,False,3,17325,51975,base=17325; no identified exclusion trigger
INV-H4-000436,H4-L00436-04,Outpatient Rheumatologic Anaesthesia Administration,False,19,20875,396625,base=20875
INV-H4-000436,H4-L00436-05,Focused Vascular Infusion Therapy,False,21,4900,102900,base=5775; bundle=4900
INV-H4-000436,H4-L00436-06,Ambulatory Obstetric Case Conference,False,4,11875,47500,base=13975; bundle=11875
INV-H4-000436,H4-L00436-07,Ambulatory Rheumatologic Rehabilitation Programme,False,2,38325,76650,base=38325
INV-H4-000436,H4-L00436-08,Ambulatory Cardiac Ward Bed Occupancy,False,4,46350,185400,base=46350; quantity=4<=cap=4
INV-H4-000436,H4-L00436-09,Postoperative Palliative Recovery Room Occupancy,False,1,86550,86550,base=86550
INV-H4-000436,H4-L00436-10,Extended Psychiatric Endoscopic Procedure,False,2,325800,651600,base=325800
INV-H4-000436,H4-L00436-11,Ambulatory Obstetric Case Conference,False,6,13975,83850,base=13975
INV-H4-000440,H4-L00440-01,Emergency Rheumatologic Rehabilitation Programme,False,5,62000,310000,base=62000
INV-H4-000440,H4-L00440-02,Emergency Metabolic Radiotherapy Fraction,False,1,364925,364925,base=364925
INV-H4-000440,H4-L00440-03,Intensive Geriatric Case Conference,False,3,10475,31425,base=10475; quantity=3<=cap=8
INV-H4-000440,H4-L00440-04,Advanced Oncology Ward Bed Occupancy,False,5,68700,343500,base=68700
INV-H4-000440,H4-L00440-05,Outpatient Urologic Theatre Time,False,4,7650,30600,base=7650
INV-H4-000440,H4-L00440-06,Specialist Cardiac Ventilation Support,False,18,18125,326250,base=18125; no identified exclusion trigger
INV-H4-000440,H4-L00440-07,Elective Ophthalmic Radiotherapy Fraction,False,1,373600,373600,base=373600
INV-H4-000440,H4-L00440-08,Preoperative Oncology Diagnostic Imaging,False,2,102650,205300,base=102650; quantity=2<=cap=8
INV-H4-000440,H4-L00440-09,Supervised Pulmonary Anaesthesia Administration,False,1,13500,13500,base=13500
INV-H4-000447,H4-L00447-01,Ambulatory Cardiac Ward Bed Occupancy,False,2,46350,92700,base=46350; quantity=2<=cap=4
INV-H4-000447,H4-L00447-02,Intensive Urologic Specimen Analysis,False,5,19675,98375,base=19675; quantity=5<=cap=24
INV-H4-000447,H4-L00447-03,Supervised Pulmonary Home Visit,False,2,28675,57350,base=28675
INV-H4-000447,H4-L00447-04,Ambulatory Musculoskeletal Specimen Analysis,False,12,9550,114600,base=9550
INV-H4-000447,H4-L00447-05,Supervised Pulmonary Home Visit,False,2,28675,57350,base=28675
INV-H4-000447,H4-L00447-06,Continuous Infectious Critical Care Occupancy,False,4,13925,55700,base=13925
INV-H4-000447,H4-L00447-07,Emergency Metabolic Radiotherapy Fraction,False,2,364925,729850,base=364925
INV-H4-000447,H4-L00447-08,Extended Psychiatric Endoscopic Procedure,False,1,325800,325800,base=325800
INV-H4-000447,H4-L00447-09,Ambulatory Immunologic Ward Bed Occupancy,False,1,74700,74700,base=74700; quantity=1<=cap=4
INV-H4-000447,H4-L00447-10,Outpatient Cardiac Physiotherapy Session,False,1,27300,27300,base=27300
INV-H4-000447,H4-L00447-11,Ambulatory Haematology Transfusion Service,False,1,402275,402275,base=402275; no identified exclusion trigger
INV-H4-000448,H4-L00448-01,Specialist Gastrointestinal Imaging Interpretation,True,1,83625,83625,base=83625
INV-H4-000448,H4-L00448-02,Inpatient Psychiatric Home Visit,False,1,19275,19275,base=19275; no identified exclusion trigger
INV-H4-000448,H4-L00448-03,Elective Gastrointestinal Nursing Observation,False,5,58925,294625,base=58925; quantity=5<=cap=6
INV-H4-000448,H4-L00448-04,Standard Hepatic Infusion Therapy,False,16,4571,73136,base=3975; premium=15%
INV-H4-000448,H4-L00448-05,Postoperative Paediatric Imaging Interpretation,False,1,88600,88600,base=88600; no identified exclusion trigger
INV-H4-000448,H4-L00448-06,Focused Vascular Transport Service,False,5,24450,122250,base=24450; no identified exclusion trigger
INV-H4-000448,H4-L00448-07,Advanced Paediatric Theatre Time,False,15,37100,556500,base=37100; no identified exclusion trigger
INV-H4-000448,H4-L00448-08,Intermittent Neurological Laboratory Panel,False,7,10175,71225,base=10175; no identified exclusion trigger
INV-H4-000448,H4-L00448-09,Bedside Gastrointestinal Biopsy Procedure,False,7,11075,77525,base=11075; quantity=7<=cap=8
INV-H4-000448,H4-L00448-10,Comprehensive Neurological Endoscopic Procedure,False,2,309275,618550,base=309275
INV-H4-000448,H4-L00448-11,Elective Neurological Ward Bed Occupancy,False,3,170125,510375,base=170125
INV-H4-000448,H4-L00448-12,Advanced Palliative Home Visit,False,1,11450,11450,base=11450
INV-H4-000448,H4-L00448-13,Intensive Paediatric Consultation,False,1,39175,39175,base=39175
INV-H4-000448,H4-L00448-14,Elective Ophthalmic Radiotherapy Fraction,False,2,373600,747200,base=373600
INV-H4-000448,H4-L00448-15,Intensive Paediatric Consultation,False,1,39175,39175,base=39175
INV-H4-000448,H4-L00448-16,Advanced Orthopaedic Ward Bed Occupancy,False,1,97925,97925,base=97925; quantity=1<=cap=12
INV-H4-000455,H4-L00455-01,Intensive Vascular Sterilisation Service,False,6,25350,152100,base=25350
INV-H4-000455,H4-L00455-02,Intermittent Oncology Home Visit,False,1,22050,22050,base=22050
INV-H4-000455,H4-L00455-03,Ambulatory Rheumatologic Rehabilitation Programme,False,3,28750,86250,base=38325; bundle=28750
INV-H4-000455,H4-L00455-04,Ambulatory Paediatric Critical Care Occupancy,False,18,3550,63900,base=4750; bundle=3550
INV-H4-000455,H4-L00455-05,Elective Ophthalmic Radiotherapy Fraction,False,1,373600,373600,base=373600
INV-H4-000455,H4-L00455-06,Postoperative Paediatric Sterilisation Service,False,7,16050,112350,base=16050; quantity=7<=cap=8
INV-H4-000455,H4-L00455-07,Supervised Vascular Radiotherapy Fraction,False,6,15825,94950,base=15825
INV-H4-000455,H4-L00455-08,Bedside Gastrointestinal Biopsy Procedure,False,7,11075,77525,base=11075; quantity=7<=cap=8
INV-H4-000455,H4-L00455-09,Supervised Vascular Radiotherapy Fraction,False,5,15825,79125,base=15825
INV-H4-000455,H4-L00455-10,Standard Ophthalmic Laboratory Panel,False,1,17925,17925,base=17925; no identified exclusion trigger
INV-H4-000455,H4-L00455-11,Assisted Renal Nutritional Support,False,39,3575,139425,base=3575
INV-H4-000455,H4-L00455-12,Assisted Renal Nutritional Support,False,15,3575,53625,base=3575
INV-H4-000455,H4-L00455-13,Assisted Urologic Nursing Observation,False,3,132675,398025,base=132675; quantity=3<=cap=4
INV-H4-000455,H4-L00455-14,Preoperative Oncology Diagnostic Imaging,False,2,102650,205300,base=102650; quantity=2<=cap=8
INV-H4-000455,H4-L00455-15,Supervised Immunologic Ward Bed Occupancy,False,6,194400,1166400,base=194400
INV-H4-000455,H4-L00455-16,Focused Urologic Case Conference,False,21,20200,424200,base=20200; no identified exclusion trigger
INV-H4-000455,H4-L00455-17,Preoperative Haematology Imaging Interpretation,False,3,11375,34125,base=11375
INV-H4-000455,H4-L00455-18,Ambulatory Cardiac Ward Bed Occupancy,False,2,46350,92700,base=46350; quantity=2<=cap=4
INV-H4-000455,H4-L00455-19,Advanced Oncology Ward Bed Occupancy,False,6,68700,412200,base=68700
INV-H4-000460,H4-L00460-01,Intensive Rheumatologic Radiotherapy Fraction,False,7,23425,163975,base=23425; no identified exclusion trigger
INV-H4-000460,H4-L00460-02,Outpatient Obstetric Dialysis Session,False,1,367900,367900,base=367900
INV-H4-000460,H4-L00460-03,Postoperative Oncology Diagnostic Imaging,False,5,23250,116250,base=23250; quantity=5<=cap=12
INV-H4-000460,H4-L00460-04,Standard Hepatic Infusion Therapy,False,38,4571,173698,base=3975; premium=15%
INV-H4-000460,H4-L00460-05,Supervised Gastrointestinal Nursing Observation,False,3,156825,470475,base=156825; no identified exclusion trigger
INV-H4-000460,H4-L00460-06,Postoperative Geriatric Imaging Interpretation,False,1,43925,43925,base=43925
INV-H4-000460,H4-L00460-07,Ambulatory Gastrointestinal Nutritional Support,False,4,4175,16700,base=4175
INV-H4-000460,H4-L00460-08,Assisted Obstetric Specimen Analysis,False,7,10100,70700,base=10100
INV-H4-000464,H4-L00464-01,Comprehensive Ophthalmic Laboratory Panel,False,7,58525,409675,base=58525; no identified exclusion trigger
INV-H4-000464,H4-L00464-02,Postoperative Palliative Recovery Room Occupancy,False,5,86550,432750,base=86550
INV-H4-000464,H4-L00464-03,Outpatient Urologic Endoscopic Procedure,False,2,372925,745850,base=372925
INV-H4-000464,H4-L00464-04,Assisted Paediatric Theatre Time,False,18,9275,166950,base=9275; no identified exclusion trigger
INV-H4-000464,H4-L00464-05,Focused Metabolic Biopsy Procedure,False,4,15025,60100,base=15025; quantity=4<=cap=8
INV-H4-000466,H4-L00466-01,Assisted Renal Nutritional Support,False,33,3575,117975,base=3575
INV-H4-000466,H4-L00466-02,Advanced Vascular Endoscopic Procedure,False,1,321775,321775,base=321775
INV-H4-000466,H4-L00466-03,Preoperative Haematology Imaging Interpretation,False,2,11375,22750,base=11375
INV-H4-000466,H4-L00466-04,Supervised Pulmonary Home Visit,False,3,28675,86025,base=28675
INV-H4-000466,H4-L00466-05,Postoperative Geriatric Imaging Interpretation,False,6,43925,263550,base=43925
INV-H4-000466,H4-L00466-06,Ambulatory Gastrointestinal Nutritional Support,False,13,4175,54275,base=4175
INV-H4-000466,H4-L00466-07,Emergency Metabolic Radiotherapy Fraction,False,1,364925,364925,base=364925
INV-H4-000466,H4-L00466-08,Assisted Cardiac Ventilation Support,False,6,155700,934200,base=155700
INV-H4-000467,H4-L00467-01,Standard Ophthalmic Laboratory Panel,False,12,17925,215100,base=17925; no identified exclusion trigger
INV-H4-000467,H4-L00467-02,Postoperative Rheumatologic Nursing Observation,False,6,46425,278550,base=46425; quantity=6<=cap=6
INV-H4-000467,H4-L00467-03,Continuous Infectious Critical Care Occupancy,False,11,19495,214445,base=13925; premium=40%
INV-H4-000467,H4-L00467-04,Routine Cardiac Home Visit,False,1,16200,16200,base=16200
INV-H4-000467,H4-L00467-05,Intensive Rheumatologic Radiotherapy Fraction,False,9,23425,210825,base=23425; no identified exclusion trigger
INV-H4-000467,H4-L00467-06,Advanced Orthopaedic Ward Bed Occupancy,False,1,97925,97925,base=97925; quantity=1<=cap=12
INV-H4-000468,H4-L00468-01,Advanced Paediatric Theatre Time,False,13,37100,482300,base=37100; no identified exclusion trigger
INV-H4-000468,H4-L00468-02,Assisted Obstetric Specimen Analysis,False,2,10100,20200,base=10100
INV-H4-000468,H4-L00468-03,Specialist Hepatic Discharge Planning,False,1,41175,41175,base=41175
INV-H4-000468,H4-L00468-04,Focused Vascular Infusion Therapy,False,37,4900,181300,base=5775; bundle=4900
INV-H4-000468,H4-L00468-05,Ambulatory Obstetric Case Conference,False,4,11875,47500,base=13975; bundle=11875
INV-H4-000468,H4-L00468-06,Elective Gastrointestinal Nursing Observation,False,6,58925,353550,base=58925; quantity=6<=cap=6
INV-H4-000468,H4-L00468-07,Ambulatory Immunologic Ward Bed Occupancy,False,1,74700,74700,base=74700; quantity=1<=cap=4
INV-H4-000468,H4-L00468-08,Assisted Obstetric Specimen Analysis,False,6,10100,60600,base=10100
INV-H4-000468,H4-L00468-09,Routine Cardiac Home Visit,False,3,16200,48600,base=16200
INV-H4-000468,H4-L00468-10,Postoperative Rheumatologic Nursing Observation,False,4,46425,185700,base=46425; quantity=4<=cap=6
INV-H4-000468,H4-L00468-11,Specialist Immunologic Consultation,False,1,114500,114500,base=114500
INV-H4-000486,H4-L00486-01,Standard Hepatic Infusion Therapy,False,3,3975,11925,base=3975
INV-H4-000486,H4-L00486-02,Extended Hepatic Transfusion Service,False,8,8450,67600,base=8450; quantity=8<=cap=8
INV-H4-000486,H4-L00486-03,Continuous Psychiatric Rehabilitation Programme,False,6,28625,171750,base=34900; bundle=28625
INV-H4-000486,H4-L00486-04,Postoperative Palliative Recovery Room Occupancy,False,5,70975,354875,base=86550; bundle=70975
INV-H4-000486,H4-L00486-05,Continuous Gastrointestinal Transfusion Service,False,2,308100,616200,base=308100; no identified exclusion trigger
INV-H4-000487,H4-L00487-01,Bedside Gastrointestinal Biopsy Procedure,False,7,11075,77525,base=11075; quantity=7<=cap=8
INV-H4-000487,H4-L00487-02,Assisted Paediatric Physiotherapy Session,False,14,3150,44100,base=3150
INV-H4-000487,H4-L00487-03,Intensive Paediatric Consultation,False,3,39175,117525,base=39175
INV-H4-000487,H4-L00487-04,Intermittent Neurological Laboratory Panel,False,5,10175,50875,base=10175; no identified exclusion trigger
INV-H4-000487,H4-L00487-05,Intermittent Renal Anaesthesia Administration,False,13,6600,85800,base=6600
INV-H4-000487,H4-L00487-06,Supervised Rheumatologic Dialysis Session,False,3,17375,52125,base=17375
INV-H4-000487,H4-L00487-07,Comprehensive Neurological Endoscopic Procedure,False,2,309275,618550,base=309275
INV-H4-000487,H4-L00487-08,Postoperative Otolaryngologic Telemetry Monitoring,False,15,10000,150000,base=10000; quantity=15<=cap=24
INV-H4-000487,H4-L00487-09,Intermittent Renal Anaesthesia Administration,True,17,6600,112200,base=6600
INV-H4-000487,H4-L00487-10,Preoperative Geriatric Diagnostic Imaging,False,8,19550,156400,base=19550
INV-H4-000487,H4-L00487-11,Standard Vascular Home Visit,False,1,26200,26200,base=26200
INV-H4-000487,H4-L00487-12,Advanced Paediatric Theatre Time,False,4,37100,148400,base=37100; no identified exclusion trigger
INV-H4-000487,H4-L00487-13,Postoperative Palliative Recovery Room Occupancy,False,6,86550,519300,base=86550
INV-H4-000489,H4-L00489-01,Standard Oncology Ward Bed Occupancy,False,3,52155,156465,"base=57950; prior=[215,330],discount=10%"
INV-H4-000489,H4-L00489-02,Ambulatory Haematology Transfusion Service,True,1,402275,402275,base=402275; no identified exclusion trigger
INV-H4-000489,H4-L00489-03,Postoperative Palliative Recovery Room Occupancy,False,6,70975,425850,base=86550; bundle=70975
INV-H4-000489,H4-L00489-04,Continuous Psychiatric Rehabilitation Programme,False,4,28625,114500,base=34900; bundle=28625
INV-H4-000489,H4-L00489-05,Intermittent Renal Anaesthesia Administration,False,1,6600,6600,base=6600
INV-H4-000489,H4-L00489-06,Advanced Oncology Ward Bed Occupancy,False,1,68700,68700,base=68700
INV-H4-000489,H4-L00489-07,Postoperative Paediatric Imaging Interpretation,False,1,88600,88600,base=88600; no identified exclusion trigger
INV-H4-000489,H4-L00489-08,Emergency Metabolic Radiotherapy Fraction,False,1,364925,364925,base=364925
INV-H4-000489,H4-L00489-09,Assisted Renal Nutritional Support,False,18,3575,64350,base=3575
INV-H4-000489,H4-L00489-10,Ambulatory Haematology Transfusion Service,False,2,402275,804550,base=402275; no identified exclusion trigger
INV-H4-000489,H4-L00489-11,Assisted Urologic Nursing Observation,False,1,132675,132675,base=132675; quantity=1<=cap=4
INV-H4-000491,H4-L00491-01,Comprehensive Ophthalmic Laboratory Panel,False,4,58525,234100,base=58525; no identified exclusion trigger
INV-H4-000491,H4-L00491-02,Intensive Paediatric Consultation,False,3,39175,117525,base=39175
INV-H4-000491,H4-L00491-03,Supervised Gastrointestinal Nursing Observation,False,5,156825,784125,base=156825; no identified exclusion trigger
INV-H4-000491,H4-L00491-04,Continuous Psychiatric Rehabilitation Programme,False,5,28625,143125,base=34900; bundle=28625
INV-H4-000491,H4-L00491-05,Postoperative Palliative Recovery Room Occupancy,False,4,70975,283900,base=86550; bundle=70975
INV-H4-000491,H4-L00491-06,Preoperative Geriatric Diagnostic Imaging,False,1,19550,19550,base=19550
INV-H4-000491,H4-L00491-07,Focused Vascular Infusion Therapy,False,7,5775,40425,base=5775
INV-H4-000491,H4-L00491-08,Postoperative Paediatric Sterilisation Service,False,5,16050,80250,base=16050; quantity=5<=cap=8
INV-H4-000491,H4-L00491-09,Postoperative Otolaryngologic Telemetry Monitoring,False,23,10000,230000,base=10000; quantity=23<=cap=24
INV-H4-000491,H4-L00491-10,Extended Hepatic Transfusion Service,False,1,8450,8450,base=8450; quantity=1<=cap=8
INV-H4-000491,H4-L00491-11,Supervised Vascular Radiotherapy Fraction,False,10,15825,158250,base=15825
INV-H4-000491,H4-L00491-12,Preoperative Oncology Diagnostic Imaging,False,1,102650,102650,base=102650; quantity=1<=cap=8
INV-H4-000496,H4-L00496-01,Ambulatory Cardiac Ward Bed Occupancy,False,4,46350,185400,base=46350; quantity=4<=cap=4
INV-H4-000496,H4-L00496-02,Ambulatory Rheumatologic Rehabilitation Programme,False,2,38325,76650,base=38325
INV-H4-000496,H4-L00496-03,Extended Rheumatologic Nursing Observation,False,2,87375,174750,base=87375
INV-H4-000496,H4-L00496-04,Supervised Rheumatologic Dialysis Session,False,1,17375,17375,base=17375
INV-H4-000496,H4-L00496-05,Preoperative Oncology Diagnostic Imaging,False,1,102650,102650,base=102650; quantity=1<=cap=8
INV-H4-000496,H4-L00496-06,Comprehensive Ophthalmic Laboratory Panel,False,1,58525,58525,base=58525; no identified exclusion trigger
INV-H4-000496,H4-L00496-07,Ambulatory Gastrointestinal Nutritional Support,False,34,4801,163234,base=4175; premium=15%
INV-H4-000496,H4-L00496-08,Specialist Hepatic Discharge Planning,False,3,41175,123525,base=41175
INV-H4-000496,H4-L00496-09,Standard Oncology Ward Bed Occupancy,False,5,52155,260775,"base=57950; prior=[218,333],discount=10%"
INV-H4-000496,H4-L00496-10,Bedside Obstetric Imaging Interpretation,False,2,365675,731350,base=365675
INV-H4-000496,H4-L00496-11,Supervised Immunologic Ward Bed Occupancy,False,5,194400,972000,base=194400
INV-H4-000496,H4-L00496-12,Outpatient Urologic Endoscopic Procedure,False,1,372925,372925,base=372925
INV-H4-000496,H4-L00496-13,Intensive Paediatric Consultation,False,1,39175,39175,base=39175
INV-H4-000496,H4-L00496-14,Emergency Cardiac Physiotherapy Session,False,3,8400,25200,base=9875; bundle=8400
INV-H4-000496,H4-L00496-15,Extended Obstetric Case Conference,False,3,35200,105600,base=41425; bundle=35200
INV-H4-000496,H4-L00496-16,Postoperative Otolaryngologic Telemetry Monitoring,False,16,10000,160000,base=10000; quantity=16<=cap=24
INV-H4-000496,H4-L00496-17,Intermittent Renal Anaesthesia Administration,True,9,6600,59400,base=6600
INV-H4-000496,H4-L00496-18,Inpatient Orthopaedic Anaesthesia Administration,False,1,145950,145950,base=145950; quantity=1<=cap=8
INV-H4-000499,H4-L00499-01,Intensive Geriatric Case Conference,False,3,10475,31425,base=10475; quantity=3<=cap=8
INV-H4-000499,H4-L00499-02,Continuous Infectious Critical Care Occupancy,False,19,19495,370405,base=13925; premium=40%
INV-H4-000499,H4-L00499-03,Emergency Metabolic Radiotherapy Fraction,False,2,364925,729850,base=364925
INV-H4-000499,H4-L00499-04,Outpatient Urologic Endoscopic Procedure,False,2,372925,745850,base=372925
INV-H4-000499,H4-L00499-05,Postoperative Palliative Recovery Room Occupancy,False,1,86550,86550,base=86550
INV-H4-000499,H4-L00499-06,Supervised Pulmonary Anaesthesia Administration,False,19,13500,256500,base=13500
INV-H4-000499,H4-L00499-07,Postoperative Paediatric Imaging Interpretation,False,1,88600,88600,base=88600; no identified exclusion trigger
INV-H4-000499,H4-L00499-08,Preoperative Musculoskeletal Recovery Room Occupancy,False,6,162775,976650,base=162775
INV-H4-000499,H4-L00499-09,Specialist Gastrointestinal Imaging Interpretation,True,2,83625,167250,base=83625
INV-H4-000499,H4-L00499-10,Specialist Cardiac Ventilation Support,False,15,18125,271875,base=18125; no identified exclusion trigger
INV-H4-000499,H4-L00499-11,Intermittent Rheumatologic Dialysis Session,False,2,111675,223350,base=126900; bundle=111675
INV-H4-000499,H4-L00499-12,Elective Obstetric Transfusion Service,False,38,1250,47500,base=1425; bundle=1250
INV-H4-000500,H4-L00500-01,Postoperative Rheumatologic Nursing Observation,False,3,46425,139275,base=46425; quantity=3<=cap=6
INV-H4-000500,H4-L00500-02,Elective Ophthalmic Radiotherapy Fraction,False,2,373600,747200,base=373600
INV-H4-000500,H4-L00500-03,Elective Obstetric Transfusion Service,False,19,1425,27075,base=1425
INV-H4-000500,H4-L00500-04,Outpatient Obstetric Dialysis Session,False,1,367900,367900,base=367900
INV-H4-000500,H4-L00500-05,Postoperative Oncology Diagnostic Imaging,False,10,23250,232500,base=23250; quantity=10<=cap=12
INV-H4-000503,H4-L00503-01,Comprehensive Neurological Endoscopic Procedure,False,1,309275,309275,base=309275
INV-H4-000503,H4-L00503-02,Advanced Paediatric Theatre Time,False,23,37100,853300,base=37100; no identified exclusion trigger
INV-H4-000503,H4-L00503-03,Extended Hepatic Discharge Planning,False,20,7950,159000,base=7950
INV-H4-000503,H4-L00503-04,Preoperative Geriatric Diagnostic Imaging,False,7,19550,136850,base=19550
INV-H4-000503,H4-L00503-05,Intermittent Rheumatologic Dialysis Session,False,2,126900,253800,base=126900
INV-H4-000505,H4-L00505-01,Ambulatory Paediatric Critical Care Occupancy,False,18,3550,63900,base=4750; bundle=3550
INV-H4-000505,H4-L00505-02,Ambulatory Rheumatologic Rehabilitation Programme,False,1,28750,28750,base=38325; bundle=28750
INV-H4-000505,H4-L00505-03,Postoperative Geriatric Imaging Interpretation,False,4,43925,175700,base=43925
INV-H4-000505,H4-L00505-04,Intermittent Renal Anaesthesia Administration,True,6,6600,39600,base=6600
INV-H4-000505,H4-L00505-05,Elective Obstetric Transfusion Service,False,3,1425,4275,base=1425
INV-H4-000505,H4-L00505-06,Elective Neurological Ward Bed Occupancy,False,3,170125,510375,base=170125
INV-H4-000505,H4-L00505-07,Postoperative Oncology Diagnostic Imaging,False,2,23250,46500,base=23250; quantity=2<=cap=12
INV-H4-000511,H4-L00511-01,Intensive Urologic Specimen Analysis,False,4,19675,78700,base=19675; quantity=4<=cap=24
INV-H4-000511,H4-L00511-02,Postoperative Paediatric Imaging Interpretation,False,2,88600,177200,base=88600; no identified exclusion trigger
INV-H4-000511,H4-L00511-03,Bedside Obstetric Imaging Interpretation,False,1,365675,365675,base=365675
INV-H4-000511,H4-L00511-04,Extended Obstetric Case Conference,False,3,41425,124275,base=41425
INV-H4-000511,H4-L00511-05,Elective Neurological Ward Bed Occupancy,False,4,170125,680500,base=170125
INV-H4-000511,H4-L00511-06,Outpatient Rheumatologic Anaesthesia Administration,False,12,20875,250500,base=20875
INV-H4-000511,H4-L00511-07,Continuous Gastrointestinal Transfusion Service,False,1,308100,308100,base=308100; no identified exclusion trigger
INV-H4-000511,H4-L00511-08,Focused Metabolic Biopsy Procedure,False,2,15025,30050,base=15025; quantity=2<=cap=8
INV-H4-000511,H4-L00511-09,Continuous Gastrointestinal Transfusion Service,False,1,308100,308100,base=308100; no identified exclusion trigger
INV-H4-000511,H4-L00511-10,Intensive Urologic Specimen Analysis,False,5,19675,98375,base=19675; quantity=5<=cap=24
INV-H4-000511,H4-L00511-11,Supervised Immunologic Ward Bed Occupancy,False,4,194400,777600,base=194400
INV-H4-000511,H4-L00511-12,Specialist Cardiac Ventilation Support,False,18,18125,326250,base=18125; no identified exclusion trigger
INV-H4-000511,H4-L00511-13,Ambulatory Obstetric Case Conference,False,18,13975,251550,base=13975
INV-H4-000511,H4-L00511-14,Elective Ophthalmic Radiotherapy Fraction,False,1,373600,373600,base=373600
INV-H4-000511,H4-L00511-15,Standard Vascular Home Visit,False,3,26200,78600,base=26200
INV-H4-000511,H4-L00511-16,Assisted Renal Nutritional Support,False,5,3575,17875,base=3575
INV-H4-000518,H4-L00518-01,Advanced Vascular Endoscopic Procedure,False,2,321775,643550,base=321775
INV-H4-000518,H4-L00518-02,Focused Vascular Transport Service,False,12,24450,293400,base=24450; no identified exclusion trigger
INV-H4-000518,H4-L00518-03,Advanced Vascular Endoscopic Procedure,False,1,321775,321775,base=321775
INV-H4-000518,H4-L00518-04,Intermittent Psychiatric Rehabilitation Programme,False,1,32275,32275,base=32275
INV-H4-000518,H4-L00518-05,Emergency Metabolic Radiotherapy Fraction,False,1,364925,364925,base=364925
INV-H4-000518,H4-L00518-06,Continuous Gastrointestinal Transfusion Service,False,2,308100,616200,base=308100; no identified exclusion trigger
INV-H4-000518,H4-L00518-07,Standard Ophthalmic Laboratory Panel,False,12,17925,215100,base=17925; no identified exclusion trigger
INV-H4-000518,H4-L00518-08,Supervised Gastrointestinal Nursing Observation,False,4,156825,627300,base=156825; no identified exclusion trigger
INV-H4-000518,H4-L00518-09,Extended Hepatic Discharge Planning,False,22,7950,174900,base=7950
INV-H4-000518,H4-L00518-10,Emergency Metabolic Radiotherapy Fraction,False,2,364925,729850,base=364925
INV-H4-000518,H4-L00518-11,Supervised Rheumatologic Dialysis Session,False,1,13900,13900,base=17375; bundle=13900
INV-H4-000518,H4-L00518-12,Specialist Immunologic Consultation,False,2,91600,183200,base=114500; bundle=91600
INV-H4-000518,H4-L00518-13,Intermittent Neurological Laboratory Panel,False,3,10175,30525,base=10175; no identified exclusion trigger
INV-H4-000518,H4-L00518-14,Supervised Pulmonary Home Visit,False,1,28675,28675,base=28675
INV-H4-000518,H4-L00518-15,Supervised Pulmonary Anaesthesia Administration,False,15,13500,202500,base=13500
INV-H4-000521,H4-L00521-01,Focused Vascular Transport Service,False,11,24450,268950,base=24450; no identified exclusion trigger
INV-H4-000521,H4-L00521-02,Advanced Oncology Ward Bed Occupancy,False,4,68700,274800,base=68700
INV-H4-000521,H4-L00521-03,Extended Obstetric Case Conference,False,3,35200,105600,base=41425; bundle=35200
INV-H4-000521,H4-L00521-04,Emergency Cardiac Physiotherapy Session,False,23,8400,193200,base=9875; bundle=8400
INV-H4-000521,H4-L00521-05,Supervised Vascular Radiotherapy Fraction,False,9,15825,142425,base=15825
INV-H4-000521,H4-L00521-06,Extended Renal Ward Bed Occupancy,False,6,174050,1044300,base=174050
INV-H4-000521,H4-L00521-07,Preoperative Musculoskeletal Recovery Room Occupancy,False,1,162775,162775,base=162775
INV-H4-000521,H4-L00521-08,Supervised Pulmonary Home Visit,False,1,28675,28675,base=28675
INV-H4-000521,H4-L00521-09,Bedside Gastrointestinal Biopsy Procedure,False,3,11075,33225,base=11075; quantity=3<=cap=8
INV-H4-000521,H4-L00521-10,Assisted Cardiac Ventilation Support,False,1,155700,155700,base=155700
INV-H4-000521,H4-L00521-11,Outpatient Urologic Endoscopic Procedure,False,1,372925,372925,base=372925
INV-H4-000521,H4-L00521-12,Assisted Renal Nutritional Support,False,11,3575,39325,base=3575
INV-H4-000521,H4-L00521-13,Outpatient Cardiac Physiotherapy Session,False,1,27300,27300,base=27300
INV-H4-000521,H4-L00521-14,Supervised Pulmonary Anaesthesia Administration,False,8,13500,108000,base=13500
INV-H4-000521,H4-L00521-15,Postoperative Rheumatologic Nursing Observation,False,6,46425,278550,base=46425; quantity=6<=cap=6
INV-H4-000521,H4-L00521-16,Postoperative Palliative Recovery Room Occupancy,False,6,70975,425850,base=86550; bundle=70975
INV-H4-000521,H4-L00521-17,Continuous Psychiatric Rehabilitation Programme,False,5,28625,143125,base=34900; bundle=28625
INV-H4-000525,H4-L00525-01,Postoperative Paediatric Sterilisation Service,False,8,16050,128400,base=16050; quantity=8<=cap=8
INV-H4-000525,H4-L00525-02,Ambulatory Paediatric Critical Care Occupancy,False,21,3550,74550,base=4750; bundle=3550
INV-H4-000525,H4-L00525-03,Ambulatory Rheumatologic Rehabilitation Programme,False,2,28750,57500,base=38325; bundle=28750
INV-H4-000525,H4-L00525-04,Ambulatory Immunologic Ward Bed Occupancy,False,2,74700,149400,base=74700; quantity=2<=cap=4
INV-H4-000525,H4-L00525-05,Extended Hepatic Transfusion Service,False,7,8450,59150,base=8450; quantity=7<=cap=8
INV-H4-000525,H4-L00525-06,Specialist Cardiac Ventilation Support,False,5,18125,90625,base=18125; no identified exclusion trigger
INV-H4-000525,H4-L00525-07,Continuous Gastrointestinal Transfusion Service,False,2,308100,616200,base=308100; no identified exclusion trigger
INV-H4-000525,H4-L00525-08,Outpatient Orthopaedic Recovery Room Occupancy,False,1,9375,9375,base=11025; bundle=9375
INV-H4-000525,H4-L00525-09,Assisted Paediatric Physiotherapy Session,False,13,2675,34775,base=3150; bundle=2675
INV-H4-000535,H4-L00535-01,Ambulatory Rheumatologic Rehabilitation Programme,False,2,38325,76650,base=38325
INV-H4-000535,H4-L00535-02,Preoperative Musculoskeletal Recovery Room Occupancy,False,2,162775,325550,base=162775
INV-H4-000535,H4-L00535-03,Ambulatory Paediatric Critical Care Occupancy,False,6,3550,21300,base=4750; bundle=3550
INV-H4-000535,H4-L00535-04,Ambulatory Rheumatologic Rehabilitation Programme,False,3,28750,86250,base=38325; bundle=28750
INV-H4-000535,H4-L00535-05,Comprehensive Neurological Endoscopic Procedure,False,1,309275,309275,base=309275
INV-H4-000535,H4-L00535-06,Comprehensive Ophthalmic Laboratory Panel,False,7,58525,409675,base=58525; no identified exclusion trigger
INV-H4-000535,H4-L00535-07,Ambulatory Cardiac Ward Bed Occupancy,False,2,46350,92700,base=46350; quantity=2<=cap=4
INV-H4-000535,H4-L00535-08,Focused Vascular Transport Service,False,10,24450,244500,base=24450; no identified exclusion trigger
INV-H4-000535,H4-L00535-09,Continuous Psychiatric Rehabilitation Programme,False,5,34900,174500,base=34900
INV-H4-000537,H4-L00537-01,Focused Metabolic Biopsy Procedure,False,2,15025,30050,base=15025; quantity=2<=cap=8
INV-H4-000537,H4-L00537-02,Extended Rheumatologic Nursing Observation,False,6,87375,524250,base=87375
INV-H4-000537,H4-L00537-03,Assisted Paediatric Theatre Time,False,21,9275,194775,base=9275; no identified exclusion trigger
INV-H4-000537,H4-L00537-04,Postoperative Oncology Diagnostic Imaging,False,2,23250,46500,base=23250; quantity=2<=cap=12
INV-H4-000537,H4-L00537-05,Intensive Geriatric Case Conference,False,1,10475,10475,base=10475; quantity=1<=cap=8
INV-H4-000537,H4-L00537-06,Elective Neurological Ward Bed Occupancy,False,5,170125,850625,base=170125
INV-H4-000537,H4-L00537-07,Ambulatory Haematology Transfusion Service,True,1,402275,402275,base=402275; no identified exclusion trigger
INV-H4-000537,H4-L00537-08,Preoperative Geriatric Diagnostic Imaging,False,6,19550,117300,base=19550
INV-H4-000537,H4-L00537-09,Intermittent Rheumatologic Dialysis Session,False,1,126900,126900,base=126900
INV-H4-000537,H4-L00537-10,Extended Obstetric Case Conference,False,2,35200,70400,base=41425; bundle=35200
INV-H4-000537,H4-L00537-11,Emergency Cardiac Physiotherapy Session,False,16,8400,134400,base=9875; bundle=8400
INV-H4-000537,H4-L00537-12,Outpatient Obstetric Dialysis Session,False,2,367900,735800,base=367900
INV-H4-000537,H4-L00537-13,Extended Hepatic Transfusion Service,False,1,8450,8450,base=8450; quantity=1<=cap=8
INV-H4-000537,H4-L00537-14,Bedside Cardiac Home Visit,False,2,64800,129600,base=64800
INV-H4-000537,H4-L00537-15,Elective Obstetric Transfusion Service,False,10,1250,12500,base=1425; bundle=1250
INV-H4-000537,H4-L00537-16,Intermittent Rheumatologic Dialysis Session,False,1,111675,111675,base=126900; bundle=111675
INV-H4-000543,H4-L00543-01,Outpatient Cardiac Physiotherapy Session,False,2,27300,54600,base=27300
INV-H4-000543,H4-L00543-02,Emergency Rheumatologic Rehabilitation Programme,False,6,62000,372000,base=62000
INV-H4-000543,H4-L00543-03,Intermittent Oncology Home Visit,False,3,22050,66150,base=22050
INV-H4-000543,H4-L00543-04,Extended Rheumatologic Nursing Observation,False,3,87375,262125,base=87375
INV-H4-000543,H4-L00543-05,Extended Hepatic Transfusion Service,False,6,8450,50700,base=8450; quantity=6<=cap=8
INV-H4-000543,H4-L00543-06,Emergency Rheumatologic Rehabilitation Programme,False,6,62000,372000,base=62000
INV-H4-000543,H4-L00543-07,Supervised Pulmonary Anaesthesia Administration,False,11,13500,148500,base=13500
INV-H4-000543,H4-L00543-08,Advanced Vascular Endoscopic Procedure,False,1,321775,321775,base=321775
INV-H4-000543,H4-L00543-09,Postoperative Paediatric Imaging Interpretation,False,1,88600,88600,base=88600; no identified exclusion trigger
INV-H4-000543,H4-L00543-10,Bedside Obstetric Imaging Interpretation,False,1,365675,365675,base=365675
INV-H4-000543,H4-L00543-11,Intensive Paediatric Consultation,False,2,39175,78350,base=39175
INV-H4-000543,H4-L00543-12,Focused Metabolic Biopsy Procedure,False,8,15025,120200,base=15025; quantity=8<=cap=8
INV-H4-000543,H4-L00543-13,Intermittent Oncology Home Visit,False,3,22050,66150,base=22050
INV-H4-000543,H4-L00543-14,Extended Obstetric Case Conference,False,3,35200,105600,base=41425; bundle=35200
INV-H4-000543,H4-L00543-15,Emergency Cardiac Physiotherapy Session,False,12,8400,100800,base=9875; bundle=8400
INV-H4-000543,H4-L00543-16,Postoperative Paediatric Imaging Interpretation,False,1,88600,88600,base=88600; no identified exclusion trigger
INV-H4-000556,H4-L00556-01,Outpatient Urologic Endoscopic Procedure,False,2,372925,745850,base=372925
INV-H4-000556,H4-L00556-02,Supervised Rheumatologic Dialysis Session,False,2,13900,27800,base=17375; bundle=13900
INV-H4-000556,H4-L00556-03,Specialist Immunologic Consultation,False,1,91600,91600,base=114500; bundle=91600
INV-H4-000556,H4-L00556-04,Outpatient Urologic Endoscopic Procedure,False,2,372925,745850,base=372925
INV-H4-000556,H4-L00556-05,Postoperative Geriatric Imaging Interpretation,False,8,43925,351400,base=43925
INV-H4-000556,H4-L00556-06,Specialist Cardiac Ventilation Support,False,7,18125,126875,base=18125; no identified exclusion trigger
INV-H4-000556,H4-L00556-07,Preoperative Oncology Diagnostic Imaging,False,1,102650,102650,base=102650; quantity=1<=cap=8
INV-H4-000556,H4-L00556-08,Supervised Pulmonary Anaesthesia Administration,False,20,13500,270000,base=13500
INV-H4-000557,H4-L00557-01,Focused Vascular Infusion Therapy,False,3,5775,17325,base=5775
INV-H4-000557,H4-L00557-02,Bedside Obstetric Imaging Interpretation,False,2,365675,731350,base=365675
INV-H4-000557,H4-L00557-03,Assisted Obstetric Specimen Analysis,False,2,10100,20200,base=10100
INV-H4-000557,H4-L00557-04,Inpatient Psychiatric Home Visit,False,1,19275,19275,base=19275; no identified exclusion trigger
INV-H4-000557,H4-L00557-05,Routine Cardiac Home Visit,False,2,16200,32400,base=16200
INV-H4-000557,H4-L00557-06,Intermittent Psychiatric Rehabilitation Programme,False,2,32275,64550,base=32275
INV-H4-000558,H4-L00558-01,Postoperative Oncology Diagnostic Imaging,False,5,23250,116250,base=23250; quantity=5<=cap=12
INV-H4-000558,H4-L00558-02,Continuous Psychiatric Rehabilitation Programme,False,5,34900,174500,base=34900
INV-H4-000558,H4-L00558-03,Postoperative Geriatric Imaging Interpretation,False,4,43925,175700,base=43925
INV-H4-000558,H4-L00558-04,Extended Rheumatologic Nursing Observation,False,1,87375,87375,base=87375
INV-H4-000558,H4-L00558-05,Intermittent Neurological Laboratory Panel,False,1,10175,10175,base=10175; no identified exclusion trigger
INV-H4-000558,H4-L00558-06,Specialist Gastrointestinal Imaging Interpretation,True,1,83625,83625,base=83625
INV-H4-000558,H4-L00558-07,Assisted Urologic Nursing Observation,False,1,132675,132675,base=132675; quantity=1<=cap=4
INV-H4-000574,H4-L00574-01,Routine Cardiac Home Visit,False,1,16200,16200,base=16200
INV-H4-000574,H4-L00574-02,Postoperative Palliative Recovery Room Occupancy,False,5,70975,354875,base=86550; bundle=70975
INV-H4-000574,H4-L00574-03,Continuous Psychiatric Rehabilitation Programme,False,4,28625,114500,base=34900; bundle=28625
INV-H4-000574,H4-L00574-04,Specialist Cardiac Ventilation Support,False,13,18125,235625,base=18125; no identified exclusion trigger
INV-H4-000574,H4-L00574-05,Specialist Gastrointestinal Imaging Interpretation,False,2,83625,167250,base=83625
INV-H4-000574,H4-L00574-06,Postoperative Geriatric Imaging Interpretation,False,6,43925,263550,base=43925
INV-H4-000574,H4-L00574-07,Intensive Geriatric Case Conference,False,2,10475,20950,base=10475; quantity=2<=cap=8
INV-H4-000574,H4-L00574-08,Assisted Obstetric Specimen Analysis,False,2,10100,20200,base=10100
INV-H4-000574,H4-L00574-09,Postoperative Otolaryngologic Telemetry Monitoring,False,17,10000,170000,base=10000; quantity=17<=cap=24
INV-H4-000574,H4-L00574-10,Intermittent Oncology Home Visit,False,2,22050,44100,base=22050
INV-H4-000574,H4-L00574-11,Intermittent Renal Anaesthesia Administration,False,11,6600,72600,base=6600
INV-H4-000574,H4-L00574-12,Focused Urologic Case Conference,False,2,20200,40400,base=20200; no identified exclusion trigger
INV-H4-000574,H4-L00574-13,Supervised Pulmonary Home Visit,False,3,28675,86025,base=28675
INV-H4-000574,H4-L00574-14,Elective Neurological Ward Bed Occupancy,False,1,170125,170125,base=170125
INV-H4-000574,H4-L00574-15,Specialist Immunologic Consultation,False,2,114500,229000,base=114500
INV-H4-000574,H4-L00574-16,Inpatient Psychiatric Home Visit,False,3,19275,57825,base=19275; no identified exclusion trigger
INV-H4-000574,H4-L00574-17,Intermittent Rheumatologic Dialysis Session,False,2,126900,253800,base=126900
INV-H4-000574,H4-L00574-18,Comprehensive Ophthalmic Laboratory Panel,False,2,58525,117050,base=58525; no identified exclusion trigger
INV-H4-000574,H4-L00574-19,Comprehensive Urologic Imaging Interpretation,False,4,23075,92300,base=23075
INV-H4-000578,H4-L00578-01,Intensive Geriatric Case Conference,False,3,10475,31425,base=10475; quantity=3<=cap=8
INV-H4-000578,H4-L00578-02,Preoperative Geriatric Diagnostic Imaging,False,2,19550,39100,base=19550
INV-H4-000578,H4-L00578-03,Preoperative Musculoskeletal Recovery Room Occupancy,False,2,162775,325550,base=162775
INV-H4-000578,H4-L00578-04,Intermittent Renal Anaesthesia Administration,False,21,6600,138600,base=6600
INV-H4-000578,H4-L00578-05,Advanced Oncology Ward Bed Occupancy,False,3,68700,206100,base=68700
INV-H4-000578,H4-L00578-06,Extended Renal Ward Bed Occupancy,False,6,174050,1044300,base=174050
INV-H4-000578,H4-L00578-07,Bedside Gastrointestinal Biopsy Procedure,False,2,11075,22150,base=11075; quantity=2<=cap=8
INV-H4-000578,H4-L00578-08,Inpatient Psychiatric Home Visit,False,2,19275,38550,base=19275; no identified exclusion trigger
INV-H4-000578,H4-L00578-09,Intensive Urologic Specimen Analysis,False,8,19675,157400,base=19675; quantity=8<=cap=24
INV-H4-000578,H4-L00578-10,Elective Obstetric Transfusion Service,False,2,1425,2850,base=1425
INV-H4-000578,H4-L00578-11,Specialist Immunologic Consultation,False,2,114500,229000,base=114500
INV-H4-000580,H4-L00580-01,Extended Urologic Telemetry Monitoring,False,3,144825,434475,base=144825; quantity=3<=cap=12
INV-H4-000580,H4-L00580-02,Postoperative Cardiac Wound Care,False,8,17325,138600,base=17325; no identified exclusion trigger
INV-H4-000580,H4-L00580-03,Postoperative Otolaryngologic Telemetry Monitoring,False,14,10000,140000,base=10000; quantity=14<=cap=24
INV-H4-000580,H4-L00580-04,Routine Cardiac Home Visit,False,1,16200,16200,base=16200
INV-H4-000580,H4-L00580-05,Supervised Vascular Radiotherapy Fraction,False,11,18199,200189,base=15825; premium=15%
INV-H4-000580,H4-L00580-06,Outpatient Rheumatologic Anaesthesia Administration,False,9,20875,187875,base=20875
INV-H4-000581,H4-L00581-01,Supervised Pulmonary Anaesthesia Administration,False,15,13500,202500,base=13500
INV-H4-000581,H4-L00581-02,Specialist Hepatic Discharge Planning,False,2,41175,82350,base=41175
INV-H4-000581,H4-L00581-03,Extended Urologic Telemetry Monitoring,False,6,144825,868950,base=144825; quantity=6<=cap=12
INV-H4-000581,H4-L00581-04,Outpatient Orthopaedic Recovery Room Occupancy,False,5,9375,46875,base=11025; bundle=9375
INV-H4-000581,H4-L00581-05,Assisted Paediatric Physiotherapy Session,False,7,2675,18725,base=3150; bundle=2675
INV-H4-000581,H4-L00581-06,Advanced Paediatric Theatre Time,False,5,37100,185500,base=37100; no identified exclusion trigger
INV-H4-000581,H4-L00581-07,Extended Obstetric Case Conference,False,1,35200,35200,base=41425; bundle=35200
INV-H4-000581,H4-L00581-08,Emergency Cardiac Physiotherapy Session,False,21,8400,176400,base=9875; bundle=8400
INV-H4-000581,H4-L00581-09,Intensive Geriatric Case Conference,False,2,10475,20950,base=10475; quantity=2<=cap=8
INV-H4-000581,H4-L00581-10,Assisted Paediatric Physiotherapy Session,False,6,2675,16050,base=3150; bundle=2675
INV-H4-000581,H4-L00581-11,Outpatient Orthopaedic Recovery Room Occupancy,False,9,9375,84375,base=11025; bundle=9375
INV-H4-000581,H4-L00581-12,Bedside Gastrointestinal Biopsy Procedure,False,4,11075,44300,base=11075; quantity=4<=cap=8
INV-H4-000581,H4-L00581-13,Standard Oncology Ward Bed Occupancy,False,6,52155,312930,"base=57950; prior=[255,370],discount=10%"
INV-H4-000581,H4-L00581-14,Postoperative Palliative Recovery Room Occupancy,False,2,86550,173100,base=86550
INV-H4-000583,H4-L00583-01,Focused Metabolic Biopsy Procedure,False,4,15025,60100,base=15025; quantity=4<=cap=8
INV-H4-000583,H4-L00583-02,Intensive Vascular Sterilisation Service,False,5,25350,126750,base=25350
INV-H4-000583,H4-L00583-03,Elective Obstetric Transfusion Service,False,3,1250,3750,base=1425; bundle=1250
INV-H4-000583,H4-L00583-04,Intermittent Rheumatologic Dialysis Session,False,1,111675,111675,base=126900; bundle=111675
INV-H4-000583,H4-L00583-05,Ambulatory Immunologic Ward Bed Occupancy,False,2,74700,149400,base=74700; quantity=2<=cap=4
INV-H4-000583,H4-L00583-06,Outpatient Obstetric Dialysis Session,False,1,367900,367900,base=367900
INV-H4-000591,H4-L00591-01,Intermittent Renal Anaesthesia Administration,False,22,6600,145200,base=6600
INV-H4-000591,H4-L00591-02,Outpatient Cardiac Physiotherapy Session,False,1,27300,27300,base=27300
INV-H4-000591,H4-L00591-03,Supervised Gastrointestinal Nursing Observation,False,1,156825,156825,base=156825; no identified exclusion trigger
INV-H4-000591,H4-L00591-04,Outpatient Geriatric Diagnostic Imaging,False,2,190450,380900,base=190450
INV-H4-000591,H4-L00591-05,Ambulatory Haematology Transfusion Service,True,1,402275,402275,base=402275; no identified exclusion trigger
INV-H4-000594,H4-L00594-01,Supervised Gastrointestinal Nursing Observation,False,4,156825,627300,base=156825; no identified exclusion trigger
INV-H4-000594,H4-L00594-02,Standard Orthopaedic Critical Care Occupancy,False,1,134078,134078,"base=148975; prior=[205,324],discount=10%"
INV-H4-000594,H4-L00594-03,Outpatient Cardiac Physiotherapy Session,False,3,27300,81900,base=27300
INV-H4-000594,H4-L00594-04,Preoperative Musculoskeletal Recovery Room Occupancy,False,6,162775,976650,base=162775
INV-H4-000594,H4-L00594-05,Postoperative Cardiac Wound Care,False,1,17325,17325,base=17325; no identified exclusion trigger
INV-H4-000597,H4-L00597-01,Preoperative Haematology Imaging Interpretation,False,3,11375,34125,base=11375
INV-H4-000597,H4-L00597-02,Standard Orthopaedic Critical Care Occupancy,False,4,134078,536312,"base=148975; prior=[201,320],discount=10%"
INV-H4-000597,H4-L00597-03,Assisted Renal Nutritional Support,False,24,3575,85800,base=3575
INV-H4-000597,H4-L00597-04,Advanced Paediatric Theatre Time,False,17,37100,630700,base=37100; no identified exclusion trigger
INV-H4-000597,H4-L00597-05,Standard Orthopaedic Critical Care Occupancy,False,6,134078,804468,"base=148975; prior=[206,325],discount=10%"
INV-H4-000597,H4-L00597-06,Emergency Rheumatologic Rehabilitation Programme,False,6,62000,372000,base=62000
INV-H4-000597,H4-L00597-07,Intensive Rheumatologic Radiotherapy Fraction,False,1,23425,23425,base=23425; no identified exclusion trigger
INV-H4-000599,H4-L00599-01,Assisted Paediatric Theatre Time,False,10,9275,92750,base=9275; no identified exclusion trigger
INV-H4-000599,H4-L00599-02,Specialist Gastrointestinal Imaging Interpretation,False,2,83625,167250,base=83625
INV-H4-000599,H4-L00599-03,Specialist Hepatic Discharge Planning,False,2,41175,82350,base=41175
INV-H4-000599,H4-L00599-04,Focused Vascular Infusion Therapy,False,39,4900,191100,base=5775; bundle=4900
INV-H4-000599,H4-L00599-05,Ambulatory Obstetric Case Conference,False,22,11875,261250,base=13975; bundle=11875
INV-H4-000599,H4-L00599-06,Extended Rheumatologic Nursing Observation,False,3,87375,262125,base=87375
INV-H4-000599,H4-L00599-07,Ambulatory Paediatric Critical Care Occupancy,False,10,3550,35500,base=4750; bundle=3550
INV-H4-000599,H4-L00599-08,Ambulatory Rheumatologic Rehabilitation Programme,False,3,28750,86250,base=38325; bundle=28750
INV-H4-000599,H4-L00599-09,Outpatient Obstetric Dialysis Session,False,1,367900,367900,base=367900
INV-H4-000599,H4-L00599-10,Ambulatory Musculoskeletal Ventilation Support,False,5,110005,550025,"base=157150; prior=[255,313],discount=30%"
INV-H4-000604,H4-L00604-01,Ambulatory Obstetric Case Conference,False,13,13975,181675,base=13975
INV-H4-000604,H4-L00604-02,Intermittent Neurological Laboratory Panel,False,2,10175,20350,base=10175; no identified exclusion trigger
INV-H4-000604,H4-L00604-03,Outpatient Orthopaedic Recovery Room Occupancy,False,10,9375,93750,base=11025; bundle=9375
INV-H4-000604,H4-L00604-04,Assisted Paediatric Physiotherapy Session,False,20,2675,53500,base=3150; bundle=2675
INV-H4-000604,H4-L00604-05,Preoperative Musculoskeletal Recovery Room Occupancy,False,3,162775,488325,base=162775
INV-H4-000604,H4-L00604-06,Ambulatory Musculoskeletal Specimen Analysis,False,4,9550,38200,base=9550
INV-H4-000604,H4-L00604-07,Outpatient Urologic Endoscopic Procedure,False,2,372925,745850,base=372925
INV-H4-000605,H4-L00605-01,Focused Urologic Case Conference,False,18,20200,363600,base=20200; no identified exclusion trigger
INV-H4-000605,H4-L00605-02,Comprehensive Ophthalmic Laboratory Panel,False,1,58525,58525,base=58525; no identified exclusion trigger
INV-H4-000605,H4-L00605-03,Standard Vascular Home Visit,False,2,26200,52400,base=26200
INV-H4-000605,H4-L00605-04,Ambulatory Obstetric Case Conference,False,1,13975,13975,base=13975
INV-H4-000605,H4-L00605-05,Specialist Immunologic Consultation,False,2,114500,229000,base=114500
INV-H4-000605,H4-L00605-06,Ambulatory Paediatric Critical Care Occupancy,False,12,3550,42600,base=4750; bundle=3550
INV-H4-000605,H4-L00605-07,Ambulatory Rheumatologic Rehabilitation Programme,False,2,28750,57500,base=38325; bundle=28750
INV-H4-000605,H4-L00605-08,Bedside Cardiac Home Visit,False,3,64800,194400,base=64800
INV-H4-000605,H4-L00605-09,Supervised Immunologic Ward Bed Occupancy,False,3,194400,583200,base=194400
INV-H4-000605,H4-L00605-10,Standard Paediatric Dialysis Session,False,2,368050,736100,base=368050
INV-H4-000605,H4-L00605-11,Postoperative Rheumatologic Nursing Observation,False,6,46425,278550,base=46425; quantity=6<=cap=6
INV-H4-000605,H4-L00605-12,Assisted Cardiac Ventilation Support,False,6,155700,934200,base=155700
INV-H4-000605,H4-L00605-13,Extended Obstetric Case Conference,False,1,41425,41425,base=41425
INV-H4-000610,H4-L00610-01,Outpatient Rheumatologic Anaesthesia Administration,False,7,20875,146125,base=20875
INV-H4-000610,H4-L00610-02,Extended Obstetric Case Conference,False,3,35200,105600,base=41425; bundle=35200
INV-H4-000610,H4-L00610-03,Emergency Cardiac Physiotherapy Session,False,18,8400,151200,base=9875; bundle=8400
INV-H4-000610,H4-L00610-04,Elective Obstetric Transfusion Service,False,31,1250,38750,base=1425; bundle=1250
INV-H4-000610,H4-L00610-05,Intermittent Rheumatologic Dialysis Session,False,1,111675,111675,base=126900; bundle=111675
INV-H4-000610,H4-L00610-06,Postoperative Cardiac Wound Care,False,10,17325,173250,base=17325; no identified exclusion trigger
INV-H4-000610,H4-L00610-07,Elective Ophthalmic Radiotherapy Fraction,False,2,373600,747200,base=373600
INV-H4-000610,H4-L00610-08,Outpatient Urologic Endoscopic Procedure,False,1,372925,372925,base=372925
INV-H4-000610,H4-L00610-09,Advanced Orthopaedic Ward Bed Occupancy,False,2,97925,195850,base=97925; quantity=2<=cap=12
INV-H4-000610,H4-L00610-10,Extended Renal Ward Bed Occupancy,False,5,174050,870250,base=174050
INV-H4-000610,H4-L00610-11,Postoperative Geriatric Imaging Interpretation,False,6,43925,263550,base=43925
INV-H4-000610,H4-L00610-12,Inpatient Psychiatric Home Visit,False,1,19275,19275,base=19275; no identified exclusion trigger
INV-H4-000610,H4-L00610-13,Emergency Metabolic Radiotherapy Fraction,False,2,364925,729850,base=364925
INV-H4-000610,H4-L00610-14,Assisted Urologic Nursing Observation,False,4,132675,530700,base=132675; quantity=4<=cap=4
INV-H4-000610,H4-L00610-15,Outpatient Orthopaedic Recovery Room Occupancy,False,4,9375,37500,base=11025; bundle=9375
INV-H4-000610,H4-L00610-16,Assisted Paediatric Physiotherapy Session,False,15,2675,40125,base=3150; bundle=2675
INV-H4-000611,H4-L00611-01,Postoperative Otolaryngologic Telemetry Monitoring,False,10,10000,100000,base=10000; quantity=10<=cap=24
INV-H4-000611,H4-L00611-02,Preoperative Oncology Diagnostic Imaging,False,1,102650,102650,base=102650; quantity=1<=cap=8
INV-H4-000611,H4-L00611-03,Intensive Paediatric Consultation,False,3,39175,117525,base=39175
INV-H4-000611,H4-L00611-04,Extended Psychiatric Endoscopic Procedure,False,2,325800,651600,base=325800
INV-H4-000611,H4-L00611-05,Intensive Rheumatologic Radiotherapy Fraction,False,9,23425,210825,base=23425; no identified exclusion trigger
INV-H4-000611,H4-L00611-06,Continuous Gastrointestinal Transfusion Service,False,2,308100,616200,base=308100; no identified exclusion trigger
INV-H4-000611,H4-L00611-07,Preoperative Geriatric Diagnostic Imaging,False,7,19550,136850,base=19550
INV-H4-000611,H4-L00611-08,Intensive Urologic Specimen Analysis,False,4,19675,78700,base=19675; quantity=4<=cap=24
INV-H4-000611,H4-L00611-09,Ambulatory Musculoskeletal Ventilation Support,False,6,110005,660030,"base=157150; prior=[261,319],discount=30%"
INV-H4-000611,H4-L00611-10,Standard Vascular Home Visit,False,1,26200,26200,base=26200
INV-H4-000611,H4-L00611-11,Outpatient Geriatric Diagnostic Imaging,False,1,190450,190450,base=190450
INV-H4-000611,H4-L00611-12,Advanced Palliative Home Visit,False,1,11450,11450,base=11450
INV-H4-000611,H4-L00611-13,Intensive Rheumatologic Radiotherapy Fraction,False,7,23425,163975,base=23425; no identified exclusion trigger
INV-H4-000611,H4-L00611-14,Intensive Vascular Sterilisation Service,False,9,25350,228150,base=25350
INV-H4-000611,H4-L00611-15,Ambulatory Rheumatologic Rehabilitation Programme,False,1,38325,38325,base=38325
INV-H4-000614,H4-L00614-01,Routine Cardiac Home Visit,False,2,16200,32400,base=16200
INV-H4-000614,H4-L00614-02,Focused Vascular Infusion Therapy,False,9,5775,51975,base=5775
INV-H4-000614,H4-L00614-03,Extended Hepatic Transfusion Service,False,1,8450,8450,base=8450; quantity=1<=cap=8
INV-H4-000614,H4-L00614-04,Emergency Metabolic Radiotherapy Fraction,False,2,364925,729850,base=364925
INV-H4-000614,H4-L00614-05,Postoperative Paediatric Sterilisation Service,False,3,16050,48150,base=16050; quantity=3<=cap=8
INV-H4-000614,H4-L00614-06,Outpatient Orthopaedic Recovery Room Occupancy,False,7,11025,77175,base=11025
INV-H4-000614,H4-L00614-07,Intensive Rheumatologic Radiotherapy Fraction,False,9,23425,210825,base=23425; no identified exclusion trigger
INV-H4-000614,H4-L00614-08,Assisted Paediatric Physiotherapy Session,False,13,3150,40950,base=3150
INV-H4-000614,H4-L00614-09,Ambulatory Immunologic Ward Bed Occupancy,False,4,74700,298800,base=74700; quantity=4<=cap=4
INV-H4-000614,H4-L00614-10,Specialist Immunologic Consultation,False,1,91600,91600,base=114500; bundle=91600
INV-H4-000614,H4-L00614-11,Supervised Rheumatologic Dialysis Session,False,2,13900,27800,base=17375; bundle=13900
INV-H4-000614,H4-L00614-12,Extended Obstetric Case Conference,False,2,35200,70400,base=41425; bundle=35200
INV-H4-000614,H4-L00614-13,Emergency Cardiac Physiotherapy Session,False,4,8400,33600,base=9875; bundle=8400
INV-H4-000614,H4-L00614-14,Inpatient Orthopaedic Anaesthesia Administration,False,1,145950,145950,base=145950; quantity=1<=cap=8
INV-H4-000614,H4-L00614-15,Elective Neurological Ward Bed Occupancy,False,6,170125,1020750,base=170125
INV-H4-000614,H4-L00614-16,Outpatient Urologic Endoscopic Procedure,False,2,372925,745850,base=372925
INV-H4-000614,H4-L00614-17,Intermittent Oncology Home Visit,False,3,22050,66150,base=22050
INV-H4-000614,H4-L00614-18,Extended Renal Ward Bed Occupancy,False,4,174050,696200,base=174050
INV-H4-000614,H4-L00614-19,Bedside Cardiac Home Visit,False,1,64800,64800,base=64800
INV-H4-000617,H4-L00617-01,Preoperative Musculoskeletal Recovery Room Occupancy,False,5,162775,813875,base=162775
INV-H4-000617,H4-L00617-02,Advanced Paediatric Theatre Time,False,15,37100,556500,base=37100; no identified exclusion trigger
INV-H4-000617,H4-L00617-03,Extended Hepatic Discharge Planning,False,24,7950,190800,base=7950
INV-H4-000617,H4-L00617-04,Intensive Urologic Specimen Analysis,False,12,19675,236100,base=19675; quantity=12<=cap=24
INV-H4-000617,H4-L00617-05,Intermittent Neurological Laboratory Panel,False,1,10175,10175,base=10175; no identified exclusion trigger
INV-H4-000617,H4-L00617-06,Preoperative Geriatric Diagnostic Imaging,False,7,19550,136850,base=19550
INV-H4-000617,H4-L00617-07,Intensive Urologic Specimen Analysis,False,11,19675,216425,base=19675; quantity=11<=cap=24
INV-H4-000617,H4-L00617-08,Assisted Paediatric Physiotherapy Session,False,16,2675,42800,base=3150; bundle=2675
INV-H4-000617,H4-L00617-09,Outpatient Orthopaedic Recovery Room Occupancy,False,14,9375,131250,base=11025; bundle=9375
INV-H4-000619,H4-L00619-01,Ambulatory Musculoskeletal Specimen Analysis,False,4,9550,38200,base=9550
INV-H4-000619,H4-L00619-02,Extended Rheumatologic Nursing Observation,False,4,87375,349500,base=87375
INV-H4-000619,H4-L00619-03,Focused Metabolic Biopsy Procedure,False,7,15025,105175,base=15025; quantity=7<=cap=8
INV-H4-000619,H4-L00619-04,Advanced Paediatric Theatre Time,False,11,37100,408100,base=37100; no identified exclusion trigger
INV-H4-000619,H4-L00619-05,Extended Urologic Telemetry Monitoring,False,6,144825,868950,base=144825; quantity=6<=cap=12
INV-H4-000619,H4-L00619-06,Outpatient Urologic Endoscopic Procedure,False,2,372925,745850,base=372925
INV-H4-000619,H4-L00619-07,Supervised Pulmonary Anaesthesia Administration,False,9,13500,121500,base=13500
INV-H4-000619,H4-L00619-08,Standard Ophthalmic Laboratory Panel,False,8,17925,143400,base=17925; no identified exclusion trigger
INV-H4-000619,H4-L00619-09,Emergency Cardiac Physiotherapy Session,False,23,9875,227125,base=9875
INV-H4-000619,H4-L00619-10,Preoperative Oncology Diagnostic Imaging,False,1,102650,102650,base=102650; quantity=1<=cap=8
INV-H4-000619,H4-L00619-11,Assisted Paediatric Theatre Time,False,16,9275,148400,base=9275; no identified exclusion trigger
INV-H4-000619,H4-L00619-12,Continuous Infectious Critical Care Occupancy,False,5,13925,69625,base=13925
INV-H4-000620,H4-L00620-01,Specialist Cardiac Ventilation Support,False,2,18125,36250,base=18125; no identified exclusion trigger
INV-H4-000620,H4-L00620-02,Advanced Palliative Home Visit,False,2,11450,22900,base=11450
INV-H4-000620,H4-L00620-03,Intermittent Oncology Home Visit,False,1,22050,22050,base=22050
INV-H4-000620,H4-L00620-04,Extended Rheumatologic Nursing Observation,False,5,87375,436875,base=87375
INV-H4-000620,H4-L00620-05,Emergency Rheumatologic Rehabilitation Programme,False,2,62000,124000,base=62000
INV-H4-000620,H4-L00620-06,Comprehensive Neurological Endoscopic Procedure,False,1,309275,309275,base=309275
INV-H4-000620,H4-L00620-07,Intermittent Rheumatologic Dialysis Session,False,1,111675,111675,base=126900; bundle=111675
INV-H4-000620,H4-L00620-08,Elective Obstetric Transfusion Service,False,16,1250,20000,base=1425; bundle=1250
INV-H4-000623,H4-L00623-01,Focused Urologic Case Conference,False,4,20200,80800,base=20200; no identified exclusion trigger
INV-H4-000623,H4-L00623-02,Assisted Obstetric Specimen Analysis,False,8,10100,80800,base=10100
INV-H4-000623,H4-L00623-03,Ambulatory Musculoskeletal Ventilation Support,False,5,110005,550025,"base=157150; prior=[267,325],discount=30%"
INV-H4-000623,H4-L00623-04,Focused Vascular Infusion Therapy,False,28,4900,137200,base=5775; bundle=4900
INV-H4-000623,H4-L00623-05,Ambulatory Obstetric Case Conference,False,3,11875,35625,base=13975; bundle=11875
INV-H4-000627,H4-L00627-01,Intermittent Renal Anaesthesia Administration,True,16,6600,105600,base=6600
INV-H4-000627,H4-L00627-02,Emergency Cardiac Physiotherapy Session,False,23,8400,193200,base=9875; bundle=8400
INV-H4-000627,H4-L00627-03,Extended Obstetric Case Conference,False,1,35200,35200,base=41425; bundle=35200
INV-H4-000627,H4-L00627-04,Ambulatory Cardiac Ward Bed Occupancy,False,2,46350,92700,base=46350; quantity=2<=cap=4
INV-H4-000627,H4-L00627-05,Outpatient Urologic Theatre Time,False,13,7650,99450,base=7650
INV-H4-000627,H4-L00627-06,Assisted Paediatric Theatre Time,False,9,9275,83475,base=9275; no identified exclusion trigger
INV-H4-000627,H4-L00627-07,Continuous Psychiatric Rehabilitation Programme,False,2,34900,69800,base=34900
INV-H4-000627,H4-L00627-08,Extended Urologic Telemetry Monitoring,False,2,144825,289650,base=144825; quantity=2<=cap=12
INV-H4-000629,H4-L00629-01,Assisted Gastrointestinal Anaesthesia Administration,False,15,3050,45750,base=3050; quantity=15<=cap=24
INV-H4-000629,H4-L00629-02,Outpatient Urologic Theatre Time,False,6,7650,45900,base=7650
INV-H4-000629,H4-L00629-03,Supervised Pulmonary Home Visit,False,3,28675,86025,base=28675
INV-H4-000629,H4-L00629-04,Intermittent Psychiatric Rehabilitation Programme,False,3,32275,96825,base=32275
INV-H4-000629,H4-L00629-05,Elective Ophthalmic Radiotherapy Fraction,False,1,373600,373600,base=373600
INV-H4-000629,H4-L00629-06,Extended Urologic Telemetry Monitoring,False,3,144825,434475,base=144825; quantity=3<=cap=12
INV-H4-000629,H4-L00629-07,Ambulatory Immunologic Ward Bed Occupancy,False,1,74700,74700,base=74700; quantity=1<=cap=4
INV-H4-000629,H4-L00629-08,Bedside Cardiac Home Visit,False,1,64800,64800,base=64800
INV-H4-000629,H4-L00629-09,Intermittent Neurological Laboratory Panel,False,2,10175,20350,base=10175; no identified exclusion trigger
INV-H4-000629,H4-L00629-10,Standard Paediatric Dialysis Session,False,2,368050,736100,base=368050
INV-H4-000629,H4-L00629-11,Ambulatory Musculoskeletal Specimen Analysis,False,5,9550,47750,base=9550
INV-H4-000629,H4-L00629-12,Elective Obstetric Transfusion Service,False,7,1250,8750,base=1425; bundle=1250
INV-H4-000629,H4-L00629-13,Intermittent Rheumatologic Dialysis Session,False,2,111675,223350,base=126900; bundle=111675
INV-H4-000629,H4-L00629-14,Assisted Gastrointestinal Anaesthesia Administration,False,21,3050,64050,base=3050; quantity=21<=cap=24
INV-H4-000632,H4-L00632-01,Intermittent Rheumatologic Dialysis Session,False,2,111675,223350,base=126900; bundle=111675
INV-H4-000632,H4-L00632-02,Elective Obstetric Transfusion Service,False,22,1250,27500,base=1425; bundle=1250
INV-H4-000632,H4-L00632-03,Outpatient Geriatric Diagnostic Imaging,False,1,190450,190450,base=190450
INV-H4-000632,H4-L00632-04,Intensive Geriatric Case Conference,False,2,10475,20950,base=10475; quantity=2<=cap=8
INV-H4-000632,H4-L00632-05,Ambulatory Paediatric Critical Care Occupancy,False,9,4750,42750,base=4750
INV-H4-000632,H4-L00632-06,Intensive Urologic Specimen Analysis,False,2,19675,39350,base=19675; quantity=2<=cap=24
INV-H4-000632,H4-L00632-07,Elective Obstetric Transfusion Service,False,23,1250,28750,base=1425; bundle=1250
INV-H4-000632,H4-L00632-08,Intermittent Rheumatologic Dialysis Session,False,1,111675,111675,base=126900; bundle=111675
INV-H4-000632,H4-L00632-09,Supervised Vascular Radiotherapy Fraction,False,5,15825,79125,base=15825
INV-H4-000632,H4-L00632-10,Intensive Paediatric Consultation,False,1,39175,39175,base=39175
INV-H4-000632,H4-L00632-11,Advanced Palliative Home Visit,False,2,11450,22900,base=11450
INV-H4-000632,H4-L00632-12,Intermittent Renal Anaesthesia Administration,True,1,6600,6600,base=6600
INV-H4-000632,H4-L00632-13,Postoperative Rheumatologic Nursing Observation,False,5,46425,232125,base=46425; quantity=5<=cap=6
INV-H4-000632,H4-L00632-14,Continuous Gastrointestinal Transfusion Service,False,2,308100,616200,base=308100; no identified exclusion trigger
INV-H4-000633,H4-L00633-01,Supervised Gastrointestinal Nursing Observation,False,4,156825,627300,base=156825; no identified exclusion trigger
INV-H4-000633,H4-L00633-02,Comprehensive Ophthalmic Laboratory Panel,False,3,58525,175575,base=58525; no identified exclusion trigger
INV-H4-000633,H4-L00633-03,Ambulatory Immunologic Ward Bed Occupancy,False,4,74700,298800,base=74700; quantity=4<=cap=4
INV-H4-000633,H4-L00633-04,Emergency Cardiac Physiotherapy Session,False,11,8400,92400,base=9875; bundle=8400
INV-H4-000633,H4-L00633-05,Extended Obstetric Case Conference,False,2,35200,70400,base=41425; bundle=35200
INV-H4-000633,H4-L00633-06,Standard Oncology Ward Bed Occupancy,False,3,52155,156465,"base=57950; prior=[289,404],discount=10%"
INV-H4-000633,H4-L00633-07,Focused Urologic Case Conference,False,16,20200,323200,base=20200; no identified exclusion trigger
INV-H4-000634,H4-L00634-01,Intensive Paediatric Consultation,False,3,39175,117525,base=39175
INV-H4-000634,H4-L00634-02,Preoperative Oncology Diagnostic Imaging,False,2,102650,205300,base=102650; quantity=2<=cap=8
INV-H4-000634,H4-L00634-03,Assisted Paediatric Physiotherapy Session,False,12,2675,32100,base=3150; bundle=2675
INV-H4-000634,H4-L00634-04,Outpatient Orthopaedic Recovery Room Occupancy,False,7,9375,65625,base=11025; bundle=9375
INV-H4-000634,H4-L00634-05,Elective Obstetric Transfusion Service,False,24,1425,34200,base=1425
INV-H4-000634,H4-L00634-06,Postoperative Geriatric Imaging Interpretation,False,6,43925,263550,base=43925
INV-H4-000634,H4-L00634-07,Ambulatory Gastrointestinal Nutritional Support,False,32,4801,153632,base=4175; premium=15%
INV-H4-000634,H4-L00634-08,Preoperative Geriatric Diagnostic Imaging,False,4,19550,78200,base=19550
INV-H4-000634,H4-L00634-09,Ambulatory Rheumatologic Rehabilitation Programme,False,2,38325,76650,base=38325
INV-H4-000634,H4-L00634-10,Intermittent Oncology Home Visit,False,3,22050,66150,base=22050
INV-H4-000634,H4-L00634-11,Outpatient Rheumatologic Anaesthesia Administration,False,4,20875,83500,base=20875
INV-H4-000639,H4-L00639-01,Ambulatory Musculoskeletal Specimen Analysis,False,7,9550,66850,base=9550
INV-H4-000639,H4-L00639-02,Assisted Paediatric Theatre Time,False,22,9275,204050,base=9275; no identified exclusion trigger
INV-H4-000639,H4-L00639-03,Ambulatory Obstetric Case Conference,False,12,13975,167700,base=13975
INV-H4-000639,H4-L00639-04,Standard Orthopaedic Critical Care Occupancy,False,4,134078,536312,"base=148975; prior=[233,352],discount=10%"
INV-H4-000639,H4-L00639-05,Elective Obstetric Transfusion Service,False,34,1250,42500,base=1425; bundle=1250
INV-H4-000639,H4-L00639-06,Intermittent Rheumatologic Dialysis Session,False,2,111675,223350,base=126900; bundle=111675
INV-H4-000640,H4-L00640-01,Inpatient Psychiatric Home Visit,False,2,19275,38550,base=19275; no identified exclusion trigger
INV-H4-000640,H4-L00640-02,Inpatient Psychiatric Home Visit,False,3,19275,57825,base=19275; no identified exclusion trigger
INV-H4-000640,H4-L00640-03,Ambulatory Haematology Transfusion Service,True,2,402275,804550,base=402275; no identified exclusion trigger
INV-H4-000640,H4-L00640-04,Intensive Paediatric Consultation,False,2,39175,78350,base=39175
INV-H4-000640,H4-L00640-05,Postoperative Paediatric Sterilisation Service,False,4,16050,64200,base=16050; quantity=4<=cap=8
INV-H4-000640,H4-L00640-06,Focused Metabolic Biopsy Procedure,False,8,15025,120200,base=15025; quantity=8<=cap=8
INV-H4-000640,H4-L00640-07,Standard Hepatic Infusion Therapy,False,15,4571,68565,base=3975; premium=15%
INV-H4-000640,H4-L00640-08,Continuous Gastrointestinal Transfusion Service,False,1,308100,308100,base=308100; no identified exclusion trigger
INV-H4-000640,H4-L00640-09,Intensive Paediatric Consultation,False,1,39175,39175,base=39175
INV-H4-000640,H4-L00640-10,Standard Hepatic Infusion Therapy,False,40,4571,182840,base=3975; premium=15%
INV-H4-000640,H4-L00640-11,Advanced Oncology Ward Bed Occupancy,False,2,68700,137400,base=68700
INV-H4-000640,H4-L00640-12,Extended Hepatic Transfusion Service,False,5,8450,42250,base=8450; quantity=5<=cap=8
INV-H4-000640,H4-L00640-13,Specialist Gastrointestinal Imaging Interpretation,False,2,83625,167250,base=83625
INV-H4-000640,H4-L00640-14,Inpatient Psychiatric Home Visit,False,3,19275,57825,base=19275; no identified exclusion trigger
INV-H4-000640,H4-L00640-15,Supervised Pulmonary Anaesthesia Administration,False,24,13500,324000,base=13500
INV-H4-000640,H4-L00640-16,Assisted Gastrointestinal Anaesthesia Administration,False,17,3050,51850,base=3050; quantity=17<=cap=24
INV-H4-000640,H4-L00640-17,Intensive Geriatric Case Conference,False,3,10475,31425,base=10475; quantity=3<=cap=8
INV-H4-000640,H4-L00640-18,Standard Oncology Ward Bed Occupancy,False,6,52155,312930,"base=57950; prior=[295,410],discount=10%"
INV-H4-000642,H4-L00642-01,Advanced Paediatric Theatre Time,False,6,37100,222600,base=37100; no identified exclusion trigger
INV-H4-000642,H4-L00642-02,Extended Rheumatologic Nursing Observation,False,6,87375,524250,base=87375
INV-H4-000642,H4-L00642-03,Inpatient Psychiatric Home Visit,False,1,19275,19275,base=19275; no identified exclusion trigger
INV-H4-000642,H4-L00642-04,Ambulatory Musculoskeletal Specimen Analysis,False,5,9550,47750,base=9550
INV-H4-000642,H4-L00642-05,Postoperative Oncology Diagnostic Imaging,False,9,23250,209250,base=23250; quantity=9<=cap=12
INV-H4-000650,H4-L00650-01,Supervised Pulmonary Anaesthesia Administration,False,22,13500,297000,base=13500
INV-H4-000650,H4-L00650-02,Inpatient Psychiatric Home Visit,False,2,19275,38550,base=19275; no identified exclusion trigger
INV-H4-000650,H4-L00650-03,Assisted Obstetric Specimen Analysis,False,8,10100,80800,base=10100
INV-H4-000650,H4-L00650-04,Postoperative Cardiac Wound Care,False,7,17325,121275,base=17325; no identified exclusion trigger
INV-H4-000650,H4-L00650-05,Extended Obstetric Case Conference,False,3,35200,105600,base=41425; bundle=35200
INV-H4-000650,H4-L00650-06,Emergency Cardiac Physiotherapy Session,False,6,8400,50400,base=9875; bundle=8400
INV-H4-000650,H4-L00650-07,Outpatient Urologic Theatre Time,False,21,7650,160650,base=7650
INV-H4-000650,H4-L00650-08,Preoperative Musculoskeletal Recovery Room Occupancy,False,2,162775,325550,base=162775
INV-H4-000650,H4-L00650-09,Intensive Rheumatologic Radiotherapy Fraction,False,2,23425,46850,base=23425; no identified exclusion trigger
INV-H4-000650,H4-L00650-10,Intermittent Neurological Laboratory Panel,False,1,10175,10175,base=10175; no identified exclusion trigger
INV-H4-000650,H4-L00650-11,Specialist Cardiac Ventilation Support,False,18,18125,326250,base=18125; no identified exclusion trigger
INV-H4-000650,H4-L00650-12,Postoperative Otolaryngologic Telemetry Monitoring,False,6,10000,60000,base=10000; quantity=6<=cap=24
INV-H4-000650,H4-L00650-13,Intensive Geriatric Case Conference,False,1,10475,10475,base=10475; quantity=1<=cap=8
INV-H4-000650,H4-L00650-14,Bedside Obstetric Imaging Interpretation,False,1,365675,365675,base=365675
INV-H4-000650,H4-L00650-15,Intensive Urologic Specimen Analysis,False,1,19675,19675,base=19675; quantity=1<=cap=24
INV-H4-000650,H4-L00650-16,Ambulatory Obstetric Case Conference,False,7,13975,97825,base=13975
INV-H4-000656,H4-L00656-01,Elective Gastrointestinal Nursing Observation,False,2,58925,117850,base=58925; quantity=2<=cap=6
INV-H4-000656,H4-L00656-02,Standard Paediatric Dialysis Session,False,2,368050,736100,base=368050
INV-H4-000656,H4-L00656-03,Focused Vascular Transport Service,False,7,24450,171150,base=24450; no identified exclusion trigger
INV-H4-000656,H4-L00656-04,Extended Hepatic Discharge Planning,False,6,7950,47700,base=7950
INV-H4-000656,H4-L00656-05,Ambulatory Immunologic Ward Bed Occupancy,False,3,74700,224100,base=74700; quantity=3<=cap=4
INV-H4-000656,H4-L00656-06,Preoperative Oncology Diagnostic Imaging,False,1,102650,102650,base=102650; quantity=1<=cap=8
INV-H4-000656,H4-L00656-07,Inpatient Orthopaedic Anaesthesia Administration,False,2,145950,291900,base=145950; quantity=2<=cap=8
INV-H4-000660,H4-L00660-01,Emergency Cardiac Physiotherapy Session,False,17,8400,142800,base=9875; bundle=8400
INV-H4-000660,H4-L00660-02,Extended Obstetric Case Conference,False,2,35200,70400,base=41425; bundle=35200
INV-H4-000660,H4-L00660-03,Specialist Gastrointestinal Imaging Interpretation,False,2,83625,167250,base=83625
INV-H4-000660,H4-L00660-04,Focused Metabolic Biopsy Procedure,False,3,15025,45075,base=15025; quantity=3<=cap=8
INV-H4-000660,H4-L00660-05,Ambulatory Gastrointestinal Nutritional Support,False,40,4801,192040,base=4175; premium=15%
INV-H4-000660,H4-L00660-06,Standard Oncology Ward Bed Occupancy,False,3,52155,156465,"base=57950; prior=[309,424],discount=10%"
INV-H4-000660,H4-L00660-07,Postoperative Rheumatologic Nursing Observation,False,4,46425,185700,base=46425; quantity=4<=cap=6
INV-H4-000660,H4-L00660-08,Intermittent Neurological Laboratory Panel,False,1,10175,10175,base=10175; no identified exclusion trigger
INV-H4-000660,H4-L00660-09,Elective Neurological Ward Bed Occupancy,False,1,170125,170125,base=170125
INV-H4-000660,H4-L00660-10,Continuous Infectious Critical Care Occupancy,False,22,19495,428890,base=13925; premium=40%
INV-H4-000660,H4-L00660-11,Assisted Paediatric Theatre Time,False,12,9275,111300,base=9275; no identified exclusion trigger
INV-H4-000660,H4-L00660-12,Assisted Paediatric Theatre Time,False,15,9275,139125,base=9275; no identified exclusion trigger
INV-H4-000660,H4-L00660-13,Intensive Paediatric Consultation,False,1,39175,39175,base=39175
INV-H4-000660,H4-L00660-14,Ambulatory Paediatric Critical Care Occupancy,False,20,3550,71000,base=4750; bundle=3550
INV-H4-000660,H4-L00660-15,Ambulatory Rheumatologic Rehabilitation Programme,False,3,28750,86250,base=38325; bundle=28750
INV-H4-000661,H4-L00661-01,Outpatient Rheumatologic Anaesthesia Administration,False,19,20875,396625,base=20875
INV-H4-000661,H4-L00661-02,Assisted Paediatric Physiotherapy Session,False,13,3150,40950,base=3150
INV-H4-000661,H4-L00661-03,Assisted Urologic Nursing Observation,False,1,132675,132675,base=132675; quantity=1<=cap=4
INV-H4-000661,H4-L00661-04,Preoperative Oncology Diagnostic Imaging,False,2,102650,205300,base=102650; quantity=2<=cap=8
INV-H4-000661,H4-L00661-05,Postoperative Paediatric Sterilisation Service,False,1,16050,16050,base=16050; quantity=1<=cap=8
INV-H4-000661,H4-L00661-06,Postoperative Otolaryngologic Telemetry Monitoring,False,19,10000,190000,base=10000; quantity=19<=cap=24
INV-H4-000661,H4-L00661-07,Postoperative Cardiac Wound Care,False,12,17325,207900,base=17325; no identified exclusion trigger
INV-H4-000661,H4-L00661-08,Intensive Paediatric Consultation,False,2,39175,78350,base=39175
INV-H4-000661,H4-L00661-09,Ambulatory Rheumatologic Rehabilitation Programme,False,2,38325,76650,base=38325
INV-H4-000661,H4-L00661-10,Routine Cardiac Home Visit,False,1,16200,16200,base=16200
INV-H4-000661,H4-L00661-11,Extended Psychiatric Endoscopic Procedure,False,2,325800,651600,base=325800
INV-H4-000661,H4-L00661-12,Standard Oncology Ward Bed Occupancy,False,2,52155,104310,"base=57950; prior=[307,422],discount=10%"
INV-H4-000661,H4-L00661-13,Postoperative Otolaryngologic Telemetry Monitoring,False,13,10000,130000,base=10000; quantity=13<=cap=24
INV-H4-000661,H4-L00661-14,Outpatient Cardiac Physiotherapy Session,False,1,27300,27300,base=27300
INV-H4-000661,H4-L00661-15,Postoperative Otolaryngologic Telemetry Monitoring,False,16,10000,160000,base=10000; quantity=16<=cap=24
INV-H4-000661,H4-L00661-16,Postoperative Palliative Recovery Room Occupancy,False,1,86550,86550,base=86550
INV-H4-000661,H4-L00661-17,Ambulatory Musculoskeletal Ventilation Support,False,6,110005,660030,"base=157150; prior=[279,337],discount=30%"
INV-H4-000661,H4-L00661-18,Focused Vascular Infusion Therapy,False,28,4900,137200,base=5775; bundle=4900
INV-H4-000661,H4-L00661-19,Ambulatory Obstetric Case Conference,False,7,11875,83125,base=13975; bundle=11875
INV-H4-000667,H4-L00667-01,Intensive Vascular Sterilisation Service,False,5,25350,126750,base=25350
INV-H4-000667,H4-L00667-02,Ambulatory Gastrointestinal Nutritional Support,False,35,4801,168035,base=4175; premium=15%
INV-H4-000667,H4-L00667-03,Extended Obstetric Case Conference,False,1,41425,41425,base=41425
INV-H4-000667,H4-L00667-04,Postoperative Paediatric Imaging Interpretation,False,2,88600,177200,base=88600; no identified exclusion trigger
INV-H4-000667,H4-L00667-05,Assisted Obstetric Specimen Analysis,False,4,10100,40400,base=10100
INV-H4-000667,H4-L00667-06,Preoperative Oncology Diagnostic Imaging,False,2,102650,205300,base=102650; quantity=2<=cap=8
INV-H4-000667,H4-L00667-07,Intermittent Neurological Laboratory Panel,False,8,10175,81400,base=10175; no identified exclusion trigger
INV-H4-000667,H4-L00667-08,Bedside Gastrointestinal Biopsy Procedure,False,2,11075,22150,base=11075; quantity=2<=cap=8
INV-H4-000667,H4-L00667-09,Intermittent Psychiatric Rehabilitation Programme,False,2,32275,64550,base=32275
INV-H4-000667,H4-L00667-10,Specialist Hepatic Discharge Planning,False,1,41175,41175,base=41175
INV-H4-000667,H4-L00667-11,Assisted Paediatric Physiotherapy Session,False,22,3150,69300,base=3150
INV-H4-000669,H4-L00669-01,Preoperative Oncology Diagnostic Imaging,False,2,102650,205300,base=102650; quantity=2<=cap=8
INV-H4-000669,H4-L00669-02,Intermittent Rheumatologic Dialysis Session,False,1,126900,126900,base=126900
INV-H4-000669,H4-L00669-03,Postoperative Geriatric Case Conference,False,14,4275,59850,base=4275
INV-H4-000669,H4-L00669-04,Elective Ophthalmic Radiotherapy Fraction,False,2,373600,747200,base=373600
INV-H4-000669,H4-L00669-05,Comprehensive Ophthalmic Laboratory Panel,False,3,58525,175575,base=58525; no identified exclusion trigger
INV-H4-000669,H4-L00669-06,Emergency Cardiac Physiotherapy Session,False,20,8400,168000,base=9875; bundle=8400
INV-H4-000669,H4-L00669-07,Extended Obstetric Case Conference,False,3,35200,105600,base=41425; bundle=35200
INV-H4-000669,H4-L00669-08,Assisted Paediatric Theatre Time,False,11,9275,102025,base=9275; no identified exclusion trigger
INV-H4-000669,H4-L00669-09,Postoperative Paediatric Sterilisation Service,False,5,16050,80250,base=16050; quantity=5<=cap=8
INV-H4-000669,H4-L00669-10,Assisted Urologic Nursing Observation,False,2,132675,265350,base=132675; quantity=2<=cap=4
INV-H4-000670,H4-L00670-01,Focused Vascular Transport Service,False,2,24450,48900,base=24450; no identified exclusion trigger
INV-H4-000670,H4-L00670-02,Advanced Paediatric Theatre Time,False,16,37100,593600,base=37100; no identified exclusion trigger
INV-H4-000670,H4-L00670-03,Emergency Cardiac Physiotherapy Session,False,4,9875,39500,base=9875
INV-H4-000670,H4-L00670-04,Standard Ophthalmic Laboratory Panel,False,1,17925,17925,base=17925; no identified exclusion trigger
INV-H4-000670,H4-L00670-05,Advanced Orthopaedic Ward Bed Occupancy,False,3,97925,293775,base=97925; quantity=3<=cap=12
INV-H4-000670,H4-L00670-06,Postoperative Cardiac Wound Care,False,11,17325,190575,base=17325; no identified exclusion trigger
INV-H4-000670,H4-L00670-07,Assisted Urologic Nursing Observation,False,3,132675,398025,base=132675; quantity=3<=cap=4
INV-H4-000670,H4-L00670-08,Extended Rheumatologic Nursing Observation,False,4,87375,349500,base=87375
INV-H4-000670,H4-L00670-09,Focused Vascular Infusion Therapy,False,30,4900,147000,base=5775; bundle=4900
INV-H4-000670,H4-L00670-10,Ambulatory Obstetric Case Conference,False,12,11875,142500,base=13975; bundle=11875
INV-H4-000671,H4-L00671-01,Standard Orthopaedic Critical Care Occupancy,False,6,134078,804468,"base=148975; prior=[254,373],discount=10%"
INV-H4-000671,H4-L00671-02,Ambulatory Gastrointestinal Nutritional Support,False,8,4175,33400,base=4175
INV-H4-000671,H4-L00671-03,Outpatient Obstetric Dialysis Session,False,1,367900,367900,base=367900
INV-H4-000671,H4-L00671-04,Specialist Hepatic Discharge Planning,False,3,41175,123525,base=41175
INV-H4-000671,H4-L00671-05,Intensive Geriatric Case Conference,False,2,10475,20950,base=10475; quantity=2<=cap=8
INV-H4-000671,H4-L00671-06,Advanced Vascular Endoscopic Procedure,False,2,321775,643550,base=321775
INV-H4-000671,H4-L00671-07,Bedside Gastrointestinal Biopsy Procedure,False,6,11075,66450,base=11075; quantity=6<=cap=8
INV-H4-000671,H4-L00671-08,Emergency Cardiac Physiotherapy Session,False,24,8400,201600,base=9875; bundle=8400
INV-H4-000671,H4-L00671-09,Extended Obstetric Case Conference,False,1,35200,35200,base=41425; bundle=35200
INV-H4-000671,H4-L00671-10,Postoperative Palliative Recovery Room Occupancy,False,5,86550,432750,base=86550
INV-H4-000671,H4-L00671-11,Supervised Pulmonary Anaesthesia Administration,False,7,13500,94500,base=13500
INV-H4-000671,H4-L00671-12,Preoperative Geriatric Diagnostic Imaging,False,1,19550,19550,base=19550
INV-H4-000673,H4-L00673-01,Assisted Gastrointestinal Anaesthesia Administration,False,19,3050,57950,base=3050; quantity=19<=cap=24
INV-H4-000673,H4-L00673-02,Focused Vascular Transport Service,False,10,24450,244500,base=24450; no identified exclusion trigger
INV-H4-000673,H4-L00673-03,Specialist Gastrointestinal Imaging Interpretation,True,1,83625,83625,base=83625
INV-H4-000673,H4-L00673-04,Bedside Gastrointestinal Biopsy Procedure,False,7,11075,77525,base=11075; quantity=7<=cap=8
INV-H4-000673,H4-L00673-05,Standard Hepatic Infusion Therapy,False,36,4571,164556,base=3975; premium=15%
INV-H4-000673,H4-L00673-06,Outpatient Geriatric Diagnostic Imaging,False,1,190450,190450,base=190450
INV-H4-000673,H4-L00673-07,Extended Psychiatric Endoscopic Procedure,False,2,325800,651600,base=325800
INV-H4-000673,H4-L00673-08,Supervised Pulmonary Anaesthesia Administration,False,15,13500,202500,base=13500
INV-H4-000673,H4-L00673-09,Intensive Rheumatologic Radiotherapy Fraction,False,10,23425,234250,base=23425; no identified exclusion trigger
INV-H4-000673,H4-L00673-10,Ambulatory Haematology Transfusion Service,False,1,402275,402275,base=402275; no identified exclusion trigger
INV-H4-000673,H4-L00673-11,Postoperative Palliative Recovery Room Occupancy,False,1,86550,86550,base=86550
INV-H4-000673,H4-L00673-12,Intensive Paediatric Consultation,False,2,39175,78350,base=39175
INV-H4-000673,H4-L00673-13,Specialist Hepatic Discharge Planning,False,2,41175,82350,base=41175
INV-H4-000673,H4-L00673-14,Continuous Gastrointestinal Transfusion Service,False,2,308100,616200,base=308100; no identified exclusion trigger
INV-H4-000673,H4-L00673-15,Extended Hepatic Transfusion Service,False,6,8450,50700,base=8450; quantity=6<=cap=8
INV-H4-000674,H4-L00674-01,Standard Paediatric Dialysis Session,False,2,368050,736100,base=368050
INV-H4-000674,H4-L00674-02,Emergency Metabolic Radiotherapy Fraction,False,1,364925,364925,base=364925
INV-H4-000674,H4-L00674-03,Specialist Cardiac Ventilation Support,False,20,18125,362500,base=18125; no identified exclusion trigger
INV-H4-000674,H4-L00674-04,Extended Rheumatologic Nursing Observation,False,2,87375,174750,base=87375
INV-H4-000674,H4-L00674-05,Outpatient Cardiac Physiotherapy Session,False,1,27300,27300,base=27300
INV-H4-000674,H4-L00674-06,Ambulatory Musculoskeletal Ventilation Support,False,1,110005,110005,"base=157150; prior=[288,346],discount=30%"
INV-H4-000674,H4-L00674-07,Standard Vascular Home Visit,False,3,26200,78600,base=26200
INV-H4-000674,H4-L00674-08,Outpatient Obstetric Dialysis Session,False,2,367900,735800,base=367900
INV-H4-000674,H4-L00674-09,Routine Cardiac Home Visit,False,3,16200,48600,base=16200
INV-H4-000674,H4-L00674-10,Elective Neurological Ward Bed Occupancy,False,1,170125,170125,base=170125
INV-H4-000674,H4-L00674-11,Focused Vascular Transport Service,False,4,24450,97800,base=24450; no identified exclusion trigger
INV-H4-000683,H4-L00683-01,Assisted Gastrointestinal Anaesthesia Administration,False,13,3050,39650,base=3050; quantity=13<=cap=24
INV-H4-000683,H4-L00683-02,Comprehensive Urologic Imaging Interpretation,False,3,23075,69225,base=23075
INV-H4-000683,H4-L00683-03,Outpatient Urologic Theatre Time,False,10,7650,76500,base=7650
INV-H4-000683,H4-L00683-04,Ambulatory Obstetric Case Conference,False,3,11875,35625,base=13975; bundle=11875
INV-H4-000683,H4-L00683-05,Focused Vascular Infusion Therapy,False,5,4900,24500,base=5775; bundle=4900
INV-H4-000683,H4-L00683-06,Intermittent Neurological Laboratory Panel,False,6,10175,61050,base=10175; no identified exclusion trigger
INV-H4-000683,H4-L00683-07,Ambulatory Haematology Transfusion Service,False,1,402275,402275,base=402275; no identified exclusion trigger
INV-H4-000683,H4-L00683-08,Continuous Infectious Critical Care Occupancy,False,22,19495,428890,base=13925; premium=40%
INV-H4-000683,H4-L00683-09,Preoperative Oncology Diagnostic Imaging,False,1,102650,102650,base=102650; quantity=1<=cap=8
INV-H4-000683,H4-L00683-10,Advanced Orthopaedic Ward Bed Occupancy,False,4,97925,391700,base=97925; quantity=4<=cap=12
INV-H4-000683,H4-L00683-11,Assisted Cardiac Ventilation Support,False,3,155700,467100,base=155700
INV-H4-000683,H4-L00683-12,Ambulatory Paediatric Critical Care Occupancy,False,20,4750,95000,base=4750
INV-H4-000683,H4-L00683-13,Outpatient Obstetric Dialysis Session,False,1,367900,367900,base=367900
INV-H4-000683,H4-L00683-14,Preoperative Geriatric Diagnostic Imaging,False,4,19550,78200,base=19550
INV-H4-000683,H4-L00683-15,Continuous Gastrointestinal Transfusion Service,False,2,308100,616200,base=308100; no identified exclusion trigger
INV-H4-000683,H4-L00683-16,Emergency Rheumatologic Rehabilitation Programme,False,5,62000,310000,base=62000
INV-H4-000684,H4-L00684-01,Standard Hepatic Infusion Therapy,False,23,4571,105133,base=3975; premium=15%
INV-H4-000684,H4-L00684-02,Intensive Paediatric Consultation,False,1,39175,39175,base=39175
INV-H4-000684,H4-L00684-03,Extended Psychiatric Endoscopic Procedure,False,1,325800,325800,base=325800
INV-H4-000684,H4-L00684-04,Focused Metabolic Biopsy Procedure,False,3,15025,45075,base=15025; quantity=3<=cap=8
INV-H4-000684,H4-L00684-05,Specialist Gastrointestinal Imaging Interpretation,False,1,83625,83625,base=83625
INV-H4-000684,H4-L00684-06,Outpatient Urologic Endoscopic Procedure,False,2,372925,745850,base=372925
INV-H4-000684,H4-L00684-07,Inpatient Psychiatric Home Visit,False,1,19275,19275,base=19275; no identified exclusion trigger
INV-H4-000684,H4-L00684-08,Intermittent Renal Anaesthesia Administration,False,4,6600,26400,base=6600
INV-H4-000684,H4-L00684-09,Advanced Vascular Endoscopic Procedure,False,2,321775,643550,base=321775
INV-H4-000684,H4-L00684-10,Postoperative Paediatric Imaging Interpretation,False,2,88600,177200,base=88600; no identified exclusion trigger
INV-H4-000684,H4-L00684-11,Standard Oncology Ward Bed Occupancy,False,6,52155,312930,"base=57950; prior=[312,427],discount=10%"
INV-H4-000684,H4-L00684-12,Intensive Paediatric Consultation,False,2,39175,78350,base=39175
INV-H4-000684,H4-L00684-13,Preoperative Geriatric Diagnostic Imaging,False,8,19550,156400,base=19550
INV-H4-000685,H4-L00685-01,Emergency Metabolic Radiotherapy Fraction,False,1,364925,364925,base=364925
INV-H4-000685,H4-L00685-02,Assisted Paediatric Physiotherapy Session,False,8,2675,21400,base=3150; bundle=2675
INV-H4-000685,H4-L00685-03,Outpatient Orthopaedic Recovery Room Occupancy,False,22,9375,206250,base=11025; bundle=9375
INV-H4-000685,H4-L00685-04,Supervised Vascular Radiotherapy Fraction,False,6,15825,94950,base=15825
INV-H4-000685,H4-L00685-05,Intensive Paediatric Consultation,False,1,39175,39175,base=39175
INV-H4-000685,H4-L00685-06,Extended Hepatic Discharge Planning,False,6,7950,47700,base=7950
INV-H4-000685,H4-L00685-07,Elective Obstetric Transfusion Service,False,2,1250,2500,base=1425; bundle=1250
INV-H4-000685,H4-L00685-08,Intermittent Rheumatologic Dialysis Session,False,1,111675,111675,base=126900; bundle=111675
INV-H4-000687,H4-L00687-01,Supervised Pulmonary Home Visit,False,3,28675,86025,base=28675
INV-H4-000687,H4-L00687-02,Focused Vascular Infusion Therapy,False,22,4900,107800,base=5775; bundle=4900
INV-H4-000687,H4-L00687-03,Ambulatory Obstetric Case Conference,False,24,11875,285000,base=13975; bundle=11875
INV-H4-000687,H4-L00687-04,Ambulatory Immunologic Ward Bed Occupancy,False,1,74700,74700,base=74700; quantity=1<=cap=4
INV-H4-000687,H4-L00687-05,Extended Rheumatologic Nursing Observation,False,6,87375,524250,base=87375
INV-H4-000687,H4-L00687-06,Intensive Urologic Specimen Analysis,False,9,19675,177075,base=19675; quantity=9<=cap=24
INV-H4-000687,H4-L00687-07,Advanced Palliative Home Visit,False,2,11450,22900,base=11450
INV-H4-000687,H4-L00687-08,Ambulatory Cardiac Ward Bed Occupancy,False,2,46350,92700,base=46350; quantity=2<=cap=4
INV-H4-000687,H4-L00687-09,Specialist Gastrointestinal Imaging Interpretation,False,2,83625,167250,base=83625
INV-H4-000687,H4-L00687-10,Outpatient Geriatric Diagnostic Imaging,False,1,190450,190450,base=190450
INV-H4-000687,H4-L00687-11,Preoperative Haematology Imaging Interpretation,False,3,11375,34125,base=11375
INV-H4-000687,H4-L00687-12,Outpatient Obstetric Dialysis Session,False,1,367900,367900,base=367900
INV-H4-000688,H4-L00688-01,Supervised Pulmonary Home Visit,False,1,28675,28675,base=28675
INV-H4-000688,H4-L00688-02,Intensive Urologic Specimen Analysis,False,4,19675,78700,base=19675; quantity=4<=cap=24
INV-H4-000688,H4-L00688-03,Outpatient Urologic Endoscopic Procedure,False,2,372925,745850,base=372925
INV-H4-000688,H4-L00688-04,Assisted Gastrointestinal Anaesthesia Administration,False,17,3050,51850,base=3050; quantity=17<=cap=24
INV-H4-000688,H4-L00688-05,Comprehensive Ophthalmic Laboratory Panel,False,2,58525,117050,base=58525; no identified exclusion trigger
INV-H4-000688,H4-L00688-06,Postoperative Cardiac Wound Care,False,3,17325,51975,base=17325; no identified exclusion trigger
INV-H4-000688,H4-L00688-07,Continuous Infectious Critical Care Occupancy,False,9,19495,175455,base=13925; premium=40%
INV-H4-000688,H4-L00688-08,Intermittent Neurological Laboratory Panel,False,6,10175,61050,base=10175; no identified exclusion trigger
INV-H4-000688,H4-L00688-09,Outpatient Cardiac Physiotherapy Session,False,3,27300,81900,base=27300
INV-H4-000688,H4-L00688-10,Ambulatory Paediatric Critical Care Occupancy,False,2,4750,9500,base=4750
INV-H4-000688,H4-L00688-11,Standard Paediatric Dialysis Session,False,1,368050,368050,base=368050
INV-H4-000688,H4-L00688-12,Advanced Orthopaedic Ward Bed Occupancy,False,3,97925,293775,base=97925; quantity=3<=cap=12
INV-H4-000688,H4-L00688-13,Outpatient Urologic Theatre Time,False,11,7650,84150,base=7650
INV-H4-000689,H4-L00689-01,Focused Vascular Infusion Therapy,False,11,4900,53900,base=5775; bundle=4900
INV-H4-000689,H4-L00689-02,Ambulatory Obstetric Case Conference,False,3,11875,35625,base=13975; bundle=11875
INV-H4-000689,H4-L00689-03,Specialist Hepatic Discharge Planning,False,1,41175,41175,base=41175
INV-H4-000689,H4-L00689-04,Ambulatory Paediatric Critical Care Occupancy,False,16,3550,56800,base=4750; bundle=3550
INV-H4-000689,H4-L00689-05,Ambulatory Rheumatologic Rehabilitation Programme,False,2,28750,57500,base=38325; bundle=28750
INV-H4-000689,H4-L00689-06,Assisted Paediatric Physiotherapy Session,False,21,3150,66150,base=3150
INV-H4-000692,H4-L00692-01,Extended Obstetric Case Conference,False,1,41425,41425,base=41425
INV-H4-000692,H4-L00692-02,Elective Obstetric Transfusion Service,False,32,1250,40000,base=1425; bundle=1250
INV-H4-000692,H4-L00692-03,Intermittent Rheumatologic Dialysis Session,False,1,111675,111675,base=126900; bundle=111675
INV-H4-000692,H4-L00692-04,Standard Orthopaedic Critical Care Occupancy,False,2,134078,268156,"base=148975; prior=[260,379],discount=10%"
INV-H4-000692,H4-L00692-05,Ambulatory Gastrointestinal Nutritional Support,False,33,4801,158433,base=4175; premium=15%
INV-H4-000692,H4-L00692-06,Postoperative Rheumatologic Nursing Observation,False,4,46425,185700,base=46425; quantity=4<=cap=6
INV-H4-000692,H4-L00692-07,Supervised Pulmonary Home Visit,False,2,28675,57350,base=28675
INV-H4-000697,H4-L00697-01,Postoperative Geriatric Case Conference,False,13,4275,55575,base=4275
INV-H4-000697,H4-L00697-02,Postoperative Paediatric Imaging Interpretation,False,2,88600,177200,base=88600; no identified exclusion trigger
INV-H4-000697,H4-L00697-03,Outpatient Urologic Theatre Time,False,20,7650,153000,base=7650
INV-H4-000697,H4-L00697-04,Intensive Paediatric Consultation,False,2,39175,78350,base=39175
INV-H4-000697,H4-L00697-05,Postoperative Paediatric Sterilisation Service,False,5,16050,80250,base=16050; quantity=5<=cap=8
INV-H4-000697,H4-L00697-06,Ambulatory Gastrointestinal Nutritional Support,False,23,4801,110423,base=4175; premium=15%
INV-H4-000707,H4-L00707-01,Advanced Paediatric Theatre Time,False,14,37100,519400,base=37100; no identified exclusion trigger
INV-H4-000707,H4-L00707-02,Outpatient Geriatric Diagnostic Imaging,False,2,190450,380900,base=190450
INV-H4-000707,H4-L00707-03,Comprehensive Neurological Endoscopic Procedure,False,1,309275,309275,base=309275
INV-H4-000707,H4-L00707-04,Postoperative Cardiac Wound Care,False,1,17325,17325,base=17325; no identified exclusion trigger
INV-H4-000707,H4-L00707-05,Outpatient Urologic Endoscopic Procedure,False,1,372925,372925,base=372925
INV-H4-000707,H4-L00707-06,Preoperative Haematology Imaging Interpretation,False,4,11375,45500,base=11375
INV-H4-000707,H4-L00707-07,Postoperative Rheumatologic Nursing Observation,False,4,46425,185700,base=46425; quantity=4<=cap=6
INV-H4-000707,H4-L00707-08,Standard Hepatic Infusion Therapy,False,30,4571,137130,base=3975; premium=15%
INV-H4-000707,H4-L00707-09,Intensive Paediatric Consultation,False,2,39175,78350,base=39175
INV-H4-000707,H4-L00707-10,Ambulatory Gastrointestinal Nutritional Support,False,15,4175,62625,base=4175
INV-H4-000707,H4-L00707-11,Standard Ophthalmic Laboratory Panel,False,10,17925,179250,base=17925; no identified exclusion trigger
INV-H4-000707,H4-L00707-12,Ambulatory Cardiac Ward Bed Occupancy,False,2,46350,92700,base=46350; quantity=2<=cap=4
INV-H4-000707,H4-L00707-13,Intermittent Renal Anaesthesia Administration,True,4,6600,26400,base=6600
INV-H4-000707,H4-L00707-14,Emergency Metabolic Radiotherapy Fraction,False,1,364925,364925,base=364925
INV-H4-000707,H4-L00707-15,Specialist Cardiac Ventilation Support,False,16,18125,290000,base=18125; no identified exclusion trigger
INV-H4-000707,H4-L00707-16,Postoperative Paediatric Imaging Interpretation,False,1,88600,88600,base=88600; no identified exclusion trigger
INV-H4-000707,H4-L00707-17,Extended Obstetric Case Conference,False,1,41425,41425,base=41425
INV-H4-000707,H4-L00707-18,Continuous Infectious Critical Care Occupancy,False,21,19495,409395,base=13925; premium=40%
INV-H4-000707,H4-L00707-19,Postoperative Paediatric Imaging Interpretation,False,2,88600,177200,base=88600; no identified exclusion trigger
INV-H4-000717,H4-L00717-01,Ambulatory Musculoskeletal Specimen Analysis,False,4,9550,38200,base=9550
INV-H4-000717,H4-L00717-02,Assisted Gastrointestinal Anaesthesia Administration,False,23,3050,70150,base=3050; quantity=23<=cap=24
INV-H4-000717,H4-L00717-03,Postoperative Otolaryngologic Telemetry Monitoring,False,24,10000,240000,base=10000; quantity=24<=cap=24
INV-H4-000717,H4-L00717-04,Elective Obstetric Transfusion Service,False,12,1250,15000,base=1425; bundle=1250
INV-H4-000717,H4-L00717-05,Intermittent Rheumatologic Dialysis Session,False,1,111675,111675,base=126900; bundle=111675
INV-H4-000718,H4-L00718-01,Preoperative Geriatric Diagnostic Imaging,False,6,19550,117300,base=19550
INV-H4-000718,H4-L00718-02,Inpatient Orthopaedic Anaesthesia Administration,False,2,145950,291900,base=145950; quantity=2<=cap=8
INV-H4-000718,H4-L00718-03,Standard Ophthalmic Laboratory Panel,False,7,17925,125475,base=17925; no identified exclusion trigger
INV-H4-000718,H4-L00718-04,Intensive Urologic Specimen Analysis,False,7,19675,137725,base=19675; quantity=7<=cap=24
INV-H4-000718,H4-L00718-05,Extended Hepatic Transfusion Service,False,3,8450,25350,base=8450; quantity=3<=cap=8
INV-H4-000718,H4-L00718-06,Advanced Vascular Endoscopic Procedure,False,2,321775,643550,base=321775
INV-H4-000718,H4-L00718-07,Specialist Immunologic Consultation,False,2,114500,229000,base=114500
INV-H4-000721,H4-L00721-01,Supervised Gastrointestinal Nursing Observation,False,5,156825,784125,base=156825; no identified exclusion trigger
INV-H4-000721,H4-L00721-02,Bedside Gastrointestinal Biopsy Procedure,False,8,11075,88600,base=11075; quantity=8<=cap=8
INV-H4-000721,H4-L00721-03,Comprehensive Ophthalmic Laboratory Panel,False,2,58525,117050,base=58525; no identified exclusion trigger
INV-H4-000721,H4-L00721-04,Postoperative Otolaryngologic Telemetry Monitoring,False,6,10000,60000,base=10000; quantity=6<=cap=24
INV-H4-000721,H4-L00721-05,Extended Urologic Telemetry Monitoring,False,3,144825,434475,base=144825; quantity=3<=cap=12
INV-H4-000721,H4-L00721-06,Advanced Oncology Ward Bed Occupancy,False,5,68700,343500,base=68700
INV-H4-000721,H4-L00721-07,Ambulatory Paediatric Critical Care Occupancy,False,12,3550,42600,base=4750; bundle=3550
INV-H4-000721,H4-L00721-08,Ambulatory Rheumatologic Rehabilitation Programme,False,1,28750,28750,base=38325; bundle=28750
INV-H4-000721,H4-L00721-09,Specialist Cardiac Ventilation Support,False,4,18125,72500,base=18125; no identified exclusion trigger
INV-H4-000721,H4-L00721-10,Elective Obstetric Transfusion Service,False,31,1250,38750,base=1425; bundle=1250
INV-H4-000721,H4-L00721-11,Intermittent Rheumatologic Dialysis Session,False,1,111675,111675,base=126900; bundle=111675
INV-H4-000721,H4-L00721-12,Elective Gastrointestinal Nursing Observation,False,3,58925,176775,base=58925; quantity=3<=cap=6
INV-H4-000721,H4-L00721-13,Postoperative Paediatric Sterilisation Service,False,1,16050,16050,base=16050; quantity=1<=cap=8
INV-H4-000721,H4-L00721-14,Standard Hepatic Infusion Therapy,False,31,4571,141701,base=3975; premium=15%
INV-H4-000721,H4-L00721-15,Focused Vascular Infusion Therapy,False,34,4900,166600,base=5775; bundle=4900
INV-H4-000721,H4-L00721-16,Ambulatory Obstetric Case Conference,False,6,11875,71250,base=13975; bundle=11875
INV-H4-000721,H4-L00721-17,Ambulatory Haematology Transfusion Service,False,1,402275,402275,base=402275; no identified exclusion trigger
INV-H4-000722,H4-L00722-01,Focused Urologic Case Conference,False,22,20200,444400,base=20200; no identified exclusion trigger
INV-H4-000722,H4-L00722-02,Emergency Cardiac Physiotherapy Session,False,22,8400,184800,base=9875; bundle=8400
INV-H4-000722,H4-L00722-03,Extended Obstetric Case Conference,False,2,35200,70400,base=41425; bundle=35200
INV-H4-000722,H4-L00722-04,Extended Renal Ward Bed Occupancy,False,3,174050,522150,base=174050
INV-H4-000722,H4-L00722-05,Extended Urologic Telemetry Monitoring,False,5,144825,724125,base=144825; quantity=5<=cap=12
INV-H4-000722,H4-L00722-06,Elective Ophthalmic Radiotherapy Fraction,False,1,373600,373600,base=373600
INV-H4-000722,H4-L00722-07,Bedside Obstetric Imaging Interpretation,False,2,365675,731350,base=365675
INV-H4-000722,H4-L00722-08,Emergency Metabolic Radiotherapy Fraction,False,2,364925,729850,base=364925
INV-H4-000722,H4-L00722-09,Preoperative Musculoskeletal Recovery Room Occupancy,False,4,162775,651100,base=162775
INV-H4-000722,H4-L00722-10,Preoperative Oncology Diagnostic Imaging,False,2,102650,205300,base=102650; quantity=2<=cap=8
INV-H4-000722,H4-L00722-11,Specialist Hepatic Discharge Planning,False,3,41175,123525,base=41175
INV-H4-000722,H4-L00722-12,Comprehensive Urologic Imaging Interpretation,False,4,23075,92300,base=23075
INV-H4-000728,H4-L00728-01,Assisted Paediatric Theatre Time,False,6,9275,55650,base=9275; no identified exclusion trigger
INV-H4-000728,H4-L00728-02,Intermittent Renal Anaesthesia Administration,False,12,6600,79200,base=6600
INV-H4-000728,H4-L00728-03,Focused Urologic Case Conference,False,23,20200,464600,base=20200; no identified exclusion trigger
INV-H4-000728,H4-L00728-04,Assisted Urologic Nursing Observation,False,2,132675,265350,base=132675; quantity=2<=cap=4
INV-H4-000728,H4-L00728-05,Specialist Hepatic Discharge Planning,False,3,41175,123525,base=41175
INV-H4-000730,H4-L00730-01,Postoperative Cardiac Wound Care,False,12,17325,207900,base=17325; no identified exclusion trigger
INV-H4-000730,H4-L00730-02,Intermittent Oncology Home Visit,False,1,22050,22050,base=22050
INV-H4-000730,H4-L00730-03,Focused Vascular Infusion Therapy,False,24,5775,138600,base=5775
INV-H4-000730,H4-L00730-04,Extended Psychiatric Endoscopic Procedure,False,2,325800,651600,base=325800
INV-H4-000730,H4-L00730-05,Intermittent Neurological Laboratory Panel,False,7,10175,71225,base=10175; no identified exclusion trigger
INV-H4-000730,H4-L00730-06,Standard Ophthalmic Laboratory Panel,False,5,17925,89625,base=17925; no identified exclusion trigger
INV-H4-000730,H4-L00730-07,Supervised Gastrointestinal Nursing Observation,False,1,156825,156825,base=156825; no identified exclusion trigger
INV-H4-000730,H4-L00730-08,Outpatient Geriatric Diagnostic Imaging,False,1,190450,190450,base=190450
INV-H4-000730,H4-L00730-09,Extended Rheumatologic Nursing Observation,False,1,87375,87375,base=87375
INV-H4-000730,H4-L00730-10,Extended Hepatic Transfusion Service,False,1,8450,8450,base=8450; quantity=1<=cap=8
INV-H4-000730,H4-L00730-11,Intensive Urologic Specimen Analysis,False,6,19675,118050,base=19675; quantity=6<=cap=24
INV-H4-000730,H4-L00730-12,Extended Rheumatologic Nursing Observation,False,6,87375,524250,base=87375
INV-H4-000730,H4-L00730-13,Outpatient Geriatric Diagnostic Imaging,False,1,190450,190450,base=190450
INV-H4-000730,H4-L00730-14,Inpatient Psychiatric Home Visit,False,1,19275,19275,base=19275; no identified exclusion trigger
INV-H4-000730,H4-L00730-15,Specialist Cardiac Ventilation Support,False,9,18125,163125,base=18125; no identified exclusion trigger
INV-H4-000730,H4-L00730-16,Supervised Pulmonary Anaesthesia Administration,False,23,13500,310500,base=13500
INV-H4-000730,H4-L00730-17,Preoperative Haematology Imaging Interpretation,False,7,11375,79625,base=11375
INV-H4-000730,H4-L00730-18,Supervised Pulmonary Anaesthesia Administration,False,5,13500,67500,base=13500
INV-H4-000730,H4-L00730-19,Bedside Obstetric Imaging Interpretation,False,2,365675,731350,base=365675
INV-H4-000731,H4-L00731-01,Intensive Geriatric Case Conference,False,1,10475,10475,base=10475; quantity=1<=cap=8
INV-H4-000731,H4-L00731-02,Extended Hepatic Discharge Planning,False,7,7950,55650,base=7950
INV-H4-000731,H4-L00731-03,Ambulatory Paediatric Critical Care Occupancy,False,18,4750,85500,base=4750
INV-H4-000731,H4-L00731-04,Standard Oncology Ward Bed Occupancy,False,5,52155,260775,"base=57950; prior=[339,454],discount=10%"
INV-H4-000731,H4-L00731-05,Specialist Hepatic Discharge Planning,False,3,41175,123525,base=41175
INV-H4-000731,H4-L00731-06,Extended Urologic Telemetry Monitoring,False,4,144825,579300,base=144825; quantity=4<=cap=12
INV-H4-000731,H4-L00731-07,Supervised Immunologic Ward Bed Occupancy,False,3,194400,583200,base=194400
INV-H4-000731,H4-L00731-08,Specialist Hepatic Discharge Planning,False,1,41175,41175,base=41175
INV-H4-000732,H4-L00732-01,Focused Vascular Transport Service,False,8,24450,195600,base=24450; no identified exclusion trigger
INV-H4-000732,H4-L00732-02,Routine Cardiac Home Visit,False,1,16200,16200,base=16200
INV-H4-000732,H4-L00732-03,Intermittent Neurological Laboratory Panel,False,6,10175,61050,base=10175; no identified exclusion trigger
INV-H4-000732,H4-L00732-04,Preoperative Musculoskeletal Recovery Room Occupancy,False,5,162775,813875,base=162775
INV-H4-000732,H4-L00732-05,Supervised Immunologic Ward Bed Occupancy,False,5,194400,972000,base=194400
INV-H4-000732,H4-L00732-06,Emergency Cardiac Physiotherapy Session,False,7,9875,69125,base=9875
INV-H4-000735,H4-L00735-01,Outpatient Urologic Theatre Time,False,9,7650,68850,base=7650
INV-H4-000735,H4-L00735-02,Ambulatory Cardiac Ward Bed Occupancy,False,2,46350,92700,base=46350; quantity=2<=cap=4
INV-H4-000735,H4-L00735-03,Specialist Hepatic Discharge Planning,False,3,41175,123525,base=41175
INV-H4-000735,H4-L00735-04,Inpatient Psychiatric Home Visit,False,3,19275,57825,base=19275; no identified exclusion trigger
INV-H4-000735,H4-L00735-05,Extended Hepatic Transfusion Service,False,7,8450,59150,base=8450; quantity=7<=cap=8
INV-H4-000737,H4-L00737-01,Comprehensive Urologic Imaging Interpretation,False,2,23075,46150,base=23075
INV-H4-000737,H4-L00737-02,Outpatient Geriatric Diagnostic Imaging,False,2,190450,380900,base=190450
INV-H4-000737,H4-L00737-03,Advanced Orthopaedic Ward Bed Occupancy,False,6,97925,587550,base=97925; quantity=6<=cap=12
INV-H4-000737,H4-L00737-04,Extended Psychiatric Endoscopic Procedure,False,2,325800,651600,base=325800
INV-H4-000737,H4-L00737-05,Ambulatory Musculoskeletal Ventilation Support,False,5,110005,550025,"base=157150; prior=[298,356],discount=30%"
INV-H4-000737,H4-L00737-06,Preoperative Geriatric Diagnostic Imaging,False,2,19550,39100,base=19550
INV-H4-000738,H4-L00738-01,Advanced Vascular Endoscopic Procedure,False,2,321775,643550,base=321775
INV-H4-000738,H4-L00738-02,Postoperative Oncology Diagnostic Imaging,False,1,23250,23250,base=23250; quantity=1<=cap=12
INV-H4-000738,H4-L00738-03,Supervised Rheumatologic Dialysis Session,False,1,17375,17375,base=17375
INV-H4-000738,H4-L00738-04,Extended Renal Ward Bed Occupancy,False,1,174050,174050,base=174050
INV-H4-000738,H4-L00738-05,Inpatient Psychiatric Home Visit,False,2,19275,38550,base=19275; no identified exclusion trigger
INV-H4-000738,H4-L00738-06,Outpatient Rheumatologic Anaesthesia Administration,False,11,20875,229625,base=20875
INV-H4-000738,H4-L00738-07,Elective Gastrointestinal Nursing Observation,False,2,58925,117850,base=58925; quantity=2<=cap=6
INV-H4-000738,H4-L00738-08,Assisted Obstetric Specimen Analysis,False,2,10100,20200,base=10100
INV-H4-000738,H4-L00738-09,Standard Hepatic Infusion Therapy,False,23,4571,105133,base=3975; premium=15%
INV-H4-000738,H4-L00738-10,Preoperative Haematology Imaging Interpretation,False,1,11375,11375,base=11375
INV-H4-000738,H4-L00738-11,Preoperative Haematology Imaging Interpretation,False,2,11375,22750,base=11375
INV-H4-000738,H4-L00738-12,Standard Hepatic Infusion Therapy,False,26,4571,118846,base=3975; premium=15%
INV-H4-000738,H4-L00738-13,Standard Oncology Ward Bed Occupancy,False,4,52155,208620,"base=57950; prior=[344,459],discount=10%"
INV-H4-000738,H4-L00738-14,Focused Vascular Infusion Therapy,False,29,4900,142100,base=5775; bundle=4900
INV-H4-000738,H4-L00738-15,Ambulatory Obstetric Case Conference,False,2,11875,23750,base=13975; bundle=11875
INV-H4-000738,H4-L00738-16,Extended Rheumatologic Nursing Observation,False,1,87375,87375,base=87375
INV-H4-000744,H4-L00744-01,Elective Ophthalmic Radiotherapy Fraction,False,2,373600,747200,base=373600
INV-H4-000744,H4-L00744-02,Bedside Cardiac Home Visit,False,1,64800,64800,base=64800
INV-H4-000744,H4-L00744-03,Extended Hepatic Discharge Planning,False,22,7950,174900,base=7950
INV-H4-000744,H4-L00744-04,Bedside Obstetric Imaging Interpretation,False,1,365675,365675,base=365675
INV-H4-000744,H4-L00744-05,Supervised Immunologic Ward Bed Occupancy,False,6,194400,1166400,base=194400
INV-H4-000744,H4-L00744-06,Specialist Hepatic Discharge Planning,False,2,41175,82350,base=41175
INV-H4-000745,H4-L00745-01,Standard Ophthalmic Laboratory Panel,False,12,17925,215100,base=17925; no identified exclusion trigger
INV-H4-000745,H4-L00745-02,Intermittent Rheumatologic Dialysis Session,False,2,126900,253800,base=126900
INV-H4-000745,H4-L00745-03,Preoperative Oncology Diagnostic Imaging,False,2,102650,205300,base=102650; quantity=2<=cap=8
INV-H4-000745,H4-L00745-04,Assisted Paediatric Theatre Time,False,17,9275,157675,base=9275; no identified exclusion trigger
INV-H4-000745,H4-L00745-05,Ambulatory Haematology Transfusion Service,False,2,402275,804550,base=402275; no identified exclusion trigger
INV-H4-000745,H4-L00745-06,Standard Oncology Ward Bed Occupancy,False,3,52155,156465,"base=57950; prior=[352,467],discount=10%"
INV-H4-000748,H4-L00748-01,Preoperative Haematology Imaging Interpretation,False,1,11375,11375,base=11375
INV-H4-000748,H4-L00748-02,Preoperative Musculoskeletal Recovery Room Occupancy,False,5,162775,813875,base=162775
INV-H4-000748,H4-L00748-03,Specialist Immunologic Consultation,False,1,91600,91600,base=114500; bundle=91600
INV-H4-000748,H4-L00748-04,Supervised Rheumatologic Dialysis Session,False,3,13900,41700,base=17375; bundle=13900
INV-H4-000748,H4-L00748-05,Postoperative Palliative Recovery Room Occupancy,False,2,86550,173100,base=86550
INV-H4-000752,H4-L00752-01,Outpatient Urologic Theatre Time,False,20,7650,153000,base=7650
INV-H4-000752,H4-L00752-02,Postoperative Paediatric Sterilisation Service,False,5,16050,80250,base=16050; quantity=5<=cap=8
INV-H4-000752,H4-L00752-03,Specialist Gastrointestinal Imaging Interpretation,False,1,83625,83625,base=83625
INV-H4-000752,H4-L00752-04,Ambulatory Musculoskeletal Ventilation Support,False,1,110005,110005,"base=157150; prior=[307,365],discount=30%"
INV-H4-000752,H4-L00752-05,Elective Ophthalmic Radiotherapy Fraction,False,1,373600,373600,base=373600
INV-H4-000752,H4-L00752-06,Outpatient Geriatric Diagnostic Imaging,False,1,190450,190450,base=190450
INV-H4-000753,H4-L00753-01,Intermittent Renal Anaesthesia Administration,False,17,6600,112200,base=6600
INV-H4-000753,H4-L00753-02,Extended Renal Ward Bed Occupancy,False,3,174050,522150,base=174050
INV-H4-000753,H4-L00753-03,Outpatient Obstetric Dialysis Session,False,2,367900,735800,base=367900
INV-H4-000753,H4-L00753-04,Comprehensive Neurological Endoscopic Procedure,False,1,309275,309275,base=309275
INV-H4-000753,H4-L00753-05,Supervised Pulmonary Anaesthesia Administration,False,22,13500,297000,base=13500
INV-H4-000753,H4-L00753-06,Bedside Cardiac Home Visit,False,3,64800,194400,base=64800
INV-H4-000753,H4-L00753-07,Ambulatory Cardiac Ward Bed Occupancy,False,1,46350,46350,base=46350; quantity=1<=cap=4
INV-H4-000753,H4-L00753-08,Intensive Vascular Sterilisation Service,False,12,25350,304200,base=25350
INV-H4-000753,H4-L00753-09,Assisted Cardiac Ventilation Support,False,4,155700,622800,base=155700
INV-H4-000753,H4-L00753-10,Outpatient Urologic Endoscopic Procedure,False,1,372925,372925,base=372925
INV-H4-000754,H4-L00754-01,Intermittent Neurological Laboratory Panel,False,2,10175,20350,base=10175; no identified exclusion trigger
INV-H4-000754,H4-L00754-02,Extended Hepatic Transfusion Service,False,6,8450,50700,base=8450; quantity=6<=cap=8
INV-H4-000754,H4-L00754-03,Advanced Oncology Ward Bed Occupancy,False,6,68700,412200,base=68700
INV-H4-000754,H4-L00754-04,Focused Urologic Case Conference,False,22,20200,444400,base=20200; no identified exclusion trigger
INV-H4-000754,H4-L00754-05,Specialist Gastrointestinal Imaging Interpretation,True,1,83625,83625,base=83625
INV-H4-000754,H4-L00754-06,Outpatient Geriatric Diagnostic Imaging,False,1,190450,190450,base=190450
INV-H4-000754,H4-L00754-07,Routine Cardiac Home Visit,False,2,16200,32400,base=16200
INV-H4-000754,H4-L00754-08,Assisted Paediatric Theatre Time,False,8,9275,74200,base=9275; no identified exclusion trigger
INV-H4-000754,H4-L00754-09,Specialist Immunologic Consultation,False,2,114500,229000,base=114500
INV-H4-000754,H4-L00754-10,Postoperative Palliative Recovery Room Occupancy,False,5,70975,354875,base=86550; bundle=70975
INV-H4-000754,H4-L00754-11,Continuous Psychiatric Rehabilitation Programme,False,4,28625,114500,base=34900; bundle=28625
INV-H4-000755,H4-L00755-01,Extended Hepatic Discharge Planning,False,23,7950,182850,base=7950
INV-H4-000755,H4-L00755-02,Ambulatory Musculoskeletal Ventilation Support,False,6,110005,660030,"base=157150; prior=[308,366],discount=30%"
INV-H4-000755,H4-L00755-03,Standard Hepatic Infusion Therapy,False,15,4571,68565,base=3975; premium=15%
INV-H4-000755,H4-L00755-04,Postoperative Rheumatologic Nursing Observation,False,6,46425,278550,base=46425; quantity=6<=cap=6
INV-H4-000755,H4-L00755-05,Supervised Gastrointestinal Nursing Observation,False,2,156825,313650,base=156825; no identified exclusion trigger
INV-H4-000755,H4-L00755-06,Extended Psychiatric Endoscopic Procedure,False,1,325800,325800,base=325800
INV-H4-000755,H4-L00755-07,Postoperative Geriatric Case Conference,False,15,4275,64125,base=4275
INV-H4-000755,H4-L00755-08,Ambulatory Rheumatologic Rehabilitation Programme,False,1,28750,28750,base=38325; bundle=28750
INV-H4-000755,H4-L00755-09,Ambulatory Paediatric Critical Care Occupancy,False,23,3550,81650,base=4750; bundle=3550
INV-H4-000755,H4-L00755-10,Standard Orthopaedic Critical Care Occupancy,False,3,134078,402234,"base=148975; prior=[270,389],discount=10%"
INV-H4-000757,H4-L00757-01,Extended Hepatic Transfusion Service,False,6,8450,50700,base=8450; quantity=6<=cap=8
INV-H4-000757,H4-L00757-02,Advanced Paediatric Theatre Time,False,5,37100,185500,base=37100; no identified exclusion trigger
INV-H4-000757,H4-L00757-03,Extended Obstetric Case Conference,False,1,35200,35200,base=41425; bundle=35200
INV-H4-000757,H4-L00757-04,Emergency Cardiac Physiotherapy Session,False,17,8400,142800,base=9875; bundle=8400
INV-H4-000757,H4-L00757-05,Specialist Gastrointestinal Imaging Interpretation,True,1,83625,83625,base=83625
INV-H4-000757,H4-L00757-06,Continuous Gastrointestinal Transfusion Service,False,1,308100,308100,base=308100; no identified exclusion trigger
INV-H4-000757,H4-L00757-07,Continuous Infectious Critical Care Occupancy,False,9,19495,175455,base=13925; premium=40%
INV-H4-000757,H4-L00757-08,Supervised Pulmonary Anaesthesia Administration,False,24,13500,324000,base=13500
INV-H4-000757,H4-L00757-09,Assisted Cardiac Ventilation Support,False,2,155700,311400,base=155700
INV-H4-000764,H4-L00764-01,Focused Metabolic Biopsy Procedure,False,7,15025,105175,base=15025; quantity=7<=cap=8
INV-H4-000764,H4-L00764-02,Extended Urologic Telemetry Monitoring,False,5,144825,724125,base=144825; quantity=5<=cap=12
INV-H4-000764,H4-L00764-03,Intensive Paediatric Consultation,False,2,39175,78350,base=39175
INV-H4-000764,H4-L00764-04,Continuous Psychiatric Rehabilitation Programme,False,3,28625,85875,base=34900; bundle=28625
INV-H4-000764,H4-L00764-05,Postoperative Palliative Recovery Room Occupancy,False,2,70975,141950,base=86550; bundle=70975
INV-H4-000764,H4-L00764-06,Advanced Palliative Home Visit,False,2,11450,22900,base=11450
INV-H4-000764,H4-L00764-07,Ambulatory Musculoskeletal Ventilation Support,False,6,110005,660030,"base=157150; prior=[314,372],discount=30%"
INV-H4-000764,H4-L00764-08,Ambulatory Paediatric Critical Care Occupancy,False,24,3550,85200,base=4750; bundle=3550
INV-H4-000764,H4-L00764-09,Ambulatory Rheumatologic Rehabilitation Programme,False,1,28750,28750,base=38325; bundle=28750
INV-H4-000764,H4-L00764-10,Focused Vascular Infusion Therapy,False,26,4900,127400,base=5775; bundle=4900
INV-H4-000764,H4-L00764-11,Ambulatory Obstetric Case Conference,False,10,11875,118750,base=13975; bundle=11875
INV-H4-000764,H4-L00764-12,Focused Urologic Case Conference,False,23,20200,464600,base=20200; no identified exclusion trigger
INV-H4-000764,H4-L00764-13,Advanced Oncology Ward Bed Occupancy,False,2,68700,137400,base=68700
INV-H4-000764,H4-L00764-14,Advanced Palliative Home Visit,False,3,11450,34350,base=11450
INV-H4-000764,H4-L00764-15,Ambulatory Cardiac Ward Bed Occupancy,False,1,46350,46350,base=46350; quantity=1<=cap=4
INV-H4-000764,H4-L00764-16,Routine Cardiac Home Visit,False,1,16200,16200,base=16200
INV-H4-000764,H4-L00764-17,Assisted Cardiac Ventilation Support,False,5,155700,778500,base=155700
INV-H4-000764,H4-L00764-18,Extended Hepatic Discharge Planning,False,19,7950,151050,base=7950
INV-H4-000764,H4-L00764-19,Outpatient Cardiac Physiotherapy Session,False,1,27300,27300,base=27300
INV-H4-000764,H4-L00764-20,Emergency Rheumatologic Rehabilitation Programme,False,5,62000,310000,base=62000
INV-H4-000771,H4-L00771-01,Preoperative Oncology Diagnostic Imaging,False,2,102650,205300,base=102650; quantity=2<=cap=8
INV-H4-000771,H4-L00771-02,Assisted Cardiac Ventilation Support,False,4,155700,622800,base=155700
INV-H4-000771,H4-L00771-03,Assisted Paediatric Physiotherapy Session,False,3,3150,9450,base=3150
INV-H4-000771,H4-L00771-04,Extended Rheumatologic Nursing Observation,False,2,87375,174750,base=87375
INV-H4-000771,H4-L00771-05,Supervised Gastrointestinal Nursing Observation,False,3,156825,470475,base=156825; no identified exclusion trigger
INV-H4-000772,H4-L00772-01,Emergency Metabolic Radiotherapy Fraction,False,2,364925,729850,base=364925
INV-H4-000772,H4-L00772-02,Preoperative Musculoskeletal Recovery Room Occupancy,False,4,162775,651100,base=162775
INV-H4-000772,H4-L00772-03,Inpatient Psychiatric Home Visit,False,3,19275,57825,base=19275; no identified exclusion trigger
INV-H4-000772,H4-L00772-04,Extended Urologic Telemetry Monitoring,False,4,144825,579300,base=144825; quantity=4<=cap=12
INV-H4-000772,H4-L00772-05,Preoperative Musculoskeletal Recovery Room Occupancy,False,6,162775,976650,base=162775
INV-H4-000772,H4-L00772-06,Assisted Gastrointestinal Anaesthesia Administration,False,3,3050,9150,base=3050; quantity=3<=cap=24
INV-H4-000772,H4-L00772-07,Standard Oncology Ward Bed Occupancy,False,2,52155,104310,"base=57950; prior=[369,484],discount=10%"
INV-H4-000772,H4-L00772-08,Ambulatory Cardiac Ward Bed Occupancy,False,1,46350,46350,base=46350; quantity=1<=cap=4
INV-H4-000772,H4-L00772-09,Focused Metabolic Biopsy Procedure,False,5,15025,75125,base=15025; quantity=5<=cap=8
INV-H4-000772,H4-L00772-10,Supervised Immunologic Ward Bed Occupancy,False,5,194400,972000,base=194400
INV-H4-000772,H4-L00772-11,Specialist Cardiac Ventilation Support,False,15,18125,271875,base=18125; no identified exclusion trigger
INV-H4-000772,H4-L00772-12,Postoperative Geriatric Case Conference,False,15,4275,64125,base=4275
INV-H4-000784,H4-L00784-01,Bedside Cardiac Home Visit,False,3,64800,194400,base=64800
INV-H4-000784,H4-L00784-02,Continuous Infectious Critical Care Occupancy,False,12,19495,233940,base=13925; premium=40%
INV-H4-000784,H4-L00784-03,Intermittent Neurological Laboratory Panel,False,1,10175,10175,base=10175; no identified exclusion trigger
INV-H4-000784,H4-L00784-04,Focused Metabolic Biopsy Procedure,False,5,15025,75125,base=15025; quantity=5<=cap=8
INV-H4-000784,H4-L00784-05,Specialist Gastrointestinal Imaging Interpretation,True,2,83625,167250,base=83625
INV-H4-000784,H4-L00784-06,Comprehensive Ophthalmic Laboratory Panel,False,7,58525,409675,base=58525; no identified exclusion trigger
INV-H4-000784,H4-L00784-07,Intensive Geriatric Case Conference,False,2,10475,20950,base=10475; quantity=2<=cap=8
INV-H4-000784,H4-L00784-08,Ambulatory Cardiac Ward Bed Occupancy,False,4,46350,185400,base=46350; quantity=4<=cap=4
INV-H4-000784,H4-L00784-09,Outpatient Geriatric Diagnostic Imaging,False,1,190450,190450,base=190450
INV-H4-000784,H4-L00784-10,Extended Rheumatologic Nursing Observation,False,6,87375,524250,base=87375
INV-H4-000784,H4-L00784-11,Ambulatory Musculoskeletal Ventilation Support,False,6,110005,660030,"base=157150; prior=[323,381],discount=30%"
INV-H4-000784,H4-L00784-12,Intensive Urologic Specimen Analysis,False,7,19675,137725,base=19675; quantity=7<=cap=24
INV-H4-000784,H4-L00784-13,Bedside Obstetric Imaging Interpretation,False,2,365675,731350,base=365675
INV-H4-000784,H4-L00784-14,Outpatient Obstetric Dialysis Session,False,2,367900,735800,base=367900
INV-H4-000784,H4-L00784-15,Inpatient Orthopaedic Anaesthesia Administration,False,2,145950,291900,base=145950; quantity=2<=cap=8
INV-H4-000784,H4-L00784-16,Postoperative Cardiac Wound Care,False,10,17325,173250,base=17325; no identified exclusion trigger
INV-H4-000784,H4-L00784-17,Continuous Infectious Critical Care Occupancy,False,14,19495,272930,base=13925; premium=40%
INV-H4-000784,H4-L00784-18,Intensive Vascular Sterilisation Service,False,10,25350,253500,base=25350
INV-H4-000784,H4-L00784-19,Focused Urologic Case Conference,False,20,20200,404000,base=20200; no identified exclusion trigger
INV-H4-000790,H4-L00790-01,Outpatient Urologic Theatre Time,False,3,7650,22950,base=7650
INV-H4-000790,H4-L00790-02,Advanced Oncology Ward Bed Occupancy,False,4,68700,274800,base=68700
INV-H4-000790,H4-L00790-03,Outpatient Rheumatologic Anaesthesia Administration,False,7,20875,146125,base=20875
INV-H4-000790,H4-L00790-04,Postoperative Paediatric Sterilisation Service,False,6,16050,96300,base=16050; quantity=6<=cap=8
INV-H4-000790,H4-L00790-05,Supervised Rheumatologic Dialysis Session,False,2,17375,34750,base=17375
INV-H4-000790,H4-L00790-06,Intermittent Neurological Laboratory Panel,False,3,10175,30525,base=10175; no identified exclusion trigger
INV-H4-000790,H4-L00790-07,Extended Rheumatologic Nursing Observation,False,5,87375,436875,base=87375
INV-H4-000790,H4-L00790-08,Assisted Obstetric Specimen Analysis,False,1,10100,10100,base=10100
INV-H4-000790,H4-L00790-09,Routine Cardiac Home Visit,False,2,16200,32400,base=16200
INV-H4-000790,H4-L00790-10,Focused Urologic Case Conference,False,19,20200,383800,base=20200; no identified exclusion trigger
INV-H4-000790,H4-L00790-11,Ambulatory Gastrointestinal Nutritional Support,False,23,4801,110423,base=4175; premium=15%
INV-H4-000792,H4-L00792-01,Inpatient Psychiatric Home Visit,False,3,19275,57825,base=19275; no identified exclusion trigger
INV-H4-000792,H4-L00792-02,Assisted Paediatric Theatre Time,False,18,9275,166950,base=9275; no identified exclusion trigger
INV-H4-000792,H4-L00792-03,Supervised Pulmonary Home Visit,False,3,28675,86025,base=28675
INV-H4-000792,H4-L00792-04,Postoperative Paediatric Imaging Interpretation,False,1,88600,88600,base=88600; no identified exclusion trigger
INV-H4-000792,H4-L00792-05,Comprehensive Neurological Endoscopic Procedure,False,2,309275,618550,base=309275
INV-H4-000792,H4-L00792-06,Postoperative Rheumatologic Nursing Observation,False,4,46425,185700,base=46425; quantity=4<=cap=6
INV-H4-000792,H4-L00792-07,Elective Ophthalmic Radiotherapy Fraction,False,2,373600,747200,base=373600
INV-H4-000792,H4-L00792-08,Emergency Cardiac Physiotherapy Session,False,23,8400,193200,base=9875; bundle=8400
INV-H4-000792,H4-L00792-09,Extended Obstetric Case Conference,False,1,35200,35200,base=41425; bundle=35200
INV-H4-000792,H4-L00792-10,Focused Vascular Transport Service,False,5,24450,122250,base=24450; no identified exclusion trigger
INV-H4-000796,H4-L00796-01,Specialist Cardiac Ventilation Support,False,15,18125,271875,base=18125; no identified exclusion trigger
INV-H4-000796,H4-L00796-02,Intensive Vascular Sterilisation Service,False,11,25350,278850,base=25350
INV-H4-000796,H4-L00796-03,Postoperative Oncology Diagnostic Imaging,False,5,23250,116250,base=23250; quantity=5<=cap=12
INV-H4-000796,H4-L00796-04,Specialist Hepatic Discharge Planning,False,2,41175,82350,base=41175
INV-H4-000796,H4-L00796-05,Extended Hepatic Discharge Planning,False,2,7950,15900,base=7950
INV-H4-000796,H4-L00796-06,Ambulatory Musculoskeletal Specimen Analysis,False,1,9550,9550,base=9550
INV-H4-000796,H4-L00796-07,Extended Urologic Telemetry Monitoring,False,4,144825,579300,base=144825; quantity=4<=cap=12
INV-H4-000796,H4-L00796-08,Extended Urologic Telemetry Monitoring,False,4,144825,579300,base=144825; quantity=4<=cap=12
INV-H4-000796,H4-L00796-09,Ambulatory Paediatric Critical Care Occupancy,False,15,4750,71250,base=4750
INV-H4-000796,H4-L00796-10,Assisted Paediatric Physiotherapy Session,False,23,3150,72450,base=3150
INV-H4-000797,H4-L00797-01,Emergency Cardiac Physiotherapy Session,False,15,8400,126000,base=9875; bundle=8400
INV-H4-000797,H4-L00797-02,Extended Obstetric Case Conference,False,3,35200,105600,base=41425; bundle=35200
INV-H4-000797,H4-L00797-03,Extended Psychiatric Endoscopic Procedure,False,2,325800,651600,base=325800
INV-H4-000797,H4-L00797-04,Postoperative Paediatric Sterilisation Service,False,6,16050,96300,base=16050; quantity=6<=cap=8
INV-H4-000797,H4-L00797-05,Bedside Obstetric Imaging Interpretation,False,2,365675,731350,base=365675
INV-H4-000797,H4-L00797-06,Extended Psychiatric Endoscopic Procedure,False,2,325800,651600,base=325800
INV-H4-000797,H4-L00797-07,Preoperative Geriatric Diagnostic Imaging,False,1,19550,19550,base=19550
INV-H4-000797,H4-L00797-08,Supervised Vascular Radiotherapy Fraction,False,3,15825,47475,base=15825
INV-H4-000800,H4-L00800-01,Ambulatory Obstetric Case Conference,False,17,13975,237575,base=13975
INV-H4-000800,H4-L00800-02,Postoperative Geriatric Case Conference,False,18,4275,76950,base=4275
INV-H4-000800,H4-L00800-03,Outpatient Geriatric Diagnostic Imaging,False,2,190450,380900,base=190450
INV-H4-000800,H4-L00800-04,Assisted Paediatric Physiotherapy Session,False,11,3150,34650,base=3150
INV-H4-000800,H4-L00800-05,Outpatient Urologic Endoscopic Procedure,False,1,372925,372925,base=372925
INV-H4-000801,H4-L00801-01,Assisted Renal Nutritional Support,False,39,3575,139425,base=3575
INV-H4-000801,H4-L00801-02,Comprehensive Urologic Imaging Interpretation,False,4,23075,92300,base=23075
INV-H4-000801,H4-L00801-03,Emergency Cardiac Physiotherapy Session,False,5,8400,42000,base=9875; bundle=8400
INV-H4-000801,H4-L00801-04,Extended Obstetric Case Conference,False,2,35200,70400,base=41425; bundle=35200
INV-H4-000801,H4-L00801-05,Standard Orthopaedic Critical Care Occupancy,False,2,134078,268156,"base=148975; prior=[291,410],discount=10%"
INV-H4-000801,H4-L00801-06,Focused Vascular Transport Service,False,11,24450,268950,base=24450; no identified exclusion trigger
INV-H4-000801,H4-L00801-07,Intermittent Neurological Laboratory Panel,False,2,10175,20350,base=10175; no identified exclusion trigger
INV-H4-000801,H4-L00801-08,Routine Cardiac Home Visit,False,2,16200,32400,base=16200
INV-H4-000812,H4-L00812-01,Outpatient Rheumatologic Anaesthesia Administration,False,3,20875,62625,base=20875
INV-H4-000812,H4-L00812-02,Focused Vascular Infusion Therapy,False,17,4900,83300,base=5775; bundle=4900
INV-H4-000812,H4-L00812-03,Supervised Pulmonary Anaesthesia Administration,False,15,13500,202500,base=13500
INV-H4-000812,H4-L00812-04,Ambulatory Obstetric Case Conference,False,17,11875,201875,base=13975; bundle=11875
INV-H4-000812,H4-L00812-05,Outpatient Urologic Endoscopic Procedure,False,2,372925,745850,base=372925
INV-H4-000812,H4-L00812-06,Postoperative Palliative Recovery Room Occupancy,False,4,70975,283900,base=86550; bundle=70975
INV-H4-000812,H4-L00812-07,Continuous Psychiatric Rehabilitation Programme,False,3,28625,85875,base=34900; bundle=28625
INV-H4-000812,H4-L00812-08,Ambulatory Cardiac Ward Bed Occupancy,False,4,46350,185400,base=46350; quantity=4<=cap=4
INV-H4-000812,H4-L00812-09,Focused Vascular Transport Service,False,7,24450,171150,base=24450; no identified exclusion trigger
INV-H4-000812,H4-L00812-10,Supervised Gastrointestinal Nursing Observation,False,4,156825,627300,base=156825; no identified exclusion trigger
INV-H4-000812,H4-L00812-11,Intermittent Rheumatologic Dialysis Session,False,2,111675,223350,base=126900; bundle=111675
INV-H4-000812,H4-L00812-12,Elective Obstetric Transfusion Service,False,5,1250,6250,base=1425; bundle=1250
INV-H4-000812,H4-L00812-13,Advanced Palliative Home Visit,False,1,11450,11450,base=11450
INV-H4-000812,H4-L00812-14,Supervised Immunologic Ward Bed Occupancy,False,6,194400,1166400,base=194400
INV-H4-000812,H4-L00812-15,Advanced Vascular Endoscopic Procedure,False,2,321775,643550,base=321775
INV-H4-000812,H4-L00812-16,Extended Rheumatologic Nursing Observation,False,6,87375,524250,base=87375
INV-H4-000812,H4-L00812-17,Specialist Hepatic Discharge Planning,False,1,41175,41175,base=41175
INV-H4-000812,H4-L00812-18,Standard Ophthalmic Laboratory Panel,False,5,17925,89625,base=17925; no identified exclusion trigger
INV-H4-000812,H4-L00812-19,Ambulatory Gastrointestinal Nutritional Support,False,19,4801,91219,base=4175; premium=15%
INV-H4-000816,H4-L00816-01,Ambulatory Musculoskeletal Specimen Analysis,False,4,9550,38200,base=9550
INV-H4-000816,H4-L00816-02,Bedside Gastrointestinal Biopsy Procedure,False,6,11075,66450,base=11075; quantity=6<=cap=8
INV-H4-000816,H4-L00816-03,Intensive Geriatric Case Conference,False,3,10475,31425,base=10475; quantity=3<=cap=8
INV-H4-000816,H4-L00816-04,Emergency Metabolic Radiotherapy Fraction,False,1,364925,364925,base=364925
INV-H4-000816,H4-L00816-05,Advanced Paediatric Theatre Time,False,1,37100,37100,base=37100; no identified exclusion trigger
INV-H4-000816,H4-L00816-06,Emergency Metabolic Radiotherapy Fraction,False,1,364925,364925,base=364925
INV-H4-000816,H4-L00816-07,Inpatient Orthopaedic Anaesthesia Administration,False,1,145950,145950,base=145950; quantity=1<=cap=8
INV-H4-000816,H4-L00816-08,Assisted Gastrointestinal Anaesthesia Administration,False,1,3050,3050,base=3050; quantity=1<=cap=24
INV-H4-000816,H4-L00816-09,Outpatient Orthopaedic Recovery Room Occupancy,False,19,9375,178125,base=11025; bundle=9375
INV-H4-000816,H4-L00816-10,Assisted Paediatric Physiotherapy Session,False,13,2675,34775,base=3150; bundle=2675
INV-H4-000816,H4-L00816-11,Ambulatory Immunologic Ward Bed Occupancy,False,3,74700,224100,base=74700; quantity=3<=cap=4
INV-H4-000816,H4-L00816-12,Postoperative Cardiac Wound Care,False,12,17325,207900,base=17325; no identified exclusion trigger
INV-H4-000816,H4-L00816-13,Inpatient Orthopaedic Anaesthesia Administration,False,2,145950,291900,base=145950; quantity=2<=cap=8
INV-H4-000816,H4-L00816-14,Elective Ophthalmic Radiotherapy Fraction,False,2,373600,747200,base=373600
INV-H4-000816,H4-L00816-15,Extended Renal Ward Bed Occupancy,False,3,174050,522150,base=174050
INV-H4-000816,H4-L00816-16,Preoperative Haematology Imaging Interpretation,False,2,11375,22750,base=11375
INV-H4-000819,H4-L00819-01,Postoperative Geriatric Case Conference,False,12,4275,51300,base=4275
INV-H4-000819,H4-L00819-02,Postoperative Rheumatologic Nursing Observation,False,2,46425,92850,base=46425; quantity=2<=cap=6
INV-H4-000819,H4-L00819-03,Ambulatory Haematology Transfusion Service,False,2,402275,804550,base=402275; no identified exclusion trigger
INV-H4-000819,H4-L00819-04,Comprehensive Ophthalmic Laboratory Panel,False,1,58525,58525,base=58525; no identified exclusion trigger
INV-H4-000819,H4-L00819-05,Postoperative Paediatric Sterilisation Service,False,4,16050,64200,base=16050; quantity=4<=cap=8
INV-H4-000819,H4-L00819-06,Routine Cardiac Home Visit,False,2,16200,32400,base=16200
INV-H4-000819,H4-L00819-07,Intensive Vascular Sterilisation Service,False,8,25350,202800,base=25350
INV-H4-000819,H4-L00819-08,Outpatient Orthopaedic Recovery Room Occupancy,False,12,11025,132300,base=11025
INV-H4-000819,H4-L00819-09,Elective Gastrointestinal Nursing Observation,False,5,58925,294625,base=58925; quantity=5<=cap=6
INV-H4-000819,H4-L00819-10,Specialist Gastrointestinal Imaging Interpretation,True,2,83625,167250,base=83625
INV-H4-000819,H4-L00819-11,Outpatient Rheumatologic Anaesthesia Administration,False,7,20875,146125,base=20875
INV-H4-000819,H4-L00819-12,Ambulatory Musculoskeletal Ventilation Support,False,6,110005,660030,"base=157150; prior=[344,402],discount=30%"
INV-H4-000819,H4-L00819-13,Bedside Obstetric Imaging Interpretation,False,1,365675,365675,base=365675
INV-H4-000820,H4-L00820-01,Assisted Paediatric Physiotherapy Session,False,21,2675,56175,base=3150; bundle=2675
INV-H4-000820,H4-L00820-02,Outpatient Orthopaedic Recovery Room Occupancy,False,1,9375,9375,base=11025; bundle=9375
INV-H4-000820,H4-L00820-03,Bedside Obstetric Imaging Interpretation,False,1,365675,365675,base=365675
INV-H4-000820,H4-L00820-04,Standard Oncology Ward Bed Occupancy,False,5,52155,260775,"base=57950; prior=[385,500],discount=10%"
INV-H4-000820,H4-L00820-05,Bedside Cardiac Home Visit,False,1,64800,64800,base=64800
INV-H4-000820,H4-L00820-06,Emergency Metabolic Radiotherapy Fraction,False,2,364925,729850,base=364925
INV-H4-000820,H4-L00820-07,Preoperative Haematology Imaging Interpretation,False,4,11375,45500,base=11375
INV-H4-000820,H4-L00820-08,Intermittent Renal Anaesthesia Administration,True,20,6600,132000,base=6600
INV-H4-000820,H4-L00820-09,Ambulatory Musculoskeletal Ventilation Support,False,2,110005,220010,"base=157150; prior=[350,408],discount=30%"
INV-H4-000820,H4-L00820-10,Bedside Obstetric Imaging Interpretation,False,1,365675,365675,base=365675
INV-H4-000820,H4-L00820-11,Assisted Urologic Nursing Observation,False,3,132675,398025,base=132675; quantity=3<=cap=4
INV-H4-000820,H4-L00820-12,Extended Hepatic Discharge Planning,False,3,7950,23850,base=7950
INV-H4-000820,H4-L00820-13,Advanced Palliative Home Visit,False,1,11450,11450,base=11450
INV-H4-000820,H4-L00820-14,Specialist Gastrointestinal Imaging Interpretation,True,1,83625,83625,base=83625
INV-H4-000821,H4-L00821-01,Elective Ophthalmic Radiotherapy Fraction,False,2,373600,747200,base=373600
INV-H4-000821,H4-L00821-02,Extended Obstetric Case Conference,False,1,35200,35200,base=41425; bundle=35200
INV-H4-000821,H4-L00821-03,Emergency Cardiac Physiotherapy Session,False,10,8400,84000,base=9875; bundle=8400
INV-H4-000821,H4-L00821-04,Elective Gastrointestinal Nursing Observation,False,2,58925,117850,base=58925; quantity=2<=cap=6
INV-H4-000821,H4-L00821-05,Comprehensive Urologic Imaging Interpretation,False,5,23075,115375,base=23075
INV-H4-000821,H4-L00821-06,Postoperative Paediatric Imaging Interpretation,False,1,88600,88600,base=88600; no identified exclusion trigger
INV-H4-000821,H4-L00821-07,Continuous Psychiatric Rehabilitation Programme,False,4,28625,114500,base=34900; bundle=28625
INV-H4-000821,H4-L00821-08,Postoperative Palliative Recovery Room Occupancy,False,4,70975,283900,base=86550; bundle=70975
INV-H4-000821,H4-L00821-09,Outpatient Orthopaedic Recovery Room Occupancy,False,9,11025,99225,base=11025
INV-H4-000824,H4-L00824-01,Preoperative Haematology Imaging Interpretation,False,8,11375,91000,base=11375
INV-H4-000824,H4-L00824-02,Postoperative Otolaryngologic Telemetry Monitoring,False,24,10000,240000,base=10000; quantity=24<=cap=24
INV-H4-000824,H4-L00824-03,Comprehensive Urologic Imaging Interpretation,False,6,23075,138450,base=23075
INV-H4-000824,H4-L00824-04,Advanced Oncology Ward Bed Occupancy,False,6,68700,412200,base=68700
INV-H4-000824,H4-L00824-05,Assisted Obstetric Specimen Analysis,False,1,10100,10100,base=10100
INV-H4-000824,H4-L00824-06,Advanced Oncology Ward Bed Occupancy,False,3,68700,206100,base=68700
INV-H4-000824,H4-L00824-07,Comprehensive Neurological Endoscopic Procedure,False,2,309275,618550,base=309275
INV-H4-000824,H4-L00824-08,Preoperative Oncology Diagnostic Imaging,False,2,102650,205300,base=102650; quantity=2<=cap=8
INV-H4-000824,H4-L00824-09,Ambulatory Immunologic Ward Bed Occupancy,False,3,74700,224100,base=74700; quantity=3<=cap=4
INV-H4-000824,H4-L00824-10,Inpatient Psychiatric Home Visit,False,3,19275,57825,base=19275; no identified exclusion trigger
INV-H4-000824,H4-L00824-11,Inpatient Psychiatric Home Visit,False,3,19275,57825,base=19275; no identified exclusion trigger
INV-H4-000824,H4-L00824-12,Postoperative Geriatric Imaging Interpretation,False,3,43925,131775,base=43925
INV-H4-000824,H4-L00824-13,Assisted Cardiac Ventilation Support,False,6,155700,934200,base=155700
INV-H4-000824,H4-L00824-14,Outpatient Obstetric Dialysis Session,False,1,367900,367900,base=367900
INV-H4-000824,H4-L00824-15,Supervised Immunologic Ward Bed Occupancy,False,2,194400,388800,base=194400
INV-H4-000825,H4-L00825-01,Advanced Palliative Home Visit,False,1,11450,11450,base=11450
INV-H4-000825,H4-L00825-02,Specialist Gastrointestinal Imaging Interpretation,True,2,83625,167250,base=83625
INV-H4-000825,H4-L00825-03,Specialist Immunologic Consultation,False,2,91600,183200,base=114500; bundle=91600
INV-H4-000825,H4-L00825-04,Supervised Rheumatologic Dialysis Session,False,3,13900,41700,base=17375; bundle=13900
INV-H4-000825,H4-L00825-05,Advanced Paediatric Theatre Time,False,6,37100,222600,base=37100; no identified exclusion trigger
INV-H4-000825,H4-L00825-06,Extended Hepatic Transfusion Service,False,3,8450,25350,base=8450; quantity=3<=cap=8
INV-H4-000825,H4-L00825-07,Extended Urologic Telemetry Monitoring,False,2,144825,289650,base=144825; quantity=2<=cap=12
INV-H4-000825,H4-L00825-08,Intensive Vascular Sterilisation Service,False,3,25350,76050,base=25350
INV-H4-000825,H4-L00825-09,Intermittent Renal Anaesthesia Administration,False,9,6600,59400,base=6600
INV-H4-000826,H4-L00826-01,Standard Paediatric Dialysis Session,False,1,368050,368050,base=368050
INV-H4-000826,H4-L00826-02,Postoperative Paediatric Imaging Interpretation,False,2,88600,177200,base=88600; no identified exclusion trigger
INV-H4-000826,H4-L00826-03,Ambulatory Musculoskeletal Specimen Analysis,False,3,9550,28650,base=9550
INV-H4-000826,H4-L00826-04,Specialist Immunologic Consultation,False,1,91600,91600,base=114500; bundle=91600
INV-H4-000826,H4-L00826-05,Supervised Rheumatologic Dialysis Session,False,2,13900,27800,base=17375; bundle=13900
INV-H4-000826,H4-L00826-06,Continuous Infectious Critical Care Occupancy,False,10,19495,194950,base=13925; premium=40%
INV-H4-000826,H4-L00826-07,Intensive Vascular Sterilisation Service,False,12,25350,304200,base=25350
INV-H4-000826,H4-L00826-08,Bedside Cardiac Home Visit,False,2,64800,129600,base=64800
INV-H4-000826,H4-L00826-09,Advanced Vascular Endoscopic Procedure,False,1,321775,321775,base=321775
INV-H4-000826,H4-L00826-10,Assisted Obstetric Specimen Analysis,False,2,10100,20200,base=10100
INV-H4-000830,H4-L00830-01,Supervised Gastrointestinal Nursing Observation,False,6,156825,940950,base=156825; no identified exclusion trigger
INV-H4-000830,H4-L00830-02,Postoperative Geriatric Case Conference,False,14,4275,59850,base=4275
INV-H4-000830,H4-L00830-03,Ambulatory Gastrointestinal Nutritional Support,False,20,4801,96020,base=4175; premium=15%
INV-H4-000830,H4-L00830-04,Outpatient Urologic Endoscopic Procedure,False,1,372925,372925,base=372925
INV-H4-000830,H4-L00830-05,Outpatient Cardiac Physiotherapy Session,False,2,27300,54600,base=27300
INV-H4-000830,H4-L00830-06,Standard Hepatic Infusion Therapy,False,35,4571,159985,base=3975; premium=15%
INV-H4-000830,H4-L00830-07,Ambulatory Haematology Transfusion Service,True,2,402275,804550,base=402275; no identified exclusion trigger
INV-H4-000830,H4-L00830-08,Extended Hepatic Transfusion Service,False,6,8450,50700,base=8450; quantity=6<=cap=8
INV-H4-000831,H4-L00831-01,Supervised Immunologic Ward Bed Occupancy,False,4,194400,777600,base=194400
INV-H4-000831,H4-L00831-02,Specialist Hepatic Discharge Planning,False,2,41175,82350,base=41175
INV-H4-000831,H4-L00831-03,Elective Obstetric Transfusion Service,False,36,1250,45000,base=1425; bundle=1250
INV-H4-000831,H4-L00831-04,Intermittent Rheumatologic Dialysis Session,False,1,111675,111675,base=126900; bundle=111675
INV-H4-000831,H4-L00831-05,Ambulatory Musculoskeletal Ventilation Support,False,4,110005,440020,"base=157150; prior=[352,410],discount=30%"
INV-H4-000831,H4-L00831-06,Extended Renal Ward Bed Occupancy,False,2,174050,348100,base=174050
INV-H4-000831,H4-L00831-07,Bedside Obstetric Imaging Interpretation,False,1,365675,365675,base=365675
INV-H4-000834,H4-L00834-01,Intensive Paediatric Consultation,False,3,39175,117525,base=39175
INV-H4-000834,H4-L00834-02,Intensive Geriatric Case Conference,False,1,10475,10475,base=10475; quantity=1<=cap=8
INV-H4-000834,H4-L00834-03,Extended Psychiatric Endoscopic Procedure,False,2,325800,651600,base=325800
INV-H4-000834,H4-L00834-04,Emergency Cardiac Physiotherapy Session,False,20,8400,168000,base=9875; bundle=8400
INV-H4-000834,H4-L00834-05,Extended Obstetric Case Conference,False,3,35200,105600,base=41425; bundle=35200
INV-H4-000834,H4-L00834-06,Standard Vascular Home Visit,False,1,26200,26200,base=26200
INV-H4-000834,H4-L00834-07,Bedside Gastrointestinal Biopsy Procedure,False,7,11075,77525,base=11075; quantity=7<=cap=8
INV-H4-000834,H4-L00834-08,Postoperative Paediatric Imaging Interpretation,False,1,88600,88600,base=88600; no identified exclusion trigger
INV-H4-000834,H4-L00834-09,Focused Urologic Case Conference,False,16,20200,323200,base=20200; no identified exclusion trigger
INV-H4-000834,H4-L00834-10,Intensive Urologic Specimen Analysis,False,12,19675,236100,base=19675; quantity=12<=cap=24
INV-H4-000834,H4-L00834-11,Elective Obstetric Transfusion Service,False,9,1250,11250,base=1425; bundle=1250
INV-H4-000834,H4-L00834-12,Intermittent Rheumatologic Dialysis Session,False,1,111675,111675,base=126900; bundle=111675
INV-H4-000834,H4-L00834-13,Preoperative Haematology Imaging Interpretation,False,3,11375,34125,base=11375
INV-H4-000834,H4-L00834-14,Ambulatory Obstetric Case Conference,False,14,11875,166250,base=13975; bundle=11875
INV-H4-000834,H4-L00834-15,Focused Vascular Infusion Therapy,False,20,4900,98000,base=5775; bundle=4900
INV-H4-000835,H4-L00835-01,Outpatient Cardiac Physiotherapy Session,False,3,27300,81900,base=27300
INV-H4-000835,H4-L00835-02,Emergency Metabolic Radiotherapy Fraction,False,1,364925,364925,base=364925
INV-H4-000835,H4-L00835-03,Elective Obstetric Transfusion Service,False,7,1425,9975,base=1425
INV-H4-000835,H4-L00835-04,Specialist Gastrointestinal Imaging Interpretation,True,1,83625,83625,base=83625
INV-H4-000835,H4-L00835-05,Advanced Palliative Home Visit,False,1,11450,11450,base=11450
INV-H4-000835,H4-L00835-06,Extended Obstetric Case Conference,False,2,35200,70400,base=41425; bundle=35200
INV-H4-000835,H4-L00835-07,Emergency Cardiac Physiotherapy Session,False,12,8400,100800,base=9875; bundle=8400
INV-H4-000835,H4-L00835-08,Outpatient Geriatric Diagnostic Imaging,False,2,190450,380900,base=190450
INV-H4-000835,H4-L00835-09,Standard Hepatic Infusion Therapy,False,2,3975,7950,base=3975
INV-H4-000835,H4-L00835-10,Ambulatory Immunologic Ward Bed Occupancy,False,4,74700,298800,base=74700; quantity=4<=cap=4
INV-H4-000835,H4-L00835-11,Supervised Pulmonary Anaesthesia Administration,False,20,13500,270000,base=13500
INV-H4-000835,H4-L00835-12,Outpatient Cardiac Physiotherapy Session,False,3,27300,81900,base=27300
INV-H4-000835,H4-L00835-13,Bedside Obstetric Imaging Interpretation,False,1,365675,365675,base=365675
INV-H4-000835,H4-L00835-14,Emergency Rheumatologic Rehabilitation Programme,False,5,62000,310000,base=62000
INV-H4-000835,H4-L00835-15,Specialist Cardiac Ventilation Support,False,21,18125,380625,base=18125; no identified exclusion trigger
INV-H4-000835,H4-L00835-16,Comprehensive Ophthalmic Laboratory Panel,False,5,58525,292625,base=58525; no identified exclusion trigger
INV-H4-000838,H4-L00838-01,Outpatient Geriatric Diagnostic Imaging,False,1,190450,190450,base=190450
INV-H4-000838,H4-L00838-02,Continuous Psychiatric Rehabilitation Programme,False,4,28625,114500,base=34900; bundle=28625
INV-H4-000838,H4-L00838-03,Postoperative Palliative Recovery Room Occupancy,False,6,70975,425850,base=86550; bundle=70975
INV-H4-000838,H4-L00838-04,Focused Vascular Transport Service,False,5,24450,122250,base=24450; no identified exclusion trigger
INV-H4-000838,H4-L00838-05,Ambulatory Musculoskeletal Ventilation Support,False,4,110005,440020,"base=157150; prior=[360,418],discount=30%"
INV-H4-000838,H4-L00838-06,Assisted Obstetric Specimen Analysis,False,8,10100,80800,base=10100
