line_id,invoice_id,line_no,service_date,description,quantity,unit_basis_as_billed,unit_price_cents,line_total_cents,record_id,malformed_service_date,service_date_after_invoice_date,service_date_out_of_window,line_total_arithmetic,contract_service,mapping_status,candidate_services,expected_unit_basis,base_rate_cents,plain_rate_eligible,unit_check_status,wrong_unit_basis,unit_price_mismatch,price_check_status,expected_checked_unit_price_cents,weekend_rate_mismatch,patient_id,daily_cap_exceeded,quantity_premium_rate_mismatch,daily_quantity_status,daily_known_quantity,daily_quantity_limit,daily_premium_threshold,daily_premium_percent,discount_rate_mismatch,discount_check_status,utilisation_lower_before,utilisation_upper_before,discount_percent,discount_expected_unit_price_cents
H4-L00002-18,INV-H4-000002,18,2024-01-05,standard - ONC bd OCC,3,per_day,57950,173850,2,False,False,False,False,Standard Oncology Ward Bed Occupancy,mapped_explicit_terms,Standard Oncology Ward Bed Occupancy,per_day,57950,False,checked,False,False,needs_adjustment_or_mapping_review,,False,PT-H4-000011,False,False,not_applicable_or_unmapped,,,,,False,checked_bounds_agree,0,115,0,57950
H4-L00003-19,INV-H4-000003,19,2024-01-04,SUPP amb MSK vent /CW-8558,1,per_day,157150,157150,3,False,False,False,False,Ambulatory Musculoskeletal Ventilation Support,mapped_explicit_terms,Ambulatory Musculoskeletal Ventilation Support,per_day,157150,False,checked,False,False,needs_adjustment_or_mapping_review,,False,PT-H4-000099,False,False,not_applicable_or_unmapped,,,,,False,checked_bounds_agree,0,58,0,157150
H4-L00004-03,INV-H4-000004,3,2024-01-06,STD - orthopaedic CRIT care OCC /CW-2102,6,per_night,148975,893850,4,False,False,False,False,Standard Orthopaedic Critical Care Occupancy,mapped_explicit_terms,Standard Orthopaedic Critical Care Occupancy,per_night,148975,False,checked,False,False,needs_adjustment_or_mapping_review,,False,PT-H4-000055,False,False,not_applicable_or_unmapped,,,,,False,checked_bounds_agree,0,119,0,148975
H4-L00009-15,INV-H4-000009,15,2024-01-11,OCC  - standard ORTHO cr /CW-6124,6,per_night,148975,893850,9,False,False,False,False,Standard Orthopaedic Critical Care Occupancy,mapped_explicit_terms,Standard Orthopaedic Critical Care Occupancy,per_night,148975,False,checked,False,False,needs_adjustment_or_mapping_review,,False,PT-H4-000074,False,False,not_applicable_or_unmapped,,,,,False,needs_mapping_review_threshold_uncertain,6,125,,
H4-L00010-09,INV-H4-000010,9,2024-01-11,AMB musculoskeletal VENT supp /CW-8775,4,per_day,157150,628600,10,False,False,False,False,Ambulatory Musculoskeletal Ventilation Support,mapped_explicit_terms,Ambulatory Musculoskeletal Ventilation Support,per_day,157150,False,checked,False,False,needs_adjustment_or_mapping_review,,False,PT-H4-000158,False,False,not_applicable_or_unmapped,,,,,False,checked_bounds_agree,1,59,0,157150
H4-L00013-10,INV-H4-000013,10,2024-01-15,SUPP - amb MSK vent /CW-6725,2,per_day,157150,314300,13,False,False,False,False,Ambulatory Musculoskeletal Ventilation Support,mapped_explicit_terms,Ambulatory Musculoskeletal Ventilation Support,per_day,157150,False,checked,False,False,needs_adjustment_or_mapping_review,,False,PT-H4-000039,False,False,not_applicable_or_unmapped,,,,,False,checked_bounds_agree,5,63,0,157150
H4-L00014-05,INV-H4-000014,5,2024-01-18,AMB  msk VENT supp,6,per_day,157150,942900,14,False,False,False,False,Ambulatory Musculoskeletal Ventilation Support,mapped_explicit_terms,Ambulatory Musculoskeletal Ventilation Support,per_day,157150,False,checked,False,False,needs_adjustment_or_mapping_review,,False,PT-H4-000149,False,False,not_applicable_or_unmapped,,,,,False,checked_bounds_agree,7,65,0,157150
H4-L00017-06,INV-H4-000017,6,2024-01-18,AMB  msk VENT supp,3,per_day,157150,471450,17,False,False,False,False,Ambulatory Musculoskeletal Ventilation Support,mapped_explicit_terms,Ambulatory Musculoskeletal Ventilation Support,per_day,157150,False,checked,False,False,needs_adjustment_or_mapping_review,,False,PT-H4-000157,False,False,not_applicable_or_unmapped,,,,,False,checked_bounds_agree,13,71,0,157150
H4-L00020-14,INV-H4-000020,14,2024-01-26,STD - orthopaedic CRIT cr OCC /CW-7769,2,per_night,148975,297950,20,False,False,False,False,Standard Orthopaedic Critical Care Occupancy,mapped_explicit_terms,Standard Orthopaedic Critical Care Occupancy,per_night,148975,False,checked,False,False,needs_adjustment_or_mapping_review,,False,PT-H4-000021,False,False,not_applicable_or_unmapped,,,,,False,needs_mapping_review_threshold_uncertain,12,131,,
H4-L00027-03,INV-H4-000027,3,2024-02-01,CR std ORTHOPAEDIC crit,5,per_night,148975,744875,27,False,False,False,False,Standard Orthopaedic Critical Care Occupancy,mapped_explicit_terms,Standard Orthopaedic Critical Care Occupancy,per_night,148975,False,checked,False,False,needs_adjustment_or_mapping_review,,False,PT-H4-000206,False,False,not_applicable_or_unmapped,,,,,False,needs_mapping_review_threshold_uncertain,14,133,,
H4-L00027-14,INV-H4-000027,14,2024-02-03,ONC wd BD occ STD,1,per_day,57950,57950,27,False,False,False,False,Standard Oncology Ward Bed Occupancy,mapped_explicit_terms,Standard Oncology Ward Bed Occupancy,per_day,57950,False,checked,False,False,needs_adjustment_or_mapping_review,,False,PT-H4-000206,False,False,not_applicable_or_unmapped,,,,,False,checked_bounds_agree,3,118,0,57950
H4-L00034-03,INV-H4-000034,3,2024-02-14,AMB  msk VENT supp,6,per_day,157150,942900,34,False,False,False,False,Ambulatory Musculoskeletal Ventilation Support,mapped_explicit_terms,Ambulatory Musculoskeletal Ventilation Support,per_day,157150,False,checked,False,False,needs_adjustment_or_mapping_review,,False,PT-H4-000203,False,False,not_applicable_or_unmapped,,,,,False,checked_bounds_agree,16,74,0,157150
H4-L00039-03,INV-H4-000039,3,2024-02-15,ONC wd BD occ STD,6,per_day,57950,347700,39,False,False,False,False,Standard Oncology Ward Bed Occupancy,mapped_explicit_terms,Standard Oncology Ward Bed Occupancy,per_day,57950,False,checked,False,False,needs_adjustment_or_mapping_review,,False,PT-H4-000016,False,False,not_applicable_or_unmapped,,,,,False,checked_bounds_agree,4,119,0,57950
H4-L00040-05,INV-H4-000040,5,2024-02-17,OCC  - standard ORTHO cr /CW-6124,1,per_night,148975,148975,40,False,False,False,False,Standard Orthopaedic Critical Care Occupancy,mapped_explicit_terms,Standard Orthopaedic Critical Care Occupancy,per_night,148975,False,checked,False,False,needs_adjustment_or_mapping_review,,False,PT-H4-000049,False,False,not_applicable_or_unmapped,,,,,False,needs_mapping_review_threshold_uncertain,19,138,,
H4-L00042-12,INV-H4-000042,12,2024-02-19,SUPP amb MSK vent /CW-8558,4,per_day,157150,628600,42,False,False,False,False,Ambulatory Musculoskeletal Ventilation Support,mapped_explicit_terms,Ambulatory Musculoskeletal Ventilation Support,per_day,157150,False,checked,False,False,needs_adjustment_or_mapping_review,,False,PT-H4-000183,False,False,not_applicable_or_unmapped,,,,,False,checked_bounds_agree,22,80,0,157150
H4-L00051-01,INV-H4-000051,1,2024-02-27,std - ONC wd BED occ /CW-1173,1,per_day,57950,57950,51,False,False,False,False,Standard Oncology Ward Bed Occupancy,mapped_explicit_terms,Standard Oncology Ward Bed Occupancy,per_day,57950,False,checked,False,False,needs_adjustment_or_mapping_review,,False,PT-H4-000117,False,False,not_applicable_or_unmapped,,,,,False,needs_mapping_review_threshold_uncertain,12,127,,
H4-L00051-06,INV-H4-000051,6,2024-02-25,AMB musculoskeletal VENT supp /CW-8775,5,per_day,157150,785750,51,False,False,False,False,Ambulatory Musculoskeletal Ventilation Support,mapped_explicit_terms,Ambulatory Musculoskeletal Ventilation Support,per_day,157150,False,checked,False,False,needs_adjustment_or_mapping_review,,False,PT-H4-000117,False,False,not_applicable_or_unmapped,,,,,False,needs_mapping_review_threshold_uncertain,26,84,,
H4-L00053-14,INV-H4-000053,14,2024-02-25,ONC wd BD occ STD,2,per_day,57950,115900,53,False,False,False,False,Standard Oncology Ward Bed Occupancy,mapped_explicit_terms,Standard Oncology Ward Bed Occupancy,per_day,57950,False,checked,False,False,needs_adjustment_or_mapping_review,,False,PT-H4-000091,False,False,not_applicable_or_unmapped,,,,,False,needs_mapping_review_threshold_uncertain,10,125,,
H4-L00056-03,INV-H4-000056,3,2024-03-04,standard - ONC bd OCC,5,per_day,57950,289750,56,False,False,False,False,Standard Oncology Ward Bed Occupancy,mapped_explicit_terms,Standard Oncology Ward Bed Occupancy,per_day,57950,False,checked,False,False,needs_adjustment_or_mapping_review,,False,PT-H4-000157,False,False,not_applicable_or_unmapped,,,,,False,needs_mapping_review_threshold_uncertain,20,135,,
H4-L00057-11,INV-H4-000057,11,2024-03-01,SUPP - amb MSK vent /CW-6725,6,per_day,157150,942900,57,False,False,False,False,Ambulatory Musculoskeletal Ventilation Support,mapped_explicit_terms,Ambulatory Musculoskeletal Ventilation Support,per_day,157150,False,checked,False,False,needs_adjustment_or_mapping_review,,False,PT-H4-000182,False,False,not_applicable_or_unmapped,,,,,False,needs_mapping_review_threshold_uncertain,31,89,,
H4-L00058-06,INV-H4-000058,6,2024-03-01,std - ONC wd BED occ /CW-1173,2,per_day,57950,115900,58,False,False,False,False,Standard Oncology Ward Bed Occupancy,mapped_explicit_terms,Standard Oncology Ward Bed Occupancy,per_day,57950,False,checked,False,False,needs_adjustment_or_mapping_review,,False,PT-H4-000188,False,False,not_applicable_or_unmapped,,,,,False,needs_mapping_review_threshold_uncertain,13,128,,
H4-L00058-07,INV-H4-000058,7,2024-03-02,ONC wd BD occ STD,5,per_day,57950,289750,58,False,False,False,False,Standard Oncology Ward Bed Occupancy,mapped_explicit_terms,Standard Oncology Ward Bed Occupancy,per_day,57950,False,checked,False,False,needs_adjustment_or_mapping_review,,False,PT-H4-000188,False,False,not_applicable_or_unmapped,,,,,False,needs_mapping_review_threshold_uncertain,15,130,,
H4-L00064-01,INV-H4-000064,1,2024-03-07,ONC wd BD occ STD,5,per_day,57950,289750,64,False,False,False,False,Standard Oncology Ward Bed Occupancy,mapped_explicit_terms,Standard Oncology Ward Bed Occupancy,per_day,57950,False,checked,False,False,needs_adjustment_or_mapping_review,,False,PT-H4-000016,False,False,not_applicable_or_unmapped,,,,,False,needs_mapping_review_threshold_uncertain,25,140,,
H4-L00067-17,INV-H4-000067,17,2024-03-13,STD - orthopaedic CRIT care OCC /CW-2102,2,per_night,148975,297950,67,False,False,False,False,Standard Orthopaedic Critical Care Occupancy,mapped_explicit_terms,Standard Orthopaedic Critical Care Occupancy,per_night,148975,False,checked,False,False,needs_adjustment_or_mapping_review,,False,PT-H4-000091,False,False,not_applicable_or_unmapped,,,,,False,needs_mapping_review_threshold_uncertain,20,139,,
H4-L00070-19,INV-H4-000070,19,2024-03-10,standard - ONC bd OCC,6,per_day,57950,347700,70,False,False,False,False,Standard Oncology Ward Bed Occupancy,mapped_explicit_terms,Standard Oncology Ward Bed Occupancy,per_day,57950,False,checked,False,False,needs_adjustment_or_mapping_review,,False,PT-H4-000191,False,False,not_applicable_or_unmapped,,,,,False,needs_mapping_review_threshold_uncertain,30,145,,
H4-L00074-04,INV-H4-000074,4,2024-03-15,std - ONC wd BED occ /CW-1173,6,per_day,52155,312930,74,False,False,False,False,Standard Oncology Ward Bed Occupancy,mapped_explicit_terms,Standard Oncology Ward Bed Occupancy,per_day,57950,False,checked,False,False,needs_adjustment_or_mapping_review,,False,PT-H4-000120,False,False,not_applicable_or_unmapped,,,,,False,needs_mapping_review_threshold_uncertain,36,151,,
H4-L00075-11,INV-H4-000075,11,2024-03-15,OCCUPANCY - std ORTHOPAEDIC crit CR /CW-7040,2,per_night,148975,297950,75,False,False,False,False,Standard Orthopaedic Critical Care Occupancy,mapped_explicit_terms,Standard Orthopaedic Critical Care Occupancy,per_night,148975,False,checked,False,False,needs_adjustment_or_mapping_review,,False,PT-H4-000064,False,False,not_applicable_or_unmapped,,,,,False,needs_mapping_review_threshold_uncertain,22,141,,
H4-L00078-04,INV-H4-000078,4,2024-03-18,ONC wd BD occ STD,6,per_day,57950,347700,78,False,False,False,False,Standard Oncology Ward Bed Occupancy,mapped_explicit_terms,Standard Oncology Ward Bed Occupancy,per_day,57950,False,checked,False,False,needs_adjustment_or_mapping_review,,False,PT-H4-000097,False,False,not_applicable_or_unmapped,,,,,False,needs_mapping_review_threshold_uncertain,42,157,,
H4-L00078-08,INV-H4-000078,8,2024-03-18,AMB musculoskeletal VENT supp /CW-8775,5,per_day,157150,785750,78,False,False,False,False,Ambulatory Musculoskeletal Ventilation Support,mapped_explicit_terms,Ambulatory Musculoskeletal Ventilation Support,per_day,157150,False,checked,False,False,needs_adjustment_or_mapping_review,,False,PT-H4-000097,False,False,not_applicable_or_unmapped,,,,,False,needs_mapping_review_threshold_uncertain,37,95,,
H4-L00080-04,INV-H4-000080,4,2024-03-22,standard - ONC ward BD occ /CW-4538,1,per_day,57950,57950,80,False,False,False,False,Standard Oncology Ward Bed Occupancy,mapped_explicit_terms,Standard Oncology Ward Bed Occupancy,per_day,57950,False,checked,False,False,needs_adjustment_or_mapping_review,,False,PT-H4-000182,False,False,not_applicable_or_unmapped,,,,,False,needs_mapping_review_threshold_uncertain,48,163,,
H4-L00082-16,INV-H4-000082,16,2024-03-27,OCCUPANCY - std ORTHOPAEDIC crit CR /CW-7040,6,per_night,148975,893850,82,False,False,False,False,Standard Orthopaedic Critical Care Occupancy,mapped_explicit_terms,Standard Orthopaedic Critical Care Occupancy,per_night,148975,False,checked,False,False,needs_adjustment_or_mapping_review,,False,PT-H4-000001,False,False,not_applicable_or_unmapped,,,,,False,needs_mapping_review_threshold_uncertain,24,143,,
H4-L00083-07,INV-H4-000083,7,2024-03-22,SUPP - amb MSK vent /CW-6725,2,per_day,157150,314300,83,False,False,False,False,Ambulatory Musculoskeletal Ventilation Support,mapped_explicit_terms,Ambulatory Musculoskeletal Ventilation Support,per_day,157150,False,checked,False,False,needs_adjustment_or_mapping_review,,False,PT-H4-000120,False,False,not_applicable_or_unmapped,,,,,False,needs_mapping_review_threshold_uncertain,42,100,,
H4-L00088-11,INV-H4-000088,11,2024-03-23,standard - ONC ward BD occ /CW-4538,3,per_day,57950,173850,88,False,False,False,False,Standard Oncology Ward Bed Occupancy,mapped_explicit_terms,Standard Oncology Ward Bed Occupancy,per_day,57950,False,checked,False,False,needs_adjustment_or_mapping_review,,False,PT-H4-000161,False,False,not_applicable_or_unmapped,,,,,False,needs_mapping_review_threshold_uncertain,49,164,,
H4-L00092-14,INV-H4-000092,14,2024-03-29,CR std ORTHOPAEDIC crit,5,per_night,148975,744875,92,False,False,False,False,Standard Orthopaedic Critical Care Occupancy,mapped_explicit_terms,Standard Orthopaedic Critical Care Occupancy,per_night,148975,False,checked,False,False,needs_adjustment_or_mapping_review,,False,PT-H4-000019,False,False,not_applicable_or_unmapped,,,,,False,needs_mapping_review_threshold_uncertain,30,149,,
H4-L00094-10,INV-H4-000094,10,2024-03-31,SUPPORT - amb MSK vent,1,per_day,157150,157150,94,False,False,False,False,Ambulatory Musculoskeletal Ventilation Support,mapped_explicit_terms,Ambulatory Musculoskeletal Ventilation Support,per_day,157150,False,checked,False,False,needs_adjustment_or_mapping_review,,False,PT-H4-000186,False,False,not_applicable_or_unmapped,,,,,False,needs_mapping_review_threshold_uncertain,51,109,,
H4-L00096-07,INV-H4-000096,7,2024-03-29,SUPPORT - amb MSK vent,3,per_day,157150,471450,96,False,False,False,False,Ambulatory Musculoskeletal Ventilation Support,mapped_explicit_terms,Ambulatory Musculoskeletal Ventilation Support,per_day,157150,False,checked,False,False,needs_adjustment_or_mapping_review,,False,PT-H4-000161,False,False,not_applicable_or_unmapped,,,,,False,needs_mapping_review_threshold_uncertain,44,102,,
H4-L00097-09,INV-H4-000097,9,2024-03-29,SUPP - amb MSK vent /CW-6725,4,per_day,157150,628600,97,False,False,False,False,Ambulatory Musculoskeletal Ventilation Support,mapped_explicit_terms,Ambulatory Musculoskeletal Ventilation Support,per_day,157150,False,checked,False,False,needs_adjustment_or_mapping_review,,False,PT-H4-000197,False,False,not_applicable_or_unmapped,,,,,False,needs_mapping_review_threshold_uncertain,47,105,,
H4-L00099-14,INV-H4-000099,14,2024-03-31,std - ONC wd BED occ /CW-1173,3,per_day,57950,173850,99,False,False,False,False,Standard Oncology Ward Bed Occupancy,mapped_explicit_terms,Standard Oncology Ward Bed Occupancy,per_day,57950,False,checked,False,False,needs_adjustment_or_mapping_review,,False,PT-H4-000021,False,False,not_applicable_or_unmapped,,,,,False,needs_mapping_review_threshold_uncertain,52,167,,
H4-L00105-05,INV-H4-000105,5,2024-04-11,std - ONC wd BED occ /CW-1173,1,per_day,57950,57950,105,False,False,False,False,Standard Oncology Ward Bed Occupancy,mapped_explicit_terms,Standard Oncology Ward Bed Occupancy,per_day,57950,False,checked,False,False,needs_adjustment_or_mapping_review,,False,PT-H4-000026,False,False,not_applicable_or_unmapped,,,,,False,needs_mapping_review_threshold_uncertain,55,170,,
H4-L00109-11,INV-H4-000109,11,2024-04-15,SUPP - amb MSK vent /CW-6725,6,per_day,157150,942900,109,False,False,False,False,Ambulatory Musculoskeletal Ventilation Support,mapped_explicit_terms,Ambulatory Musculoskeletal Ventilation Support,per_day,157150,False,checked,False,False,needs_adjustment_or_mapping_review,,False,PT-H4-000132,False,False,not_applicable_or_unmapped,,,,,False,needs_mapping_review_threshold_uncertain,52,110,,
H4-L00109-13,INV-H4-000109,13,2024-04-13,CR std ORTHOPAEDIC crit,6,per_night,148975,893850,109,False,False,False,False,Standard Orthopaedic Critical Care Occupancy,mapped_explicit_terms,Standard Orthopaedic Critical Care Occupancy,per_night,148975,False,checked,False,False,needs_adjustment_or_mapping_review,,False,PT-H4-000132,False,False,not_applicable_or_unmapped,,,,,False,needs_mapping_review_threshold_uncertain,36,155,,
H4-L00109-17,INV-H4-000109,17,2024-04-12,STD - orthopaedic CRIT cr OCC /CW-7769,1,per_night,148975,148975,109,False,False,False,False,Standard Orthopaedic Critical Care Occupancy,mapped_explicit_terms,Standard Orthopaedic Critical Care Occupancy,per_night,148975,False,checked,False,False,needs_adjustment_or_mapping_review,,False,PT-H4-000132,False,False,not_applicable_or_unmapped,,,,,False,needs_mapping_review_threshold_uncertain,35,154,,
H4-L00111-15,INV-H4-000111,15,2024-04-16,standard - ONC bd OCC,2,per_day,57950,115900,111,False,False,False,False,Standard Oncology Ward Bed Occupancy,mapped_explicit_terms,Standard Oncology Ward Bed Occupancy,per_day,57950,False,checked,False,False,needs_adjustment_or_mapping_review,,False,PT-H4-000038,False,False,not_applicable_or_unmapped,,,,,False,needs_mapping_review_threshold_uncertain,56,171,,
H4-L00115-01,INV-H4-000115,1,2024-04-17,SUPPORT - amb MSK vent,3,per_day,157150,471450,115,False,False,False,False,Ambulatory Musculoskeletal Ventilation Support,mapped_explicit_terms,Ambulatory Musculoskeletal Ventilation Support,per_day,157150,False,checked,False,False,needs_adjustment_or_mapping_review,,False,PT-H4-000075,False,False,not_applicable_or_unmapped,,,,,False,needs_mapping_review_threshold_uncertain,63,121,,
H4-L00116-02,INV-H4-000116,2,2024-04-16,OCCUPANCY - std ORTHOPAEDIC crit CR /CW-7040,4,per_night,148975,595900,116,False,False,False,False,Standard Orthopaedic Critical Care Occupancy,mapped_explicit_terms,Standard Orthopaedic Critical Care Occupancy,per_night,148975,False,checked,False,False,needs_adjustment_or_mapping_review,,False,PT-H4-000102,False,False,not_applicable_or_unmapped,,,,,False,needs_mapping_review_threshold_uncertain,42,161,,
H4-L00116-07,INV-H4-000116,7,2024-04-16,AMB  msk VENT supp,5,per_day,157150,785750,116,False,False,False,False,Ambulatory Musculoskeletal Ventilation Support,mapped_explicit_terms,Ambulatory Musculoskeletal Ventilation Support,per_day,157150,False,checked,False,False,needs_adjustment_or_mapping_review,,False,PT-H4-000102,False,False,not_applicable_or_unmapped,,,,,False,needs_mapping_review_threshold_uncertain,58,116,,
H4-L00118-03,INV-H4-000118,3,2024-04-17,STD - orthopaedic CRIT cr OCC /CW-7769,2,per_night,148975,297950,118,False,False,False,False,Standard Orthopaedic Critical Care Occupancy,mapped_explicit_terms,Standard Orthopaedic Critical Care Occupancy,per_night,148975,False,checked,False,False,needs_adjustment_or_mapping_review,,False,PT-H4-000158,False,False,not_applicable_or_unmapped,,,,,False,needs_mapping_review_threshold_uncertain,46,165,,
H4-L00123-17,INV-H4-000123,17,2024-04-26,standard - ONC bd OCC,5,per_day,57950,289750,123,False,False,False,False,Standard Oncology Ward Bed Occupancy,mapped_explicit_terms,Standard Oncology Ward Bed Occupancy,per_day,57950,False,checked,False,False,needs_adjustment_or_mapping_review,,False,PT-H4-000113,False,False,not_applicable_or_unmapped,,,,,False,needs_mapping_review_threshold_uncertain,58,173,,
H4-L00124-07,INV-H4-000124,7,2024-04-24,AMB musculoskeletal VENT supp /CW-8775,4,per_day,157150,628600,124,False,False,False,False,Ambulatory Musculoskeletal Ventilation Support,mapped_explicit_terms,Ambulatory Musculoskeletal Ventilation Support,per_day,157150,False,checked,False,False,needs_adjustment_or_mapping_review,,False,PT-H4-000048,False,False,not_applicable_or_unmapped,,,,,False,needs_mapping_review_threshold_uncertain,66,124,,
H4-L00127-09,INV-H4-000127,9,2024-04-29,standard - ONC ward BD occ /CW-4538,2,per_day,57950,115900,127,False,False,False,False,Standard Oncology Ward Bed Occupancy,mapped_explicit_terms,Standard Oncology Ward Bed Occupancy,per_day,57950,False,checked,False,False,needs_adjustment_or_mapping_review,,False,PT-H4-000203,False,False,not_applicable_or_unmapped,,,,,False,needs_mapping_review_threshold_uncertain,63,178,,
H4-L00136-01,INV-H4-000136,1,2024-05-05,OCCUPANCY - std ORTHOPAEDIC crit CR /CW-7040,3,per_night,148975,446925,136,False,False,False,False,Standard Orthopaedic Critical Care Occupancy,mapped_explicit_terms,Standard Orthopaedic Critical Care Occupancy,per_night,148975,False,checked,False,False,needs_adjustment_or_mapping_review,,False,PT-H4-000046,False,False,not_applicable_or_unmapped,,,,,False,needs_mapping_review_threshold_uncertain,48,167,,
H4-L00139-01,INV-H4-000139,1,2024-05-10,AMB  msk VENT supp,2,per_day,157150,314300,139,False,False,False,False,Ambulatory Musculoskeletal Ventilation Support,mapped_explicit_terms,Ambulatory Musculoskeletal Ventilation Support,per_day,157150,False,checked,False,False,needs_adjustment_or_mapping_review,,False,PT-H4-000171,False,False,not_applicable_or_unmapped,,,,,False,needs_mapping_review_threshold_uncertain,70,128,,
H4-L00141-01,INV-H4-000141,1,2024-05-09,ONC wd BD occ STD,5,per_day,57950,289750,141,False,False,False,False,Standard Oncology Ward Bed Occupancy,mapped_explicit_terms,Standard Oncology Ward Bed Occupancy,per_day,57950,False,checked,False,False,needs_adjustment_or_mapping_review,,False,PT-H4-000113,False,False,not_applicable_or_unmapped,,,,,False,needs_mapping_review_threshold_uncertain,65,180,,
H4-L00144-06,INV-H4-000144,6,2024-05-17,SUPP - amb MSK vent /CW-6725,3,per_day,157150,471450,144,False,False,False,False,Ambulatory Musculoskeletal Ventilation Support,mapped_explicit_terms,Ambulatory Musculoskeletal Ventilation Support,per_day,157150,False,checked,False,False,needs_adjustment_or_mapping_review,,False,PT-H4-000001,False,False,not_applicable_or_unmapped,,,,,False,needs_mapping_review_threshold_uncertain,78,136,,
H4-L00144-07,INV-H4-000144,7,2024-05-16,SUPPORT - amb MSK vent,6,per_day,157150,942900,144,False,False,False,False,Ambulatory Musculoskeletal Ventilation Support,mapped_explicit_terms,Ambulatory Musculoskeletal Ventilation Support,per_day,157150,False,checked,False,False,needs_adjustment_or_mapping_review,,False,PT-H4-000001,False,False,not_applicable_or_unmapped,,,,,False,needs_mapping_review_threshold_uncertain,72,130,,
H4-L00150-05,INV-H4-000150,5,2024-05-21,standard - ONC bd OCC,4,per_day,57950,231800,150,False,False,False,False,Standard Oncology Ward Bed Occupancy,mapped_explicit_terms,Standard Oncology Ward Bed Occupancy,per_day,57950,False,checked,False,False,needs_adjustment_or_mapping_review,,False,PT-H4-000200,False,False,not_applicable_or_unmapped,,,,,False,needs_mapping_review_threshold_uncertain,70,185,,
H4-L00155-06,INV-H4-000155,6,2024-05-28,AMB musculoskeletal VENT supp /CW-8775,4,per_day,133578,534312,155,False,False,False,False,Ambulatory Musculoskeletal Ventilation Support,mapped_explicit_terms,Ambulatory Musculoskeletal Ventilation Support,per_day,157150,False,checked,False,False,needs_adjustment_or_mapping_review,,False,PT-H4-000152,False,False,not_applicable_or_unmapped,,,,,False,checked_bounds_agree,81,139,15,133578
H4-L00157-04,INV-H4-000157,4,2024-05-30,SUPP amb MSK vent /CW-8558,2,per_day,157150,314300,157,False,False,False,False,Ambulatory Musculoskeletal Ventilation Support,mapped_explicit_terms,Ambulatory Musculoskeletal Ventilation Support,per_day,157150,False,checked,False,False,needs_adjustment_or_mapping_review,,False,PT-H4-000010,False,False,not_applicable_or_unmapped,,,,,True,checked_bounds_agree,85,143,15,133578
H4-L00158-09,INV-H4-000158,9,2024-05-26,standard - ONC ward BD occ /CW-4538,4,per_day,57950,231800,158,False,False,False,False,Standard Oncology Ward Bed Occupancy,mapped_explicit_terms,Standard Oncology Ward Bed Occupancy,per_day,57950,False,checked,False,False,needs_adjustment_or_mapping_review,,False,PT-H4-000010,False,False,not_applicable_or_unmapped,,,,,False,needs_mapping_review_threshold_uncertain,74,189,,
H4-L00164-08,INV-H4-000164,8,2024-05-31,SUPP amb MSK vent /CW-8558,1,per_day,133578,133578,164,False,False,False,False,Ambulatory Musculoskeletal Ventilation Support,mapped_explicit_terms,Ambulatory Musculoskeletal Ventilation Support,per_day,157150,False,checked,False,False,needs_adjustment_or_mapping_review,,False,PT-H4-000138,False,False,not_applicable_or_unmapped,,,,,False,checked_bounds_agree,90,148,15,133578
H4-L00167-03,INV-H4-000167,3,2024-05-30,AMB  msk VENT supp,3,per_day,133578,400734,167,False,False,False,False,Ambulatory Musculoskeletal Ventilation Support,mapped_explicit_terms,Ambulatory Musculoskeletal Ventilation Support,per_day,157150,False,checked,False,False,needs_adjustment_or_mapping_review,,False,PT-H4-000145,False,False,not_applicable_or_unmapped,,,,,False,checked_bounds_agree,87,145,15,133578
H4-L00167-06,INV-H4-000167,6,2024-05-30,standard - ONC ward BD occ /CW-4538,2,per_day,57950,115900,167,False,False,False,False,Standard Oncology Ward Bed Occupancy,mapped_explicit_terms,Standard Oncology Ward Bed Occupancy,per_day,57950,False,checked,False,False,needs_adjustment_or_mapping_review,,False,PT-H4-000145,False,False,not_applicable_or_unmapped,,,,,False,needs_mapping_review_threshold_uncertain,78,193,,
H4-L00171-01,INV-H4-000171,1,2024-06-04,AMB  msk VENT supp,2,per_day,133578,267156,171,False,False,False,False,Ambulatory Musculoskeletal Ventilation Support,mapped_explicit_terms,Ambulatory Musculoskeletal Ventilation Support,per_day,157150,False,checked,False,False,needs_adjustment_or_mapping_review,,False,PT-H4-000088,False,False,not_applicable_or_unmapped,,,,,False,checked_bounds_agree,97,155,15,133578
H4-L00171-14,INV-H4-000171,14,2024-06-03,standard - ONC bd OCC,3,per_day,57950,173850,171,False,False,False,False,Standard Oncology Ward Bed Occupancy,mapped_explicit_terms,Standard Oncology Ward Bed Occupancy,per_day,57950,False,checked,False,False,needs_adjustment_or_mapping_review,,False,PT-H4-000088,False,False,not_applicable_or_unmapped,,,,,False,needs_mapping_review_threshold_uncertain,80,195,,
H4-L00172-04,INV-H4-000172,4,2024-06-02,AMB musculoskeletal VENT supp /CW-8775,6,per_day,133578,801468,172,False,False,False,False,Ambulatory Musculoskeletal Ventilation Support,mapped_explicit_terms,Ambulatory Musculoskeletal Ventilation Support,per_day,157150,False,checked,False,False,needs_adjustment_or_mapping_review,,False,PT-H4-000192,False,False,not_applicable_or_unmapped,,,,,False,checked_bounds_agree,91,149,15,133578
H4-L00173-09,INV-H4-000173,9,2024-06-07,STD - orthopaedic CRIT cr OCC /CW-7769,4,per_night,148975,595900,173,False,False,False,False,Standard Orthopaedic Critical Care Occupancy,mapped_explicit_terms,Standard Orthopaedic Critical Care Occupancy,per_night,148975,False,checked,False,False,needs_adjustment_or_mapping_review,,False,PT-H4-000042,False,False,not_applicable_or_unmapped,,,,,False,needs_mapping_review_threshold_uncertain,51,170,,
H4-L00180-03,INV-H4-000180,3,2024-06-15,SUPP - amb MSK vent /CW-6725,6,per_day,133578,801468,180,False,False,False,False,Ambulatory Musculoskeletal Ventilation Support,mapped_explicit_terms,Ambulatory Musculoskeletal Ventilation Support,per_day,157150,False,checked,False,False,needs_adjustment_or_mapping_review,,False,PT-H4-000019,False,False,not_applicable_or_unmapped,,,,,False,checked_bounds_agree,99,157,15,133578
H4-L00183-04,INV-H4-000183,4,2024-06-18,SUPP - amb MSK vent /CW-6725,2,per_day,133578,267156,183,False,False,False,False,Ambulatory Musculoskeletal Ventilation Support,mapped_explicit_terms,Ambulatory Musculoskeletal Ventilation Support,per_day,157150,False,checked,False,False,needs_adjustment_or_mapping_review,,False,PT-H4-000006,False,False,not_applicable_or_unmapped,,,,,False,checked_bounds_agree,105,163,15,133578
H4-L00187-05,INV-H4-000187,5,2024-06-22,OCC  - standard ORTHO cr /CW-6124,4,per_night,148975,595900,187,False,False,False,False,Standard Orthopaedic Critical Care Occupancy,mapped_explicit_terms,Standard Orthopaedic Critical Care Occupancy,per_night,148975,False,checked,False,False,needs_adjustment_or_mapping_review,,False,PT-H4-000017,False,False,not_applicable_or_unmapped,,,,,False,needs_mapping_review_threshold_uncertain,55,174,,
H4-L00192-10,INV-H4-000192,10,2024-06-28,AMB  msk VENT supp,2,per_day,133578,267156,192,False,False,False,False,Ambulatory Musculoskeletal Ventilation Support,mapped_explicit_terms,Ambulatory Musculoskeletal Ventilation Support,per_day,157150,False,checked,False,False,needs_adjustment_or_mapping_review,,False,PT-H4-000111,False,False,not_applicable_or_unmapped,,,,,False,checked_bounds_agree,107,165,15,133578
H4-L00195-07,INV-H4-000195,7,2024-06-29,CR std ORTHOPAEDIC crit,2,per_night,148975,297950,195,False,False,False,False,Standard Orthopaedic Critical Care Occupancy,mapped_explicit_terms,Standard Orthopaedic Critical Care Occupancy,per_night,148975,False,checked,False,False,needs_adjustment_or_mapping_review,,False,PT-H4-000174,False,False,not_applicable_or_unmapped,,,,,False,needs_mapping_review_threshold_uncertain,59,178,,
H4-L00197-15,INV-H4-000197,15,2024-06-30,ONC wd BD occ STD,4,per_day,57950,231800,197,False,False,False,False,Standard Oncology Ward Bed Occupancy,mapped_explicit_terms,Standard Oncology Ward Bed Occupancy,per_day,57950,False,checked,False,False,needs_adjustment_or_mapping_review,,False,PT-H4-000169,False,False,not_applicable_or_unmapped,,,,,False,needs_mapping_review_threshold_uncertain,83,198,,
H4-L00203-13,INV-H4-000203,13,2024-07-05,SUPPORT - amb MSK vent,3,per_day,133578,400734,203,False,False,False,False,Ambulatory Musculoskeletal Ventilation Support,mapped_explicit_terms,Ambulatory Musculoskeletal Ventilation Support,per_day,157150,False,checked,False,False,needs_adjustment_or_mapping_review,,False,PT-H4-000203,False,False,not_applicable_or_unmapped,,,,,False,checked_bounds_agree,109,167,15,133578
H4-L00210-07,INV-H4-000210,7,2024-07-12,standard - ONC bd OCC,5,per_day,57950,289750,210,False,False,False,False,Standard Oncology Ward Bed Occupancy,mapped_explicit_terms,Standard Oncology Ward Bed Occupancy,per_day,57950,False,checked,False,False,needs_adjustment_or_mapping_review,,False,PT-H4-000186,False,False,not_applicable_or_unmapped,,,,,False,needs_mapping_review_threshold_uncertain,87,202,,
H4-L00212-13,INV-H4-000212,13,2024-07-14,ONC wd BD occ STD,3,per_day,57950,173850,212,False,False,False,False,Standard Oncology Ward Bed Occupancy,mapped_explicit_terms,Standard Oncology Ward Bed Occupancy,per_day,57950,False,checked,False,False,needs_adjustment_or_mapping_review,,False,PT-H4-000052,False,False,not_applicable_or_unmapped,,,,,False,needs_mapping_review_threshold_uncertain,92,207,,
H4-L00217-08,INV-H4-000217,8,2024-07-18,CR std ORTHOPAEDIC crit,4,per_night,134078,536312,217,False,False,False,False,Standard Orthopaedic Critical Care Occupancy,mapped_explicit_terms,Standard Orthopaedic Critical Care Occupancy,per_night,148975,False,checked,False,False,needs_adjustment_or_mapping_review,,False,PT-H4-000025,False,False,not_applicable_or_unmapped,,,,,False,needs_mapping_review_threshold_uncertain,61,180,,
H4-L00220-15,INV-H4-000220,15,2024-07-20,std - ONC wd BED occ /CW-1173,3,per_day,57950,173850,220,False,False,False,False,Standard Oncology Ward Bed Occupancy,mapped_explicit_terms,Standard Oncology Ward Bed Occupancy,per_day,57950,False,checked,False,False,needs_adjustment_or_mapping_review,,False,PT-H4-000183,False,False,not_applicable_or_unmapped,,,,,False,needs_mapping_review_threshold_uncertain,95,210,,
H4-L00224-11,INV-H4-000224,11,2024-07-25,OCC  - standard ORTHO cr /CW-6124,3,per_night,148975,446925,224,False,False,False,False,Standard Orthopaedic Critical Care Occupancy,mapped_explicit_terms,Standard Orthopaedic Critical Care Occupancy,per_night,148975,False,checked,False,False,needs_adjustment_or_mapping_review,,False,PT-H4-000178,False,False,not_applicable_or_unmapped,,,,,False,needs_mapping_review_threshold_uncertain,65,184,,
H4-L00227-14,INV-H4-000227,14,2024-07-30,STD - orthopaedic CRIT care OCC /CW-2102,2,per_night,148975,297950,227,False,False,False,False,Standard Orthopaedic Critical Care Occupancy,mapped_explicit_terms,Standard Orthopaedic Critical Care Occupancy,per_night,148975,False,checked,False,False,needs_adjustment_or_mapping_review,,False,PT-H4-000090,False,False,not_applicable_or_unmapped,,,,,False,needs_mapping_review_threshold_uncertain,68,187,,
H4-L00228-02,INV-H4-000228,2,2024-08-03,std - ONC wd BED occ /CW-1173,4,per_day,57950,231800,228,False,False,False,False,Standard Oncology Ward Bed Occupancy,mapped_explicit_terms,Standard Oncology Ward Bed Occupancy,per_day,57950,False,checked,False,False,needs_adjustment_or_mapping_review,,False,PT-H4-000043,False,False,not_applicable_or_unmapped,,,,,False,needs_mapping_review_threshold_uncertain,98,213,,
H4-L00230-08,INV-H4-000230,8,2024-07-31,AMB musculoskeletal VENT supp /CW-8775,4,per_day,133578,534312,230,False,False,False,False,Ambulatory Musculoskeletal Ventilation Support,mapped_explicit_terms,Ambulatory Musculoskeletal Ventilation Support,per_day,157150,False,checked,False,False,needs_adjustment_or_mapping_review,,False,PT-H4-000207,False,False,not_applicable_or_unmapped,,,,,False,checked_bounds_agree,112,170,15,133578
H4-L00231-03,INV-H4-000231,3,2024-08-01,CR std ORTHOPAEDIC crit,3,per_night,148975,446925,231,False,False,False,False,Standard Orthopaedic Critical Care Occupancy,mapped_explicit_terms,Standard Orthopaedic Critical Care Occupancy,per_night,148975,False,checked,False,False,needs_adjustment_or_mapping_review,,False,PT-H4-000176,False,False,not_applicable_or_unmapped,,,,,False,needs_mapping_review_threshold_uncertain,70,189,,
H4-L00238-06,INV-H4-000238,6,2024-08-08,standard - ONC bd OCC,2,per_day,57950,115900,238,False,False,False,False,Standard Oncology Ward Bed Occupancy,mapped_explicit_terms,Standard Oncology Ward Bed Occupancy,per_day,57950,False,checked,False,False,needs_adjustment_or_mapping_review,,False,PT-H4-000050,False,False,not_applicable_or_unmapped,,,,,False,needs_mapping_review_threshold_uncertain,102,217,,
H4-L00247-09,INV-H4-000247,9,2024-08-16,standard - ONC ward BD occ /CW-4538,6,per_day,57950,347700,247,False,False,False,False,Standard Oncology Ward Bed Occupancy,mapped_explicit_terms,Standard Oncology Ward Bed Occupancy,per_day,57950,False,checked,False,False,needs_adjustment_or_mapping_review,,False,PT-H4-000128,False,False,not_applicable_or_unmapped,,,,,False,needs_mapping_review_threshold_uncertain,104,219,,
H4-L00248-13,INV-H4-000248,13,2024-08-17,AMB  msk VENT supp,3,per_day,133578,400734,248,False,False,False,False,Ambulatory Musculoskeletal Ventilation Support,mapped_explicit_terms,Ambulatory Musculoskeletal Ventilation Support,per_day,157150,False,checked,False,False,needs_adjustment_or_mapping_review,,False,PT-H4-000195,False,False,not_applicable_or_unmapped,,,,,False,checked_bounds_agree,116,174,15,133578
H4-L00250-03,INV-H4-000250,3,2024-08-18,SUPP amb MSK vent /CW-8558,2,per_day,133578,267156,250,False,False,False,False,Ambulatory Musculoskeletal Ventilation Support,mapped_explicit_terms,Ambulatory Musculoskeletal Ventilation Support,per_day,157150,False,checked,False,False,needs_adjustment_or_mapping_review,,False,PT-H4-000058,False,False,not_applicable_or_unmapped,,,,,False,checked_bounds_agree,119,177,15,133578
H4-L00252-13,INV-H4-000252,13,2024-08-22,STD - orthopaedic CRIT cr OCC /CW-7769,3,per_night,148975,446925,252,False,False,False,False,Standard Orthopaedic Critical Care Occupancy,mapped_explicit_terms,Standard Orthopaedic Critical Care Occupancy,per_night,148975,False,checked,False,False,needs_adjustment_or_mapping_review,,False,PT-H4-000128,False,False,not_applicable_or_unmapped,,,,,False,needs_mapping_review_threshold_uncertain,73,192,,
H4-L00255-08,INV-H4-000255,8,2024-08-26,standard - ONC bd OCC,3,per_day,57950,173850,255,False,False,False,False,Standard Oncology Ward Bed Occupancy,mapped_explicit_terms,Standard Oncology Ward Bed Occupancy,per_day,57950,False,checked,False,False,needs_adjustment_or_mapping_review,,False,PT-H4-000190,False,False,not_applicable_or_unmapped,,,,,False,needs_mapping_review_threshold_uncertain,110,225,,
H4-L00255-12,INV-H4-000255,12,2024-08-25,SUPP amb MSK vent /CW-8558,2,per_day,133578,267156,255,False,False,False,False,Ambulatory Musculoskeletal Ventilation Support,mapped_explicit_terms,Ambulatory Musculoskeletal Ventilation Support,per_day,157150,False,checked,False,False,needs_adjustment_or_mapping_review,,False,PT-H4-000190,False,False,not_applicable_or_unmapped,,,,,False,checked_bounds_agree,121,179,15,133578
H4-L00261-01,INV-H4-000261,1,2024-09-04,SUPP - amb MSK vent /CW-6725,1,per_day,133578,133578,261,False,False,False,False,Ambulatory Musculoskeletal Ventilation Support,mapped_explicit_terms,Ambulatory Musculoskeletal Ventilation Support,per_day,157150,False,checked,False,False,needs_adjustment_or_mapping_review,,False,PT-H4-000150,False,False,not_applicable_or_unmapped,,,,,False,checked_bounds_agree,123,181,15,133578
H4-L00263-05,INV-H4-000263,5,2024-09-04,AMB musculoskeletal VENT supp /CW-8775,2,per_day,133578,267156,263,False,False,False,False,Ambulatory Musculoskeletal Ventilation Support,mapped_explicit_terms,Ambulatory Musculoskeletal Ventilation Support,per_day,157150,False,checked,False,False,needs_adjustment_or_mapping_review,,False,PT-H4-000044,False,False,not_applicable_or_unmapped,,,,,False,checked_bounds_agree,124,182,15,133578
H4-L00264-12,INV-H4-000264,12,2024-09-04,STD - orthopaedic CRIT cr OCC /CW-7769,3,per_night,148975,446925,264,False,False,False,False,Standard Orthopaedic Critical Care Occupancy,mapped_explicit_terms,Standard Orthopaedic Critical Care Occupancy,per_night,148975,False,checked,False,False,needs_adjustment_or_mapping_review,,False,PT-H4-000210,False,False,not_applicable_or_unmapped,,,,,False,needs_mapping_review_threshold_uncertain,76,195,,
H4-L00267-09,INV-H4-000267,9,2024-09-09,AMB musculoskeletal VENT supp /CW-8775,1,per_day,133578,133578,267,False,False,False,False,Ambulatory Musculoskeletal Ventilation Support,mapped_explicit_terms,Ambulatory Musculoskeletal Ventilation Support,per_day,157150,False,checked,False,False,needs_adjustment_or_mapping_review,,False,PT-H4-000194,False,False,not_applicable_or_unmapped,,,,,False,checked_bounds_agree,126,184,15,133578
H4-L00269-08,INV-H4-000269,8,2024-09-09,AMB musculoskeletal VENT supp /CW-8775,6,per_day,133578,801468,269,False,False,False,False,Ambulatory Musculoskeletal Ventilation Support,mapped_explicit_terms,Ambulatory Musculoskeletal Ventilation Support,per_day,157150,False,checked,False,False,needs_adjustment_or_mapping_review,,False,PT-H4-000181,False,False,not_applicable_or_unmapped,,,,,False,checked_bounds_agree,127,185,15,133578
H4-L00270-06,INV-H4-000270,6,2024-09-10,standard - ONC ward BD occ /CW-4538,2,per_day,52155,104310,270,False,False,False,False,Standard Oncology Ward Bed Occupancy,mapped_explicit_terms,Standard Oncology Ward Bed Occupancy,per_day,57950,False,checked,False,False,needs_adjustment_or_mapping_review,,False,PT-H4-000010,False,False,not_applicable_or_unmapped,,,,,False,needs_mapping_review_threshold_uncertain,113,228,,
H4-L00271-14,INV-H4-000271,14,2024-09-10,CR std ORTHOPAEDIC crit,4,per_night,148975,595900,271,False,False,False,False,Standard Orthopaedic Critical Care Occupancy,mapped_explicit_terms,Standard Orthopaedic Critical Care Occupancy,per_night,148975,False,checked,False,False,needs_adjustment_or_mapping_review,,False,PT-H4-000097,False,False,not_applicable_or_unmapped,,,,,False,needs_mapping_review_threshold_uncertain,79,198,,
H4-L00273-11,INV-H4-000273,11,2024-09-10,AMB musculoskeletal VENT supp /CW-8775,5,per_day,133578,667890,273,False,False,False,False,Ambulatory Musculoskeletal Ventilation Support,mapped_explicit_terms,Ambulatory Musculoskeletal Ventilation Support,per_day,157150,False,checked,False,False,needs_adjustment_or_mapping_review,,False,PT-H4-000118,False,False,not_applicable_or_unmapped,,,,,False,checked_bounds_agree,133,191,15,133578
H4-L00277-09,INV-H4-000277,9,2024-09-16,SUPPORT - amb MSK vent,5,per_day,133578,667890,277,False,False,False,False,Ambulatory Musculoskeletal Ventilation Support,mapped_explicit_terms,Ambulatory Musculoskeletal Ventilation Support,per_day,157150,False,checked,False,False,needs_adjustment_or_mapping_review,,False,PT-H4-000172,False,False,not_applicable_or_unmapped,,,,,False,checked_bounds_agree,138,196,15,133578
H4-L00280-05,INV-H4-000280,5,2024-09-18,ONC wd BD occ STD,5,per_day,52155,260775,280,False,False,False,False,Standard Oncology Ward Bed Occupancy,mapped_explicit_terms,Standard Oncology Ward Bed Occupancy,per_day,57950,False,checked,False,False,needs_adjustment_or_mapping_review,,False,PT-H4-000007,False,False,not_applicable_or_unmapped,,,,,False,needs_mapping_review_threshold_uncertain,115,230,,
H4-L00283-16,INV-H4-000283,16,2024-09-19,SUPPORT - amb MSK vent,1,per_day,133578,133578,283,False,False,False,False,Ambulatory Musculoskeletal Ventilation Support,mapped_explicit_terms,Ambulatory Musculoskeletal Ventilation Support,per_day,157150,False,checked,False,False,needs_adjustment_or_mapping_review,,False,PT-H4-000124,False,False,not_applicable_or_unmapped,,,,,False,checked_bounds_agree,143,201,15,133578
H4-L00289-04,INV-H4-000289,4,2024-09-22,SUPP - amb MSK vent /CW-6725,4,per_day,133578,534312,289,False,False,False,False,Ambulatory Musculoskeletal Ventilation Support,mapped_explicit_terms,Ambulatory Musculoskeletal Ventilation Support,per_day,157150,False,checked,False,False,needs_adjustment_or_mapping_review,,False,PT-H4-000169,False,False,not_applicable_or_unmapped,,,,,False,checked_bounds_agree,144,202,15,133578
H4-L00291-06,INV-H4-000291,6,2024-09-24,CR std ORTHOPAEDIC crit,3,per_night,148975,446925,291,False,False,False,False,Standard Orthopaedic Critical Care Occupancy,mapped_explicit_terms,Standard Orthopaedic Critical Care Occupancy,per_night,148975,False,checked,False,False,needs_adjustment_or_mapping_review,,False,PT-H4-000199,False,False,not_applicable_or_unmapped,,,,,False,needs_mapping_review_threshold_uncertain,83,202,,
H4-L00291-10,INV-H4-000291,10,2024-09-24,standard - ONC bd OCC,5,per_day,52155,260775,291,False,False,False,False,Standard Oncology Ward Bed Occupancy,mapped_explicit_terms,Standard Oncology Ward Bed Occupancy,per_day,57950,False,checked,False,False,needs_adjustment_or_mapping_review,,False,PT-H4-000199,False,False,not_applicable_or_unmapped,,,,,False,needs_mapping_review_threshold_uncertain,120,235,,
H4-L00293-04,INV-H4-000293,4,2024-09-27,AMB musculoskeletal VENT supp /CW-8775,5,per_day,133578,667890,293,False,False,False,False,Ambulatory Musculoskeletal Ventilation Support,mapped_explicit_terms,Ambulatory Musculoskeletal Ventilation Support,per_day,157150,False,checked,False,False,needs_adjustment_or_mapping_review,,False,PT-H4-000075,False,False,not_applicable_or_unmapped,,,,,False,checked_bounds_agree,148,206,15,133578
H4-L00300-07,INV-H4-000300,7,2024-10-01,std - ONC wd BED occ /CW-1173,6,per_day,52155,312930,300,False,False,False,False,Standard Oncology Ward Bed Occupancy,mapped_explicit_terms,Standard Oncology Ward Bed Occupancy,per_day,57950,False,checked,False,False,needs_adjustment_or_mapping_review,,False,PT-H4-000176,False,False,not_applicable_or_unmapped,,,,,False,checked_bounds_agree,125,240,10,52155
H4-L00302-05,INV-H4-000302,5,2024-10-04,std - ONC wd BED occ /CW-1173,5,per_day,52155,260775,302,False,False,False,False,Standard Oncology Ward Bed Occupancy,mapped_explicit_terms,Standard Oncology Ward Bed Occupancy,per_day,57950,False,checked,False,False,needs_adjustment_or_mapping_review,,False,PT-H4-000068,False,False,not_applicable_or_unmapped,,,,,False,checked_bounds_agree,131,246,10,52155
H4-L00304-01,INV-H4-000304,1,2024-10-06,STD - orthopaedic CRIT cr OCC /CW-7769,6,per_night,148975,893850,304,False,False,False,False,Standard Orthopaedic Critical Care Occupancy,mapped_explicit_terms,Standard Orthopaedic Critical Care Occupancy,per_night,148975,False,checked,False,False,needs_adjustment_or_mapping_review,,False,PT-H4-000164,False,False,not_applicable_or_unmapped,,,,,False,needs_mapping_review_threshold_uncertain,86,205,,
H4-L00304-07,INV-H4-000304,7,2024-10-06,SUPP - amb MSK vent /CW-6725,1,per_day,133578,133578,304,False,False,False,False,Ambulatory Musculoskeletal Ventilation Support,mapped_explicit_terms,Ambulatory Musculoskeletal Ventilation Support,per_day,157150,False,checked,False,False,needs_adjustment_or_mapping_review,,False,PT-H4-000164,False,False,not_applicable_or_unmapped,,,,,False,checked_bounds_agree,153,211,15,133578
H4-L00309-09,INV-H4-000309,9,2024-10-10,SUPP - amb MSK vent /CW-6725,6,per_day,133578,801468,309,False,False,False,False,Ambulatory Musculoskeletal Ventilation Support,mapped_explicit_terms,Ambulatory Musculoskeletal Ventilation Support,per_day,157150,False,checked,False,False,needs_adjustment_or_mapping_review,,False,PT-H4-000134,False,False,not_applicable_or_unmapped,,,,,False,checked_bounds_agree,157,215,15,133578
H4-L00311-07,INV-H4-000311,7,2024-10-08,AMB  msk VENT supp,3,per_day,133578,400734,311,False,False,False,False,Ambulatory Musculoskeletal Ventilation Support,mapped_explicit_terms,Ambulatory Musculoskeletal Ventilation Support,per_day,157150,False,checked,False,False,needs_adjustment_or_mapping_review,,False,PT-H4-000125,False,False,not_applicable_or_unmapped,,,,,False,checked_bounds_agree,154,212,15,133578
H4-L00318-07,INV-H4-000318,7,2024-10-17,SUPP amb MSK vent /CW-8558,3,per_day,133578,400734,318,False,False,False,False,Ambulatory Musculoskeletal Ventilation Support,mapped_explicit_terms,Ambulatory Musculoskeletal Ventilation Support,per_day,157150,False,checked,False,False,needs_adjustment_or_mapping_review,,False,PT-H4-000047,False,False,not_applicable_or_unmapped,,,,,False,checked_bounds_agree,167,225,15,133578
H4-L00320-08,INV-H4-000320,8,2024-10-16,AMB musculoskeletal VENT supp /CW-8775,4,per_day,133578,534312,320,False,False,False,False,Ambulatory Musculoskeletal Ventilation Support,mapped_explicit_terms,Ambulatory Musculoskeletal Ventilation Support,per_day,157150,False,checked,False,False,needs_adjustment_or_mapping_review,,False,PT-H4-000190,False,False,not_applicable_or_unmapped,,,,,False,checked_bounds_agree,163,221,15,133578
H4-L00321-01,INV-H4-000321,1,2024-10-17,AMB musculoskeletal VENT supp /CW-8775,4,per_day,133578,534312,321,False,False,False,False,Ambulatory Musculoskeletal Ventilation Support,mapped_explicit_terms,Ambulatory Musculoskeletal Ventilation Support,per_day,157150,False,checked,False,False,needs_adjustment_or_mapping_review,,False,PT-H4-000202,False,False,not_applicable_or_unmapped,,,,,False,checked_bounds_agree,170,228,15,133578
H4-L00325-06,INV-H4-000325,6,2024-10-20,OCC  - standard ORTHO cr /CW-6124,1,per_night,148975,148975,325,False,False,False,False,Standard Orthopaedic Critical Care Occupancy,mapped_explicit_terms,Standard Orthopaedic Critical Care Occupancy,per_night,148975,False,checked,False,False,needs_adjustment_or_mapping_review,,False,PT-H4-000124,False,False,not_applicable_or_unmapped,,,,,False,needs_mapping_review_threshold_uncertain,92,211,,
H4-L00329-01,INV-H4-000329,1,2024-10-21,standard - ONC bd OCC,4,per_day,52155,208620,329,False,False,False,False,Standard Oncology Ward Bed Occupancy,mapped_explicit_terms,Standard Oncology Ward Bed Occupancy,per_day,57950,False,checked,False,False,needs_adjustment_or_mapping_review,,False,PT-H4-000190,False,False,not_applicable_or_unmapped,,,,,False,checked_bounds_agree,136,251,10,52155
H4-L00335-06,INV-H4-000335,6,2024-11-02,ONC wd BD occ STD,6,per_day,52155,312930,335,False,False,False,False,Standard Oncology Ward Bed Occupancy,mapped_explicit_terms,Standard Oncology Ward Bed Occupancy,per_day,57950,False,checked,False,False,needs_adjustment_or_mapping_review,,False,PT-H4-000078,False,False,not_applicable_or_unmapped,,,,,False,checked_bounds_agree,140,255,10,52155
H4-L00336-09,INV-H4-000336,9,2024-11-03,SUPPORT - amb MSK vent,6,per_day,133578,801468,336,False,False,False,False,Ambulatory Musculoskeletal Ventilation Support,mapped_explicit_terms,Ambulatory Musculoskeletal Ventilation Support,per_day,157150,False,checked,False,False,needs_adjustment_or_mapping_review,,False,PT-H4-000101,False,False,not_applicable_or_unmapped,,,,,False,checked_bounds_agree,174,232,15,133578
H4-L00341-02,INV-H4-000341,2,2024-11-08,AMB  msk VENT supp,2,per_day,133578,267156,341,False,False,False,False,Ambulatory Musculoskeletal Ventilation Support,mapped_explicit_terms,Ambulatory Musculoskeletal Ventilation Support,per_day,157150,False,checked,False,False,needs_adjustment_or_mapping_review,,False,PT-H4-000067,False,False,not_applicable_or_unmapped,,,,,False,checked_bounds_agree,180,238,15,133578
H4-L00344-01,INV-H4-000344,1,2024-11-09,SUPPORT - amb MSK vent,2,per_day,133578,267156,344,False,False,False,False,Ambulatory Musculoskeletal Ventilation Support,mapped_explicit_terms,Ambulatory Musculoskeletal Ventilation Support,per_day,157150,False,checked,False,False,needs_adjustment_or_mapping_review,,False,PT-H4-000063,False,False,not_applicable_or_unmapped,,,,,False,checked_bounds_agree,182,240,15,133578
H4-L00348-09,INV-H4-000348,9,2024-11-14,standard - ONC ward BD occ /CW-4538,5,per_day,52155,260775,348,False,False,False,False,Standard Oncology Ward Bed Occupancy,mapped_explicit_terms,Standard Oncology Ward Bed Occupancy,per_day,57950,False,checked,False,False,needs_adjustment_or_mapping_review,,False,PT-H4-000180,False,False,not_applicable_or_unmapped,,,,,False,checked_bounds_agree,146,261,10,52155
H4-L00349-07,INV-H4-000349,7,2024-11-14,CR std ORTHOPAEDIC crit,3,per_night,148975,446925,349,False,False,False,False,Standard Orthopaedic Critical Care Occupancy,mapped_explicit_terms,Standard Orthopaedic Critical Care Occupancy,per_night,148975,False,checked,False,False,needs_adjustment_or_mapping_review,,False,PT-H4-000183,False,False,not_applicable_or_unmapped,,,,,False,needs_mapping_review_threshold_uncertain,93,212,,
H4-L00352-06,INV-H4-000352,6,2024-11-18,SUPP - amb MSK vent /CW-6725,1,per_day,133578,133578,352,False,False,False,False,Ambulatory Musculoskeletal Ventilation Support,mapped_explicit_terms,Ambulatory Musculoskeletal Ventilation Support,per_day,157150,False,checked,False,False,needs_adjustment_or_mapping_review,,False,PT-H4-000001,False,False,not_applicable_or_unmapped,,,,,False,needs_mapping_review_threshold_uncertain,184,242,,
H4-L00352-16,INV-H4-000352,16,2024-11-19,standard - ONC bd OCC,2,per_day,52155,104310,352,False,False,False,False,Standard Oncology Ward Bed Occupancy,mapped_explicit_terms,Standard Oncology Ward Bed Occupancy,per_day,57950,False,checked,False,False,needs_adjustment_or_mapping_review,,False,PT-H4-000001,False,False,not_applicable_or_unmapped,,,,,False,checked_bounds_agree,151,266,10,52155
H4-L00354-09,INV-H4-000354,9,2024-11-19,SUPP - amb MSK vent /CW-6725,1,per_day,133578,133578,354,False,False,False,False,Ambulatory Musculoskeletal Ventilation Support,mapped_explicit_terms,Ambulatory Musculoskeletal Ventilation Support,per_day,157150,False,checked,False,False,needs_adjustment_or_mapping_review,,False,PT-H4-000104,False,False,not_applicable_or_unmapped,,,,,False,needs_mapping_review_threshold_uncertain,185,243,,
H4-L00355-12,INV-H4-000355,12,2024-11-21,OCCUPANCY - std ORTHOPAEDIC crit CR /CW-7040,2,per_night,134078,268156,355,False,False,False,False,Standard Orthopaedic Critical Care Occupancy,mapped_explicit_terms,Standard Orthopaedic Critical Care Occupancy,per_night,148975,False,checked,False,False,needs_adjustment_or_mapping_review,,False,PT-H4-000059,False,False,not_applicable_or_unmapped,,,,,False,needs_mapping_review_threshold_uncertain,96,215,,
H4-L00356-04,INV-H4-000356,4,2024-11-24,AMB musculoskeletal VENT supp /CW-8775,1,per_day,133578,133578,356,False,False,False,False,Ambulatory Musculoskeletal Ventilation Support,mapped_explicit_terms,Ambulatory Musculoskeletal Ventilation Support,per_day,157150,False,checked,False,False,needs_adjustment_or_mapping_review,,False,PT-H4-000054,False,False,not_applicable_or_unmapped,,,,,False,needs_mapping_review_threshold_uncertain,186,244,,
H4-L00358-05,INV-H4-000358,5,2024-11-26,ONC wd BD occ STD,1,per_day,52155,52155,358,False,False,False,False,Standard Oncology Ward Bed Occupancy,mapped_explicit_terms,Standard Oncology Ward Bed Occupancy,per_day,57950,False,checked,False,False,needs_adjustment_or_mapping_review,,False,PT-H4-000143,False,False,not_applicable_or_unmapped,,,,,False,checked_bounds_agree,153,268,10,52155
H4-L00364-09,INV-H4-000364,9,2024-12-02,ONC wd BD occ STD,6,per_day,52155,312930,364,False,False,False,False,Standard Oncology Ward Bed Occupancy,mapped_explicit_terms,Standard Oncology Ward Bed Occupancy,per_day,57950,False,checked,False,False,needs_adjustment_or_mapping_review,,False,PT-H4-000088,False,False,not_applicable_or_unmapped,,,,,False,checked_bounds_agree,154,269,10,52155
H4-L00365-03,INV-H4-000365,3,2024-12-05,std - ONC wd BED occ /CW-1173,3,per_day,52155,156465,365,False,False,False,False,Standard Oncology Ward Bed Occupancy,mapped_explicit_terms,Standard Oncology Ward Bed Occupancy,per_day,57950,False,checked,False,False,needs_adjustment_or_mapping_review,,False,PT-H4-000102,False,False,not_applicable_or_unmapped,,,,,False,checked_bounds_agree,160,275,10,52155
H4-L00366-06,INV-H4-000366,6,2024-12-04,STD - orthopaedic CRIT care OCC /CW-2102,1,per_night,134078,134078,366,False,False,False,False,Standard Orthopaedic Critical Care Occupancy,mapped_explicit_terms,Standard Orthopaedic Critical Care Occupancy,per_night,148975,False,checked,False,False,needs_adjustment_or_mapping_review,,False,PT-H4-000050,False,False,not_applicable_or_unmapped,,,,,False,needs_mapping_review_threshold_uncertain,98,217,,
H4-L00367-01,INV-H4-000367,1,2024-12-05,AMB musculoskeletal VENT supp /CW-8775,2,per_day,133578,267156,367,False,False,False,False,Ambulatory Musculoskeletal Ventilation Support,mapped_explicit_terms,Ambulatory Musculoskeletal Ventilation Support,per_day,157150,False,checked,False,False,needs_adjustment_or_mapping_review,,False,PT-H4-000124,False,False,not_applicable_or_unmapped,,,,,False,needs_mapping_review_threshold_uncertain,187,245,,
H4-L00377-11,INV-H4-000377,11,2024-12-13,AMB musculoskeletal VENT supp /CW-8775,2,per_day,133578,267156,377,False,False,False,False,Ambulatory Musculoskeletal Ventilation Support,mapped_explicit_terms,Ambulatory Musculoskeletal Ventilation Support,per_day,157150,False,checked,False,False,needs_adjustment_or_mapping_review,,False,PT-H4-000005,False,False,not_applicable_or_unmapped,,,,,False,needs_mapping_review_threshold_uncertain,189,247,,
H4-L00378-04,INV-H4-000378,4,2024-12-12,STD - orthopaedic CRIT cr OCC /CW-7769,6,per_night,134078,804468,378,False,False,False,False,Standard Orthopaedic Critical Care Occupancy,mapped_explicit_terms,Standard Orthopaedic Critical Care Occupancy,per_night,148975,False,checked,False,False,needs_adjustment_or_mapping_review,,False,PT-H4-000115,False,False,not_applicable_or_unmapped,,,,,False,needs_mapping_review_threshold_uncertain,99,218,,
H4-L00378-12,INV-H4-000378,12,2024-12-12,standard - ONC bd OCC,2,per_day,52155,104310,378,False,False,False,False,Standard Oncology Ward Bed Occupancy,mapped_explicit_terms,Standard Oncology Ward Bed Occupancy,per_day,57950,False,checked,False,False,needs_adjustment_or_mapping_review,,False,PT-H4-000115,False,False,not_applicable_or_unmapped,,,,,False,checked_bounds_agree,163,278,10,52155
H4-L00384-11,INV-H4-000384,11,2024-12-18,CR std ORTHOPAEDIC crit,4,per_night,134078,536312,384,False,False,False,False,Standard Orthopaedic Critical Care Occupancy,mapped_explicit_terms,Standard Orthopaedic Critical Care Occupancy,per_night,148975,False,checked,False,False,needs_adjustment_or_mapping_review,,False,PT-H4-000030,False,False,not_applicable_or_unmapped,,,,,False,needs_mapping_review_threshold_uncertain,113,232,,
H4-L00386-13,INV-H4-000386,13,2024-12-16,OCC  - standard ORTHO cr /CW-6124,2,per_night,134078,268156,386,False,False,False,False,Standard Orthopaedic Critical Care Occupancy,mapped_explicit_terms,Standard Orthopaedic Critical Care Occupancy,per_night,148975,False,checked,False,False,needs_adjustment_or_mapping_review,,False,PT-H4-000135,False,False,not_applicable_or_unmapped,,,,,False,needs_mapping_review_threshold_uncertain,105,224,,
H4-L00386-14,INV-H4-000386,14,2024-12-16,ONC wd BD occ STD,3,per_day,52155,156465,386,False,False,False,False,Standard Oncology Ward Bed Occupancy,mapped_explicit_terms,Standard Oncology Ward Bed Occupancy,per_day,57950,False,checked,False,False,needs_adjustment_or_mapping_review,,False,PT-H4-000135,False,False,not_applicable_or_unmapped,,,,,False,checked_bounds_agree,165,280,10,52155
H4-L00387-03,INV-H4-000387,3,2024-12-17,SUPP amb MSK vent /CW-8558,2,per_day,133578,267156,387,False,False,False,False,Ambulatory Musculoskeletal Ventilation Support,mapped_explicit_terms,Ambulatory Musculoskeletal Ventilation Support,per_day,157150,False,checked,False,False,needs_adjustment_or_mapping_review,,False,PT-H4-000109,False,False,not_applicable_or_unmapped,,,,,False,needs_mapping_review_threshold_uncertain,191,249,,
H4-L00387-06,INV-H4-000387,6,2024-12-17,OCCUPANCY - std ORTHOPAEDIC crit CR /CW-7040,6,per_night,134078,804468,387,False,False,False,False,Standard Orthopaedic Critical Care Occupancy,mapped_explicit_terms,Standard Orthopaedic Critical Care Occupancy,per_night,148975,False,checked,False,False,needs_adjustment_or_mapping_review,,False,PT-H4-000109,False,False,not_applicable_or_unmapped,,,,,False,needs_mapping_review_threshold_uncertain,107,226,,
H4-L00392-01,INV-H4-000392,1,2024-12-23,standard - ONC bd OCC,4,per_day,52155,208620,392,False,False,False,False,Standard Oncology Ward Bed Occupancy,mapped_explicit_terms,Standard Oncology Ward Bed Occupancy,per_day,57950,False,checked,False,False,needs_adjustment_or_mapping_review,,False,PT-H4-000111,False,False,not_applicable_or_unmapped,,,,,False,checked_bounds_agree,168,283,10,52155
H4-L00392-06,INV-H4-000392,6,2024-12-24,standard - ONC ward BD occ /CW-4538,1,per_day,52155,52155,392,False,False,False,False,Standard Oncology Ward Bed Occupancy,mapped_explicit_terms,Standard Oncology Ward Bed Occupancy,per_day,57950,False,checked,False,False,needs_adjustment_or_mapping_review,,False,PT-H4-000111,False,False,not_applicable_or_unmapped,,,,,False,checked_bounds_agree,172,287,10,52155
H4-L00395-06,INV-H4-000395,6,2024-12-23,SUPP amb MSK vent /CW-8558,2,per_day,133578,267156,395,False,False,False,False,Ambulatory Musculoskeletal Ventilation Support,mapped_explicit_terms,Ambulatory Musculoskeletal Ventilation Support,per_day,157150,False,checked,False,False,needs_adjustment_or_mapping_review,,False,PT-H4-000054,False,False,not_applicable_or_unmapped,,,,,False,needs_mapping_review_threshold_uncertain,193,251,,
H4-L00397-11,INV-H4-000397,11,2024-12-28,standard - ONC bd OCC,6,per_day,52155,312930,397,False,False,False,False,Standard Oncology Ward Bed Occupancy,mapped_explicit_terms,Standard Oncology Ward Bed Occupancy,per_day,57950,False,checked,False,False,needs_adjustment_or_mapping_review,,False,PT-H4-000121,False,False,not_applicable_or_unmapped,,,,,False,checked_bounds_agree,174,289,10,52155
H4-L00399-06,INV-H4-000399,6,2024-12-25,std - ONC wd BED occ /CW-1173,1,per_day,52155,52155,399,False,False,False,False,Standard Oncology Ward Bed Occupancy,mapped_explicit_terms,Standard Oncology Ward Bed Occupancy,per_day,57950,False,checked,False,False,needs_adjustment_or_mapping_review,,False,PT-H4-000145,False,False,not_applicable_or_unmapped,,,,,False,checked_bounds_agree,173,288,10,52155
H4-L00405-05,INV-H4-000405,5,2025-01-01,AMB musculoskeletal VENT supp /CW-8775,3,per_day,133578,400734,405,False,False,False,False,Ambulatory Musculoskeletal Ventilation Support,mapped_explicit_terms,Ambulatory Musculoskeletal Ventilation Support,per_day,157150,False,checked,False,False,needs_adjustment_or_mapping_review,,False,PT-H4-000134,False,False,not_applicable_or_unmapped,,,,,False,needs_mapping_review_threshold_uncertain,195,253,,
H4-L00406-01,INV-H4-000406,1,2024-12-31,standard - ONC bd OCC,4,per_day,52155,208620,406,False,False,False,False,Standard Oncology Ward Bed Occupancy,mapped_explicit_terms,Standard Oncology Ward Bed Occupancy,per_day,57950,False,checked,False,False,needs_adjustment_or_mapping_review,,False,PT-H4-000163,False,False,not_applicable_or_unmapped,,,,,False,checked_bounds_agree,180,295,10,52155
H4-L00406-02,INV-H4-000406,2,2024-12-30,CR std ORTHOPAEDIC crit,4,per_night,134078,536312,406,False,False,False,False,Standard Orthopaedic Critical Care Occupancy,mapped_explicit_terms,Standard Orthopaedic Critical Care Occupancy,per_night,148975,False,checked,False,False,needs_adjustment_or_mapping_review,,False,PT-H4-000163,False,False,not_applicable_or_unmapped,,,,,False,needs_mapping_review_threshold_uncertain,117,236,,
H4-L00407-18,INV-H4-000407,18,2024-12-31,STD - orthopaedic CRIT care OCC /CW-2102,6,per_night,134078,804468,407,False,False,False,False,Standard Orthopaedic Critical Care Occupancy,mapped_explicit_terms,Standard Orthopaedic Critical Care Occupancy,per_night,148975,False,checked,False,False,needs_adjustment_or_mapping_review,,False,PT-H4-000060,False,False,not_applicable_or_unmapped,,,,,False,checked_bounds_agree,121,240,10,134078
H4-L00409-10,INV-H4-000409,10,2024-12-31,STD - orthopaedic CRIT cr OCC /CW-7769,3,per_night,134078,402234,409,False,False,False,False,Standard Orthopaedic Critical Care Occupancy,mapped_explicit_terms,Standard Orthopaedic Critical Care Occupancy,per_night,148975,False,checked,False,False,needs_adjustment_or_mapping_review,,False,PT-H4-000117,False,False,not_applicable_or_unmapped,,,,,False,checked_bounds_agree,127,246,10,134078
H4-L00410-11,INV-H4-000410,11,2025-01-03,SUPP amb MSK vent /CW-8558,2,per_day,133578,267156,410,False,False,False,False,Ambulatory Musculoskeletal Ventilation Support,mapped_explicit_terms,Ambulatory Musculoskeletal Ventilation Support,per_day,157150,False,checked,False,False,needs_adjustment_or_mapping_review,,False,PT-H4-000183,False,False,not_applicable_or_unmapped,,,,,False,needs_mapping_review_threshold_uncertain,198,256,,
H4-L00414-02,INV-H4-000414,2,2025-01-03,STD - orthopaedic CRIT care OCC /CW-2102,2,per_night,134078,268156,414,False,False,False,False,Standard Orthopaedic Critical Care Occupancy,mapped_explicit_terms,Standard Orthopaedic Critical Care Occupancy,per_night,148975,False,checked,False,False,needs_adjustment_or_mapping_review,,False,PT-H4-000057,False,False,not_applicable_or_unmapped,,,,,False,checked_bounds_agree,130,249,10,134078
H4-L00414-05,INV-H4-000414,5,2025-01-04,AMB musculoskeletal VENT supp /CW-8775,1,per_day,133578,133578,414,False,False,False,False,Ambulatory Musculoskeletal Ventilation Support,mapped_explicit_terms,Ambulatory Musculoskeletal Ventilation Support,per_day,157150,False,checked,False,False,needs_adjustment_or_mapping_review,,False,PT-H4-000057,False,False,not_applicable_or_unmapped,,,,,False,needs_mapping_review_threshold_uncertain,200,258,,
H4-L00416-02,INV-H4-000416,2,2025-01-03,STD - orthopaedic CRIT cr OCC /CW-7769,3,per_night,134078,402234,416,False,False,False,False,Standard Orthopaedic Critical Care Occupancy,mapped_explicit_terms,Standard Orthopaedic Critical Care Occupancy,per_night,148975,False,checked,False,False,needs_adjustment_or_mapping_review,,False,PT-H4-000012,False,False,not_applicable_or_unmapped,,,,,False,checked_bounds_agree,132,251,10,134078
H4-L00418-13,INV-H4-000264,13,2025-01-03,standard - ONC ward BD occ /CW-4538,3,per_day,52155,156465,418,False,False,False,False,Standard Oncology Ward Bed Occupancy,mapped_explicit_terms,Standard Oncology Ward Bed Occupancy,per_day,57950,False,checked,False,False,needs_adjustment_or_mapping_review,,False,PT-H4-000160,False,False,not_applicable_or_unmapped,,,,,False,checked_bounds_agree,184,299,10,52155
H4-L00419-11,INV-H4-000419,11,2025-01-05,STD - orthopaedic CRIT care OCC /CW-2102,4,per_night,134078,536312,419,False,False,False,False,Standard Orthopaedic Critical Care Occupancy,mapped_explicit_terms,Standard Orthopaedic Critical Care Occupancy,per_night,148975,False,checked,False,False,needs_adjustment_or_mapping_review,,False,PT-H4-000092,False,False,not_applicable_or_unmapped,,,,,False,checked_bounds_agree,135,254,10,134078
H4-L00420-13,INV-H4-000420,13,2025-01-06,OCC  - standard ORTHO cr /CW-6124,3,per_night,134078,402234,420,False,False,False,False,Standard Orthopaedic Critical Care Occupancy,mapped_explicit_terms,Standard Orthopaedic Critical Care Occupancy,per_night,148975,False,checked,False,False,needs_adjustment_or_mapping_review,,False,PT-H4-000187,False,False,not_applicable_or_unmapped,,,,,False,checked_bounds_agree,139,258,10,134078
H4-L00423-03,INV-H4-000423,3,2025-01-09,ONC wd BD occ STD,6,per_day,52155,312930,423,False,False,False,False,Standard Oncology Ward Bed Occupancy,mapped_explicit_terms,Standard Oncology Ward Bed Occupancy,per_day,57950,False,checked,False,False,needs_adjustment_or_mapping_review,,False,PT-H4-000204,False,False,not_applicable_or_unmapped,,,,,False,checked_bounds_agree,187,302,10,52155
H4-L00428-08,INV-H4-000428,8,2025-01-14,STD - orthopaedic CRIT cr OCC /CW-7769,1,per_night,134078,134078,428,False,False,False,False,Standard Orthopaedic Critical Care Occupancy,mapped_explicit_terms,Standard Orthopaedic Critical Care Occupancy,per_night,148975,False,checked,False,False,needs_adjustment_or_mapping_review,,False,PT-H4-000108,False,False,not_applicable_or_unmapped,,,,,False,checked_bounds_agree,142,261,10,134078
H4-L00429-02,INV-H4-000429,2,2025-01-13,AMB musculoskeletal VENT supp /CW-8775,5,per_day,133578,667890,429,False,False,False,False,Ambulatory Musculoskeletal Ventilation Support,mapped_explicit_terms,Ambulatory Musculoskeletal Ventilation Support,per_day,157150,False,checked,False,False,needs_adjustment_or_mapping_review,,False,PT-H4-000046,False,False,not_applicable_or_unmapped,,,,,False,needs_mapping_review_threshold_uncertain,201,259,,
H4-L00430-09,INV-H4-000430,9,2025-01-16,std - ONC wd BED occ /CW-1173,2,per_day,52155,104310,430,False,False,False,False,Standard Oncology Ward Bed Occupancy,mapped_explicit_terms,Standard Oncology Ward Bed Occupancy,per_day,57950,False,checked,False,False,needs_adjustment_or_mapping_review,,False,PT-H4-000027,False,False,not_applicable_or_unmapped,,,,,False,checked_bounds_agree,193,308,10,52155
H4-L00437-04,INV-H4-000437,4,2025-01-20,CR std ORTHOPAEDIC crit,6,per_night,134078,804468,437,False,False,False,False,Standard Orthopaedic Critical Care Occupancy,mapped_explicit_terms,Standard Orthopaedic Critical Care Occupancy,per_night,148975,False,checked,False,False,needs_adjustment_or_mapping_review,,False,PT-H4-000091,False,False,not_applicable_or_unmapped,,,,,False,checked_bounds_agree,143,262,10,134078
H4-L00438-04,INV-H4-000438,4,2025-01-19,ONC wd BD occ STD,5,per_day,52155,260775,438,False,False,False,False,Standard Oncology Ward Bed Occupancy,mapped_explicit_terms,Standard Oncology Ward Bed Occupancy,per_day,57950,False,checked,False,False,needs_adjustment_or_mapping_review,,False,PT-H4-000030,False,False,not_applicable_or_unmapped,,,,,False,checked_bounds_agree,195,310,10,52155
H4-L00446-08,INV-H4-000446,8,2025-01-21,AMB musculoskeletal VENT supp /CW-8775,1,per_day,133578,133578,446,False,False,False,False,Ambulatory Musculoskeletal Ventilation Support,mapped_explicit_terms,Ambulatory Musculoskeletal Ventilation Support,per_day,157150,False,checked,False,False,needs_adjustment_or_mapping_review,,False,PT-H4-000155,False,False,not_applicable_or_unmapped,,,,,False,needs_mapping_review_threshold_uncertain,206,264,,
H4-L00459-06,INV-H4-000459,6,2025-02-12,STD - orthopaedic CRIT care OCC /CW-2102,3,per_night,134078,402234,459,False,False,False,False,Standard Orthopaedic Critical Care Occupancy,mapped_explicit_terms,Standard Orthopaedic Critical Care Occupancy,per_night,148975,False,checked,False,False,needs_adjustment_or_mapping_review,,False,PT-H4-000130,False,False,not_applicable_or_unmapped,,,,,False,checked_bounds_agree,149,268,10,134078
H4-L00469-02,INV-H4-000469,2,2025-02-20,SUPP amb MSK vent /CW-8558,4,per_day,133578,534312,469,False,False,False,False,Ambulatory Musculoskeletal Ventilation Support,mapped_explicit_terms,Ambulatory Musculoskeletal Ventilation Support,per_day,157150,False,checked,False,False,needs_adjustment_or_mapping_review,,False,PT-H4-000097,False,False,not_applicable_or_unmapped,,,,,False,needs_mapping_review_threshold_uncertain,207,265,,
H4-L00474-02,INV-H4-000474,2,2025-02-25,AMB  msk VENT supp,4,per_day,133578,534312,474,False,False,False,False,Ambulatory Musculoskeletal Ventilation Support,mapped_explicit_terms,Ambulatory Musculoskeletal Ventilation Support,per_day,157150,False,checked,False,False,needs_adjustment_or_mapping_review,,False,PT-H4-000101,False,False,not_applicable_or_unmapped,,,,,False,needs_mapping_review_threshold_uncertain,211,269,,
H4-L00476-09,INV-H4-000476,9,2025-03-01,standard - ONC ward BD occ /CW-4538,5,per_day,52155,260775,476,False,False,False,False,Standard Oncology Ward Bed Occupancy,mapped_explicit_terms,Standard Oncology Ward Bed Occupancy,per_day,57950,False,checked,False,False,needs_adjustment_or_mapping_review,,False,PT-H4-000175,False,False,not_applicable_or_unmapped,,,,,False,checked_bounds_agree,200,315,10,52155
H4-L00479-09,INV-H4-000479,9,2025-03-02,SUPPORT - amb MSK vent,4,per_day,133578,534312,479,False,False,False,False,Ambulatory Musculoskeletal Ventilation Support,mapped_explicit_terms,Ambulatory Musculoskeletal Ventilation Support,per_day,157150,False,checked,False,False,needs_adjustment_or_mapping_review,,False,PT-H4-000175,False,False,not_applicable_or_unmapped,,,,,False,needs_mapping_review_threshold_uncertain,215,273,,
H4-L00481-15,INV-H4-000481,15,2025-03-04,std - ONC wd BED occ /CW-1173,3,per_day,52155,156465,481,False,False,False,False,Standard Oncology Ward Bed Occupancy,mapped_explicit_terms,Standard Oncology Ward Bed Occupancy,per_day,57950,False,checked,False,False,needs_adjustment_or_mapping_review,,False,PT-H4-000148,False,False,not_applicable_or_unmapped,,,,,False,checked_bounds_agree,205,320,10,52155
H4-L00482-04,INV-H4-000482,4,2025-03-07,standard - ONC ward BD occ /CW-4538,1,per_day,52155,52155,482,False,False,False,False,Standard Oncology Ward Bed Occupancy,mapped_explicit_terms,Standard Oncology Ward Bed Occupancy,per_day,57950,False,checked,False,False,needs_adjustment_or_mapping_review,,False,PT-H4-000032,False,False,not_applicable_or_unmapped,,,,,False,checked_bounds_agree,208,323,10,52155
H4-L00483-05,INV-H4-000483,5,2025-03-06,CR std ORTHOPAEDIC crit,5,per_night,148975,744875,483,False,False,False,False,Standard Orthopaedic Critical Care Occupancy,mapped_explicit_terms,Standard Orthopaedic Critical Care Occupancy,per_night,148975,False,checked,False,False,needs_adjustment_or_mapping_review,,False,PT-H4-000164,False,False,not_applicable_or_unmapped,,,,,True,checked_bounds_agree,152,271,10,134078
H4-L00484-09,INV-H4-000484,9,2025-03-07,std - ONC wd BED occ /CW-1173,6,per_day,52155,312930,484,False,False,False,False,Standard Oncology Ward Bed Occupancy,mapped_explicit_terms,Standard Oncology Ward Bed Occupancy,per_day,57950,False,checked,False,False,needs_adjustment_or_mapping_review,,False,PT-H4-000080,False,False,not_applicable_or_unmapped,,,,,False,checked_bounds_agree,209,324,10,52155
H4-L00489-01,INV-H4-000489,1,2025-03-13,ONC wd BD occ STD,3,per_day,52155,156465,489,False,False,False,False,Standard Oncology Ward Bed Occupancy,mapped_explicit_terms,Standard Oncology Ward Bed Occupancy,per_day,57950,False,checked,False,False,needs_adjustment_or_mapping_review,,False,PT-H4-000064,False,False,not_applicable_or_unmapped,,,,,False,checked_bounds_agree,215,330,10,52155
H4-L00496-09,INV-H4-000496,9,2025-03-17,ONC wd BD occ STD,5,per_day,52155,260775,496,False,False,False,False,Standard Oncology Ward Bed Occupancy,mapped_explicit_terms,Standard Oncology Ward Bed Occupancy,per_day,57950,False,checked,False,False,needs_adjustment_or_mapping_review,,False,PT-H4-000195,False,False,not_applicable_or_unmapped,,,,,False,checked_bounds_agree,218,333,10,52155
H4-L00501-01,INV-H4-000501,1,2025-03-19,OCCUPANCY - std ORTHOPAEDIC crit CR /CW-7040,2,per_night,134078,268156,501,False,False,False,False,Standard Orthopaedic Critical Care Occupancy,mapped_explicit_terms,Standard Orthopaedic Critical Care Occupancy,per_night,148975,False,checked,False,False,needs_adjustment_or_mapping_review,,False,PT-H4-000153,False,False,not_applicable_or_unmapped,,,,,False,checked_bounds_agree,157,276,10,134078
H4-L00501-02,INV-H4-000501,2,2025-03-19,AMB  msk VENT supp,4,per_day,133578,534312,501,False,False,False,False,Ambulatory Musculoskeletal Ventilation Support,mapped_explicit_terms,Ambulatory Musculoskeletal Ventilation Support,per_day,157150,False,checked,False,False,needs_adjustment_or_mapping_review,,False,PT-H4-000153,False,False,not_applicable_or_unmapped,,,,,False,needs_mapping_review_threshold_uncertain,219,277,,
H4-L00502-16,INV-H4-000502,16,2025-03-20,standard - ONC bd OCC,2,per_day,52155,104310,502,False,False,False,False,Standard Oncology Ward Bed Occupancy,mapped_explicit_terms,Standard Oncology Ward Bed Occupancy,per_day,57950,False,checked,False,False,needs_adjustment_or_mapping_review,,False,PT-H4-000091,False,False,not_applicable_or_unmapped,,,,,False,checked_bounds_agree,223,338,10,52155
H4-L00506-09,INV-H4-000506,9,2025-03-24,standard - ONC bd OCC,5,per_day,52155,260775,506,False,False,False,False,Standard Oncology Ward Bed Occupancy,mapped_explicit_terms,Standard Oncology Ward Bed Occupancy,per_day,57950,False,checked,False,False,needs_adjustment_or_mapping_review,,False,PT-H4-000030,False,False,not_applicable_or_unmapped,,,,,False,checked_bounds_agree,225,340,10,52155
H4-L00507-14,INV-H4-000507,14,2025-03-24,SUPPORT - amb MSK vent,1,per_day,133578,133578,507,False,False,False,False,Ambulatory Musculoskeletal Ventilation Support,mapped_explicit_terms,Ambulatory Musculoskeletal Ventilation Support,per_day,157150,False,checked,False,False,needs_adjustment_or_mapping_review,,False,PT-H4-000174,False,False,not_applicable_or_unmapped,,,,,False,needs_mapping_review_threshold_uncertain,223,281,,
H4-L00508-12,INV-H4-000508,12,2025-03-26,AMB  msk VENT supp,4,per_day,133578,534312,508,False,False,False,False,Ambulatory Musculoskeletal Ventilation Support,mapped_explicit_terms,Ambulatory Musculoskeletal Ventilation Support,per_day,157150,False,checked,False,False,needs_adjustment_or_mapping_review,,False,PT-H4-000210,False,False,not_applicable_or_unmapped,,,,,False,needs_mapping_review_threshold_uncertain,224,282,,
H4-L00522-08,INV-H4-000522,8,2025-04-16,STD - orthopaedic CRIT care OCC /CW-2102,4,per_night,134078,536312,522,False,False,False,False,Standard Orthopaedic Critical Care Occupancy,mapped_explicit_terms,Standard Orthopaedic Critical Care Occupancy,per_night,148975,False,checked,False,False,needs_adjustment_or_mapping_review,,False,PT-H4-000050,False,False,not_applicable_or_unmapped,,,,,False,checked_bounds_agree,159,278,10,134078
H4-L00528-15,INV-H4-000528,15,2025-04-17,standard - ONC bd OCC,1,per_day,57950,57950,528,False,False,False,False,Standard Oncology Ward Bed Occupancy,mapped_explicit_terms,Standard Oncology Ward Bed Occupancy,per_day,57950,False,checked,False,False,needs_adjustment_or_mapping_review,,False,PT-H4-000024,False,False,not_applicable_or_unmapped,,,,,True,checked_bounds_agree,230,345,10,52155
H4-L00533-04,INV-H4-000533,4,2025-04-19,AMB musculoskeletal VENT supp /CW-8775,3,per_day,133578,400734,533,False,False,False,False,Ambulatory Musculoskeletal Ventilation Support,mapped_explicit_terms,Ambulatory Musculoskeletal Ventilation Support,per_day,157150,False,checked,False,False,needs_adjustment_or_mapping_review,,False,PT-H4-000113,False,False,not_applicable_or_unmapped,,,,,False,needs_mapping_review_threshold_uncertain,228,286,,
H4-L00533-08,INV-H4-000533,8,2025-04-18,CR std ORTHOPAEDIC crit,1,per_night,134078,134078,533,False,False,False,False,Standard Orthopaedic Critical Care Occupancy,mapped_explicit_terms,Standard Orthopaedic Critical Care Occupancy,per_night,148975,False,checked,False,False,needs_adjustment_or_mapping_review,,False,PT-H4-000113,False,False,not_applicable_or_unmapped,,,,,False,checked_bounds_agree,163,282,10,134078
H4-L00534-09,INV-H4-000534,9,2025-04-23,CR std ORTHOPAEDIC crit,6,per_night,134078,804468,534,False,False,False,False,Standard Orthopaedic Critical Care Occupancy,mapped_explicit_terms,Standard Orthopaedic Critical Care Occupancy,per_night,148975,False,checked,False,False,needs_adjustment_or_mapping_review,,False,PT-H4-000170,False,False,not_applicable_or_unmapped,,,,,False,checked_bounds_agree,164,283,10,134078
H4-L00539-02,INV-H4-000539,2,2025-04-24,standard - ONC bd OCC,6,per_day,52155,312930,539,False,False,False,False,Standard Oncology Ward Bed Occupancy,mapped_explicit_terms,Standard Oncology Ward Bed Occupancy,per_day,57950,False,checked,False,False,needs_adjustment_or_mapping_review,,False,PT-H4-000209,False,False,not_applicable_or_unmapped,,,,,False,checked_bounds_agree,236,351,10,52155
H4-L00539-04,INV-H4-000539,4,2025-04-21,SUPPORT - amb MSK vent,4,per_day,133578,534312,539,False,False,False,False,Ambulatory Musculoskeletal Ventilation Support,mapped_explicit_terms,Ambulatory Musculoskeletal Ventilation Support,per_day,157150,False,checked,False,False,needs_adjustment_or_mapping_review,,False,PT-H4-000209,False,False,not_applicable_or_unmapped,,,,,False,needs_mapping_review_threshold_uncertain,231,289,,
H4-L00542-08,INV-H4-000542,8,2025-04-23,ONC wd BD occ STD,5,per_day,52155,260775,542,False,False,False,False,Standard Oncology Ward Bed Occupancy,mapped_explicit_terms,Standard Oncology Ward Bed Occupancy,per_day,57950,False,checked,False,False,needs_adjustment_or_mapping_review,,False,PT-H4-000159,False,False,not_applicable_or_unmapped,,,,,False,checked_bounds_agree,231,346,10,52155
H4-L00542-13,INV-H4-000542,13,2025-04-23,AMB  msk VENT supp,2,per_day,133578,267156,542,False,False,False,False,Ambulatory Musculoskeletal Ventilation Support,mapped_explicit_terms,Ambulatory Musculoskeletal Ventilation Support,per_day,157150,False,checked,False,False,needs_adjustment_or_mapping_review,,False,PT-H4-000159,False,False,not_applicable_or_unmapped,,,,,False,needs_mapping_review_threshold_uncertain,235,293,,
H4-L00551-10,INV-H4-000551,10,2025-05-04,STD - orthopaedic CRIT cr OCC /CW-7769,5,per_night,134078,670390,551,False,False,False,False,Standard Orthopaedic Critical Care Occupancy,mapped_explicit_terms,Standard Orthopaedic Critical Care Occupancy,per_night,148975,False,checked,False,False,needs_adjustment_or_mapping_review,,False,PT-H4-000073,False,False,not_applicable_or_unmapped,,,,,False,checked_bounds_agree,170,289,10,134078
H4-L00560-11,INV-H4-000560,11,2025-05-08,std - ONC wd BED occ /CW-1173,3,per_day,52155,156465,560,False,False,False,False,Standard Oncology Ward Bed Occupancy,mapped_explicit_terms,Standard Oncology Ward Bed Occupancy,per_day,57950,False,checked,False,False,needs_adjustment_or_mapping_review,,False,PT-H4-000131,False,False,not_applicable_or_unmapped,,,,,False,checked_bounds_agree,242,357,10,52155
H4-L00562-12,INV-H4-000562,12,2025-05-11,OCCUPANCY - std ORTHOPAEDIC crit CR /CW-7040,4,per_night,134078,536312,562,False,False,False,False,Standard Orthopaedic Critical Care Occupancy,mapped_explicit_terms,Standard Orthopaedic Critical Care Occupancy,per_night,148975,False,checked,False,False,needs_adjustment_or_mapping_review,,False,PT-H4-000069,False,False,not_applicable_or_unmapped,,,,,False,checked_bounds_agree,175,294,10,134078
H4-L00563-09,INV-H4-000563,9,2025-05-12,ONC wd BD occ STD,4,per_day,52155,208620,563,False,False,False,False,Standard Oncology Ward Bed Occupancy,mapped_explicit_terms,Standard Oncology Ward Bed Occupancy,per_day,57950,False,checked,False,False,needs_adjustment_or_mapping_review,,False,PT-H4-000123,False,False,not_applicable_or_unmapped,,,,,False,checked_bounds_agree,245,360,10,52155
H4-L00564-10,INV-H4-000564,10,2025-05-15,OCCUPANCY - std ORTHOPAEDIC crit CR /CW-7040,2,per_night,134078,268156,564,False,False,False,False,Standard Orthopaedic Critical Care Occupancy,mapped_explicit_terms,Standard Orthopaedic Critical Care Occupancy,per_night,148975,False,checked,False,False,needs_adjustment_or_mapping_review,,False,PT-H4-000133,False,False,not_applicable_or_unmapped,,,,,False,checked_bounds_agree,179,298,10,134078
H4-L00565-05,INV-H4-000565,5,2025-05-11,SUPP amb MSK vent /CW-8558,3,per_day,133578,400734,565,False,False,False,False,Ambulatory Musculoskeletal Ventilation Support,mapped_explicit_terms,Ambulatory Musculoskeletal Ventilation Support,per_day,157150,False,checked,False,False,needs_adjustment_or_mapping_review,,False,PT-H4-000189,False,False,not_applicable_or_unmapped,,,,,False,needs_mapping_review_threshold_uncertain,237,295,,
H4-L00567-07,INV-H4-000567,7,2025-05-16,std - ONC wd BED occ /CW-1173,5,per_day,52155,260775,567,False,False,False,False,Standard Oncology Ward Bed Occupancy,mapped_explicit_terms,Standard Oncology Ward Bed Occupancy,per_day,57950,False,checked,False,False,needs_adjustment_or_mapping_review,,False,PT-H4-000117,False,False,not_applicable_or_unmapped,,,,,False,checked_bounds_agree,249,364,10,52155
H4-L00567-10,INV-H4-000567,10,2025-05-16,CR std ORTHOPAEDIC crit,4,per_night,134078,536312,567,False,False,False,False,Standard Orthopaedic Critical Care Occupancy,mapped_explicit_terms,Standard Orthopaedic Critical Care Occupancy,per_night,148975,False,checked,False,False,needs_adjustment_or_mapping_review,,False,PT-H4-000117,False,False,not_applicable_or_unmapped,,,,,False,checked_bounds_agree,181,300,10,134078
H4-L00568-07,INV-H4-000568,7,2025-05-18,AMB  msk VENT supp,4,per_day,133578,534312,568,False,False,False,False,Ambulatory Musculoskeletal Ventilation Support,mapped_explicit_terms,Ambulatory Musculoskeletal Ventilation Support,per_day,157150,False,checked,False,False,needs_adjustment_or_mapping_review,,False,PT-H4-000049,False,False,not_applicable_or_unmapped,,,,,False,needs_mapping_review_threshold_uncertain,240,298,,
H4-L00568-08,INV-H4-000568,8,2025-05-17,OCCUPANCY - std ORTHOPAEDIC crit CR /CW-7040,3,per_night,134078,402234,568,False,False,False,False,Standard Orthopaedic Critical Care Occupancy,mapped_explicit_terms,Standard Orthopaedic Critical Care Occupancy,per_night,148975,False,checked,False,False,needs_adjustment_or_mapping_review,,False,PT-H4-000049,False,False,not_applicable_or_unmapped,,,,,False,checked_bounds_agree,185,304,10,134078
H4-L00568-11,INV-H4-000568,11,2025-05-18,CR std ORTHOPAEDIC crit,1,per_night,134078,134078,568,False,False,False,False,Standard Orthopaedic Critical Care Occupancy,mapped_explicit_terms,Standard Orthopaedic Critical Care Occupancy,per_night,148975,False,checked,False,False,needs_adjustment_or_mapping_review,,False,PT-H4-000049,False,False,not_applicable_or_unmapped,,,,,False,checked_bounds_agree,188,307,10,134078
H4-L00569-01,INV-H4-000569,1,2025-05-18,SUPP amb MSK vent /CW-8558,2,per_day,110005,220010,569,False,False,False,False,Ambulatory Musculoskeletal Ventilation Support,mapped_explicit_terms,Ambulatory Musculoskeletal Ventilation Support,per_day,157150,False,checked,False,False,needs_adjustment_or_mapping_review,,False,PT-H4-000003,False,False,not_applicable_or_unmapped,,,,,False,checked_bounds_agree,244,302,30,110005
H4-L00573-08,INV-H4-000573,8,2025-05-23,SUPPORT - amb MSK vent,5,per_day,110005,550025,573,False,False,False,False,Ambulatory Musculoskeletal Ventilation Support,mapped_explicit_terms,Ambulatory Musculoskeletal Ventilation Support,per_day,157150,False,checked,False,False,needs_adjustment_or_mapping_review,,False,PT-H4-000160,False,False,not_applicable_or_unmapped,,,,,False,checked_bounds_agree,246,304,30,110005
H4-L00575-18,INV-H4-000575,18,2025-05-22,OCCUPANCY - std ORTHOPAEDIC crit CR /CW-7040,5,per_night,134078,670390,575,False,False,False,False,Standard Orthopaedic Critical Care Occupancy,mapped_explicit_terms,Standard Orthopaedic Critical Care Occupancy,per_night,148975,False,checked,False,False,needs_adjustment_or_mapping_review,,False,PT-H4-000123,False,False,not_applicable_or_unmapped,,,,,False,checked_bounds_agree,189,308,10,134078
H4-L00576-17,INV-H4-000576,17,2025-05-24,std - ONC wd BED occ /CW-1173,1,per_day,52155,52155,576,False,False,False,False,Standard Oncology Ward Bed Occupancy,mapped_explicit_terms,Standard Oncology Ward Bed Occupancy,per_day,57950,False,checked,False,False,needs_adjustment_or_mapping_review,,False,PT-H4-000012,False,False,not_applicable_or_unmapped,,,,,False,checked_bounds_agree,254,369,10,52155
H4-L00577-01,INV-H4-000577,1,2025-05-29,STD - orthopaedic CRIT care OCC /CW-2102,5,per_night,134078,670390,577,False,False,False,False,Standard Orthopaedic Critical Care Occupancy,mapped_explicit_terms,Standard Orthopaedic Critical Care Occupancy,per_night,148975,False,checked,False,False,needs_adjustment_or_mapping_review,,False,PT-H4-000048,False,False,not_applicable_or_unmapped,,,,,False,checked_bounds_agree,194,313,10,134078
H4-L00579-10,INV-H4-000579,10,2025-05-26,SUPP amb MSK vent /CW-8558,1,per_day,110005,110005,579,False,False,False,False,Ambulatory Musculoskeletal Ventilation Support,mapped_explicit_terms,Ambulatory Musculoskeletal Ventilation Support,per_day,157150,False,checked,False,False,needs_adjustment_or_mapping_review,,False,PT-H4-000064,False,False,not_applicable_or_unmapped,,,,,False,checked_bounds_agree,251,309,30,110005
H4-L00581-13,INV-H4-000581,13,2025-05-29,ONC wd BD occ STD,6,per_day,57950,347700,581,False,False,False,False,Standard Oncology Ward Bed Occupancy,mapped_explicit_terms,Standard Oncology Ward Bed Occupancy,per_day,57950,False,checked,False,False,needs_adjustment_or_mapping_review,,False,PT-H4-000195,False,False,not_applicable_or_unmapped,,,,,True,checked_bounds_agree,255,370,10,52155
H4-L00582-16,INV-H4-000582,16,2025-05-27,SUPP amb MSK vent /CW-8558,1,per_day,110005,110005,582,False,False,False,False,Ambulatory Musculoskeletal Ventilation Support,mapped_explicit_terms,Ambulatory Musculoskeletal Ventilation Support,per_day,157150,False,checked,False,False,needs_adjustment_or_mapping_review,,False,PT-H4-000028,False,False,not_applicable_or_unmapped,,,,,False,checked_bounds_agree,252,310,30,110005
H4-L00587-02,INV-H4-000587,2,2025-05-30,std - ONC wd BED occ /CW-1173,4,per_day,52155,208620,587,False,False,False,False,Standard Oncology Ward Bed Occupancy,mapped_explicit_terms,Standard Oncology Ward Bed Occupancy,per_day,57950,False,checked,False,False,needs_adjustment_or_mapping_review,,False,PT-H4-000117,False,False,not_applicable_or_unmapped,,,,,False,checked_bounds_agree,261,376,10,52155
H4-L00587-08,INV-H4-000587,8,2025-06-01,CR std ORTHOPAEDIC crit,2,per_night,134078,268156,587,False,False,False,False,Standard Orthopaedic Critical Care Occupancy,mapped_explicit_terms,Standard Orthopaedic Critical Care Occupancy,per_night,148975,False,checked,False,False,needs_adjustment_or_mapping_review,,False,PT-H4-000117,False,False,not_applicable_or_unmapped,,,,,False,checked_bounds_agree,199,318,10,134078
H4-L00587-11,INV-H4-000587,11,2025-06-04,standard - ONC ward BD occ /CW-4538,5,per_day,52155,260775,587,False,False,False,False,Standard Oncology Ward Bed Occupancy,mapped_explicit_terms,Standard Oncology Ward Bed Occupancy,per_day,57950,False,checked,False,False,needs_adjustment_or_mapping_review,,False,PT-H4-000117,False,False,not_applicable_or_unmapped,,,,,False,checked_bounds_agree,269,384,10,52155
H4-L00587-13,INV-H4-000587,13,2025-06-01,ONC wd BD occ STD,1,per_day,52155,52155,587,False,False,False,False,Standard Oncology Ward Bed Occupancy,mapped_explicit_terms,Standard Oncology Ward Bed Occupancy,per_day,57950,False,checked,False,False,needs_adjustment_or_mapping_review,,False,PT-H4-000117,False,False,not_applicable_or_unmapped,,,,,False,checked_bounds_agree,268,383,10,52155
H4-L00589-07,INV-H4-000589,7,2025-05-30,AMB musculoskeletal VENT supp /CW-8775,2,per_day,110005,220010,589,False,False,False,False,Ambulatory Musculoskeletal Ventilation Support,mapped_explicit_terms,Ambulatory Musculoskeletal Ventilation Support,per_day,157150,False,checked,False,False,needs_adjustment_or_mapping_review,,False,PT-H4-000008,False,False,not_applicable_or_unmapped,,,,,False,checked_bounds_agree,253,311,30,110005
H4-L00590-15,INV-H4-000590,15,2025-05-31,ONC wd BD occ STD,3,per_day,52155,156465,590,False,False,False,False,Standard Oncology Ward Bed Occupancy,mapped_explicit_terms,Standard Oncology Ward Bed Occupancy,per_day,57950,False,checked,False,False,needs_adjustment_or_mapping_review,,False,PT-H4-000115,False,False,not_applicable_or_unmapped,,,,,False,checked_bounds_agree,265,380,10,52155
H4-L00594-02,INV-H4-000594,2,2025-06-07,CR std ORTHOPAEDIC crit,1,per_night,134078,134078,594,False,False,False,False,Standard Orthopaedic Critical Care Occupancy,mapped_explicit_terms,Standard Orthopaedic Critical Care Occupancy,per_night,148975,False,checked,False,False,needs_adjustment_or_mapping_review,,False,PT-H4-000033,False,False,not_applicable_or_unmapped,,,,,False,checked_bounds_agree,205,324,10,134078
H4-L00595-06,INV-H4-000595,6,2025-06-07,standard - ONC bd OCC,6,per_day,52155,312930,595,False,False,False,False,Standard Oncology Ward Bed Occupancy,mapped_explicit_terms,Standard Oncology Ward Bed Occupancy,per_day,57950,False,checked,False,False,needs_adjustment_or_mapping_review,,False,PT-H4-000080,False,False,not_applicable_or_unmapped,,,,,False,checked_bounds_agree,274,389,10,52155
H4-L00597-02,INV-H4-000597,2,2025-06-05,OCC  - standard ORTHO cr /CW-6124,4,per_night,134078,536312,597,False,False,False,False,Standard Orthopaedic Critical Care Occupancy,mapped_explicit_terms,Standard Orthopaedic Critical Care Occupancy,per_night,148975,False,checked,False,False,needs_adjustment_or_mapping_review,,False,PT-H4-000152,False,False,not_applicable_or_unmapped,,,,,False,checked_bounds_agree,201,320,10,134078
H4-L00597-05,INV-H4-000597,5,2025-06-07,OCCUPANCY - std ORTHOPAEDIC crit CR /CW-7040,6,per_night,134078,804468,597,False,False,False,False,Standard Orthopaedic Critical Care Occupancy,mapped_explicit_terms,Standard Orthopaedic Critical Care Occupancy,per_night,148975,False,checked,False,False,needs_adjustment_or_mapping_review,,False,PT-H4-000152,False,False,not_applicable_or_unmapped,,,,,False,checked_bounds_agree,206,325,10,134078
H4-L00599-10,INV-H4-000599,10,2025-06-10,SUPP amb MSK vent /CW-8558,5,per_day,110005,550025,599,False,False,False,False,Ambulatory Musculoskeletal Ventilation Support,mapped_explicit_terms,Ambulatory Musculoskeletal Ventilation Support,per_day,157150,False,checked,False,False,needs_adjustment_or_mapping_review,,False,PT-H4-000130,False,False,not_applicable_or_unmapped,,,,,False,checked_bounds_agree,255,313,30,110005
H4-L00608-06,INV-H4-000608,6,2025-06-16,AMB  msk VENT supp,1,per_day,110005,110005,608,False,False,False,False,Ambulatory Musculoskeletal Ventilation Support,mapped_explicit_terms,Ambulatory Musculoskeletal Ventilation Support,per_day,157150,False,checked,False,False,needs_adjustment_or_mapping_review,,False,PT-H4-000146,False,False,not_applicable_or_unmapped,,,,,False,checked_bounds_agree,260,318,30,110005
H4-L00608-08,INV-H4-000608,8,2025-06-17,OCCUPANCY - std ORTHOPAEDIC crit CR /CW-7040,3,per_night,134078,402234,608,False,False,False,False,Standard Orthopaedic Critical Care Occupancy,mapped_explicit_terms,Standard Orthopaedic Critical Care Occupancy,per_night,148975,False,checked,False,False,needs_adjustment_or_mapping_review,,False,PT-H4-000146,False,False,not_applicable_or_unmapped,,,,,False,checked_bounds_agree,212,331,10,134078
H4-L00611-09,INV-H4-000611,9,2025-06-19,AMB  msk VENT supp,6,per_day,110005,660030,611,False,False,False,False,Ambulatory Musculoskeletal Ventilation Support,mapped_explicit_terms,Ambulatory Musculoskeletal Ventilation Support,per_day,157150,False,checked,False,False,needs_adjustment_or_mapping_review,,False,PT-H4-000043,False,False,not_applicable_or_unmapped,,,,,False,checked_bounds_agree,261,319,30,110005
H4-L00612-03,INV-H4-000612,3,2025-06-21,standard - ONC ward BD occ /CW-4538,3,per_day,52155,156465,612,False,False,False,False,Standard Oncology Ward Bed Occupancy,mapped_explicit_terms,Standard Oncology Ward Bed Occupancy,per_day,57950,False,checked,False,False,needs_adjustment_or_mapping_review,,False,PT-H4-000044,False,False,not_applicable_or_unmapped,,,,,False,checked_bounds_agree,280,395,10,52155
H4-L00613-09,INV-H4-000613,9,2025-06-22,OCCUPANCY - std ORTHOPAEDIC crit CR /CW-7040,3,per_night,134078,402234,613,False,False,False,False,Standard Orthopaedic Critical Care Occupancy,mapped_explicit_terms,Standard Orthopaedic Critical Care Occupancy,per_night,148975,False,checked,False,False,needs_adjustment_or_mapping_review,,False,PT-H4-000173,False,False,not_applicable_or_unmapped,,,,,False,checked_bounds_agree,215,334,10,134078
H4-L00615-08,INV-H4-000615,8,2025-06-22,OCCUPANCY - std ORTHOPAEDIC crit CR /CW-7040,3,per_night,134078,402234,615,False,False,False,False,Standard Orthopaedic Critical Care Occupancy,mapped_explicit_terms,Standard Orthopaedic Critical Care Occupancy,per_night,148975,False,checked,False,False,needs_adjustment_or_mapping_review,,False,PT-H4-000196,False,False,not_applicable_or_unmapped,,,,,False,checked_bounds_agree,218,337,10,134078
H4-L00621-05,INV-H4-000621,5,2025-06-29,CR std ORTHOPAEDIC crit,3,per_night,134078,402234,621,False,False,False,False,Standard Orthopaedic Critical Care Occupancy,mapped_explicit_terms,Standard Orthopaedic Critical Care Occupancy,per_night,148975,False,checked,False,False,needs_adjustment_or_mapping_review,,False,PT-H4-000082,False,False,not_applicable_or_unmapped,,,,,False,checked_bounds_agree,222,341,10,134078
H4-L00623-03,INV-H4-000623,3,2025-07-02,SUPP amb MSK vent /CW-8558,5,per_day,110005,550025,623,False,False,False,False,Ambulatory Musculoskeletal Ventilation Support,mapped_explicit_terms,Ambulatory Musculoskeletal Ventilation Support,per_day,157150,False,checked,False,False,needs_adjustment_or_mapping_review,,False,PT-H4-000167,False,False,not_applicable_or_unmapped,,,,,False,checked_bounds_agree,267,325,30,110005
H4-L00624-02,INV-H4-000624,2,2025-06-27,OCCUPANCY - std ORTHOPAEDIC crit CR /CW-7040,1,per_night,134078,134078,624,False,False,False,False,Standard Orthopaedic Critical Care Occupancy,mapped_explicit_terms,Standard Orthopaedic Critical Care Occupancy,per_night,148975,False,checked,False,False,needs_adjustment_or_mapping_review,,False,PT-H4-000114,False,False,not_applicable_or_unmapped,,,,,False,checked_bounds_agree,221,340,10,134078
H4-L00628-01,INV-H4-000628,1,2025-06-29,standard - ONC bd OCC,6,per_day,52155,312930,628,False,False,False,False,Standard Oncology Ward Bed Occupancy,mapped_explicit_terms,Standard Oncology Ward Bed Occupancy,per_day,57950,False,checked,False,False,needs_adjustment_or_mapping_review,,False,PT-H4-000150,False,False,not_applicable_or_unmapped,,,,,False,checked_bounds_agree,283,398,10,52155
H4-L00633-06,INV-H4-000633,6,2025-07-02,std - ONC wd BED occ /CW-1173,3,per_day,52155,156465,633,False,False,False,False,Standard Oncology Ward Bed Occupancy,mapped_explicit_terms,Standard Oncology Ward Bed Occupancy,per_day,57950,False,checked,False,False,needs_adjustment_or_mapping_review,,False,PT-H4-000038,False,False,not_applicable_or_unmapped,,,,,False,checked_bounds_agree,289,404,10,52155
H4-L00638-01,INV-H4-000638,1,2025-07-04,STD - orthopaedic CRIT care OCC /CW-2102,1,per_night,134078,134078,638,False,False,False,False,Standard Orthopaedic Critical Care Occupancy,mapped_explicit_terms,Standard Orthopaedic Critical Care Occupancy,per_night,148975,False,checked,False,False,needs_adjustment_or_mapping_review,,False,PT-H4-000078,False,False,not_applicable_or_unmapped,,,,,False,checked_bounds_agree,225,344,10,134078
H4-L00638-14,INV-H4-000638,14,2025-07-04,std - ONC wd BED occ /CW-1173,3,per_day,52155,156465,638,False,False,False,False,Standard Oncology Ward Bed Occupancy,mapped_explicit_terms,Standard Oncology Ward Bed Occupancy,per_day,57950,False,checked,False,False,needs_adjustment_or_mapping_review,,False,PT-H4-000078,False,False,not_applicable_or_unmapped,,,,,False,checked_bounds_agree,292,407,10,52155
H4-L00639-04,INV-H4-000639,4,2025-07-07,STD - orthopaedic CRIT care OCC /CW-2102,4,per_night,134078,536312,639,False,False,False,False,Standard Orthopaedic Critical Care Occupancy,mapped_explicit_terms,Standard Orthopaedic Critical Care Occupancy,per_night,148975,False,checked,False,False,needs_adjustment_or_mapping_review,,False,PT-H4-000111,False,False,not_applicable_or_unmapped,,,,,False,checked_bounds_agree,233,352,10,134078
H4-L00640-18,INV-H4-000640,18,2025-07-04,std - ONC wd BED occ /CW-1173,6,per_day,52155,312930,640,False,False,False,False,Standard Oncology Ward Bed Occupancy,mapped_explicit_terms,Standard Oncology Ward Bed Occupancy,per_day,57950,False,checked,False,False,needs_adjustment_or_mapping_review,,False,PT-H4-000156,False,False,not_applicable_or_unmapped,,,,,False,checked_bounds_agree,295,410,10,52155
H4-L00641-08,INV-H4-000641,8,2025-07-05,OCC  - standard ORTHO cr /CW-6124,1,per_night,134078,134078,641,False,False,False,False,Standard Orthopaedic Critical Care Occupancy,mapped_explicit_terms,Standard Orthopaedic Critical Care Occupancy,per_night,148975,False,checked,False,False,needs_adjustment_or_mapping_review,,False,PT-H4-000147,False,False,not_applicable_or_unmapped,,,,,False,checked_bounds_agree,226,345,10,134078
H4-L00644-04,INV-H4-000644,4,2025-07-06,OCCUPANCY - std ORTHOPAEDIC crit CR /CW-7040,6,per_night,134078,804468,644,False,False,False,False,Standard Orthopaedic Critical Care Occupancy,mapped_explicit_terms,Standard Orthopaedic Critical Care Occupancy,per_night,148975,False,checked,False,False,needs_adjustment_or_mapping_review,,False,PT-H4-000116,False,False,not_applicable_or_unmapped,,,,,False,checked_bounds_agree,227,346,10,134078
H4-L00647-06,INV-H4-000647,6,2025-07-09,AMB musculoskeletal VENT supp /CW-8775,1,per_day,110005,110005,647,False,False,False,False,Ambulatory Musculoskeletal Ventilation Support,mapped_explicit_terms,Ambulatory Musculoskeletal Ventilation Support,per_day,157150,False,checked,False,False,needs_adjustment_or_mapping_review,,False,PT-H4-000035,False,False,not_applicable_or_unmapped,,,,,False,checked_bounds_agree,272,330,30,110005
H4-L00648-01,INV-H4-000648,1,2025-07-07,CR std ORTHOPAEDIC crit,6,per_night,148975,893850,648,False,False,False,False,Standard Orthopaedic Critical Care Occupancy,mapped_explicit_terms,Standard Orthopaedic Critical Care Occupancy,per_night,148975,False,checked,False,False,needs_adjustment_or_mapping_review,,False,PT-H4-000038,False,False,not_applicable_or_unmapped,,,,,True,checked_bounds_agree,237,356,10,134078
H4-L00652-02,INV-H4-000652,2,2025-07-13,SUPPORT - amb MSK vent,2,per_day,110005,220010,652,False,False,False,False,Ambulatory Musculoskeletal Ventilation Support,mapped_explicit_terms,Ambulatory Musculoskeletal Ventilation Support,per_day,157150,False,checked,False,False,needs_adjustment_or_mapping_review,,False,PT-H4-000049,False,False,not_applicable_or_unmapped,,,,,False,checked_bounds_agree,273,331,30,110005
H4-L00657-11,INV-H4-000657,11,2025-07-23,CR std ORTHOPAEDIC crit,2,per_night,134078,268156,657,False,False,False,False,Standard Orthopaedic Critical Care Occupancy,mapped_explicit_terms,Standard Orthopaedic Critical Care Occupancy,per_night,148975,False,checked,False,False,needs_adjustment_or_mapping_review,,False,PT-H4-000061,False,False,not_applicable_or_unmapped,,,,,False,checked_bounds_agree,248,367,10,134078
H4-L00659-10,INV-H4-000659,10,2025-07-20,SUPPORT - amb MSK vent,4,per_day,110005,440020,659,False,False,False,False,Ambulatory Musculoskeletal Ventilation Support,mapped_explicit_terms,Ambulatory Musculoskeletal Ventilation Support,per_day,157150,False,checked,False,False,needs_adjustment_or_mapping_review,,False,PT-H4-000088,False,False,not_applicable_or_unmapped,,,,,False,checked_bounds_agree,275,333,30,110005
H4-L00660-06,INV-H4-000660,6,2025-07-25,standard - ONC bd OCC,3,per_day,52155,156465,660,False,False,False,False,Standard Oncology Ward Bed Occupancy,mapped_explicit_terms,Standard Oncology Ward Bed Occupancy,per_day,57950,False,checked,False,False,needs_adjustment_or_mapping_review,,False,PT-H4-000133,False,False,not_applicable_or_unmapped,,,,,False,checked_bounds_agree,309,424,10,52155
H4-L00661-12,INV-H4-000661,12,2025-07-24,ONC wd BD occ STD,2,per_day,52155,104310,661,False,False,False,False,Standard Oncology Ward Bed Occupancy,mapped_explicit_terms,Standard Oncology Ward Bed Occupancy,per_day,57950,False,checked,False,False,needs_adjustment_or_mapping_review,,False,PT-H4-000048,False,False,not_applicable_or_unmapped,,,,,False,checked_bounds_agree,307,422,10,52155
H4-L00661-17,INV-H4-000661,17,2025-07-26,SUPP amb MSK vent /CW-8558,6,per_day,110005,660030,661,False,False,False,False,Ambulatory Musculoskeletal Ventilation Support,mapped_explicit_terms,Ambulatory Musculoskeletal Ventilation Support,per_day,157150,False,checked,False,False,needs_adjustment_or_mapping_review,,False,PT-H4-000048,False,False,not_applicable_or_unmapped,,,,,False,checked_bounds_agree,279,337,30,110005
H4-L00662-10,INV-H4-000662,10,2025-07-23,STD - orthopaedic CRIT cr OCC /CW-7769,4,per_night,134078,536312,662,False,False,False,False,Standard Orthopaedic Critical Care Occupancy,mapped_explicit_terms,Standard Orthopaedic Critical Care Occupancy,per_night,148975,False,checked,False,False,needs_adjustment_or_mapping_review,,False,PT-H4-000200,False,False,not_applicable_or_unmapped,,,,,False,checked_bounds_agree,250,369,10,134078
H4-L00664-12,INV-H4-000664,12,2025-07-23,standard - ONC ward BD occ /CW-4538,4,per_day,52155,208620,664,False,False,False,False,Standard Oncology Ward Bed Occupancy,mapped_explicit_terms,Standard Oncology Ward Bed Occupancy,per_day,57950,False,checked,False,False,needs_adjustment_or_mapping_review,,False,PT-H4-000108,False,False,not_applicable_or_unmapped,,,,,False,checked_bounds_agree,303,418,10,52155
H4-L00664-18,INV-H4-000664,18,2025-07-22,standard - ONC bd OCC,2,per_day,52155,104310,664,False,False,False,False,Standard Oncology Ward Bed Occupancy,mapped_explicit_terms,Standard Oncology Ward Bed Occupancy,per_day,57950,False,checked,False,False,needs_adjustment_or_mapping_review,,False,PT-H4-000108,False,False,not_applicable_or_unmapped,,,,,False,checked_bounds_agree,301,416,10,52155
H4-L00666-10,INV-H4-000666,10,2025-07-22,OCC  - standard ORTHO cr /CW-6124,5,per_night,134078,670390,666,False,False,False,False,Standard Orthopaedic Critical Care Occupancy,mapped_explicit_terms,Standard Orthopaedic Critical Care Occupancy,per_night,148975,False,checked,False,False,needs_adjustment_or_mapping_review,,False,PT-H4-000187,False,False,not_applicable_or_unmapped,,,,,False,checked_bounds_agree,243,362,10,134078
H4-L00666-11,INV-H4-000666,11,2025-07-26,AMB  msk VENT supp,2,per_day,110005,220010,666,False,False,False,False,Ambulatory Musculoskeletal Ventilation Support,mapped_explicit_terms,Ambulatory Musculoskeletal Ventilation Support,per_day,157150,False,checked,False,False,needs_adjustment_or_mapping_review,,False,PT-H4-000187,False,False,not_applicable_or_unmapped,,,,,False,checked_bounds_agree,285,343,30,110005
H4-L00668-05,INV-H4-000668,5,2025-07-28,SUPP - amb MSK vent /CW-6725,1,per_day,110005,110005,668,False,False,False,False,Ambulatory Musculoskeletal Ventilation Support,mapped_explicit_terms,Ambulatory Musculoskeletal Ventilation Support,per_day,157150,False,checked,False,False,needs_adjustment_or_mapping_review,,False,PT-H4-000112,False,False,not_applicable_or_unmapped,,,,,False,checked_bounds_agree,287,345,30,110005
H4-L00671-01,INV-H4-000671,1,2025-07-31,STD - orthopaedic CRIT care OCC /CW-2102,6,per_night,134078,804468,671,False,False,False,False,Standard Orthopaedic Critical Care Occupancy,mapped_explicit_terms,Standard Orthopaedic Critical Care Occupancy,per_night,148975,False,checked,False,False,needs_adjustment_or_mapping_review,,False,PT-H4-000037,False,False,not_applicable_or_unmapped,,,,,False,checked_bounds_agree,254,373,10,134078
H4-L00674-06,INV-H4-000674,6,2025-07-31,AMB  msk VENT supp,1,per_day,110005,110005,674,False,False,False,False,Ambulatory Musculoskeletal Ventilation Support,mapped_explicit_terms,Ambulatory Musculoskeletal Ventilation Support,per_day,157150,False,checked,False,False,needs_adjustment_or_mapping_review,,False,PT-H4-000191,False,False,not_applicable_or_unmapped,,,,,False,checked_bounds_agree,288,346,30,110005
H4-L00679-05,INV-H4-000679,5,2025-08-02,SUPP - amb MSK vent /CW-6725,1,per_day,110005,110005,679,False,False,False,False,Ambulatory Musculoskeletal Ventilation Support,mapped_explicit_terms,Ambulatory Musculoskeletal Ventilation Support,per_day,157150,False,checked,False,False,needs_adjustment_or_mapping_review,,False,PT-H4-000083,False,False,not_applicable_or_unmapped,,,,,False,checked_bounds_agree,289,347,30,110005
H4-L00684-11,INV-H4-000684,11,2025-08-12,standard - ONC ward BD occ /CW-4538,6,per_day,52155,312930,684,False,False,False,False,Standard Oncology Ward Bed Occupancy,mapped_explicit_terms,Standard Oncology Ward Bed Occupancy,per_day,57950,False,checked,False,False,needs_adjustment_or_mapping_review,,False,PT-H4-000041,False,False,not_applicable_or_unmapped,,,,,False,checked_bounds_agree,312,427,10,52155
H4-L00690-07,INV-H4-000690,7,2025-08-18,std - ONC wd BED occ /CW-1173,4,per_day,52155,208620,690,False,False,False,False,Standard Oncology Ward Bed Occupancy,mapped_explicit_terms,Standard Oncology Ward Bed Occupancy,per_day,57950,False,checked,False,False,needs_adjustment_or_mapping_review,,False,PT-H4-000003,False,False,not_applicable_or_unmapped,,,,,False,checked_bounds_agree,318,433,10,52155
H4-L00691-03,INV-H4-000691,3,2025-08-20,SUPP amb MSK vent /CW-8558,3,per_day,110005,330015,691,False,False,False,False,Ambulatory Musculoskeletal Ventilation Support,mapped_explicit_terms,Ambulatory Musculoskeletal Ventilation Support,per_day,157150,False,checked,False,False,needs_adjustment_or_mapping_review,,False,PT-H4-000155,False,False,not_applicable_or_unmapped,,,,,False,checked_bounds_agree,290,348,30,110005
H4-L00691-05,INV-H4-000691,5,2025-08-19,standard - ONC ward BD occ /CW-4538,5,per_day,52155,260775,691,False,False,False,False,Standard Oncology Ward Bed Occupancy,mapped_explicit_terms,Standard Oncology Ward Bed Occupancy,per_day,57950,False,checked,False,False,needs_adjustment_or_mapping_review,,False,PT-H4-000155,False,False,not_applicable_or_unmapped,,,,,False,checked_bounds_agree,322,437,10,52155
H4-L00692-04,INV-H4-000692,4,2025-08-19,CR std ORTHOPAEDIC crit,2,per_night,134078,268156,692,False,False,False,False,Standard Orthopaedic Critical Care Occupancy,mapped_explicit_terms,Standard Orthopaedic Critical Care Occupancy,per_night,148975,False,checked,False,False,needs_adjustment_or_mapping_review,,False,PT-H4-000161,False,False,not_applicable_or_unmapped,,,,,False,checked_bounds_agree,260,379,10,134078
H4-L00698-14,INV-H4-000698,14,2025-08-27,standard - ONC bd OCC,5,per_day,52155,260775,698,False,False,False,False,Standard Oncology Ward Bed Occupancy,mapped_explicit_terms,Standard Oncology Ward Bed Occupancy,per_day,57950,False,checked,False,False,needs_adjustment_or_mapping_review,,False,PT-H4-000197,False,False,not_applicable_or_unmapped,,,,,False,checked_bounds_agree,327,442,10,52155
H4-L00699-13,INV-H4-000699,13,2025-08-26,SUPP - amb MSK vent /CW-6725,3,per_day,110005,330015,699,False,False,False,False,Ambulatory Musculoskeletal Ventilation Support,mapped_explicit_terms,Ambulatory Musculoskeletal Ventilation Support,per_day,157150,False,checked,False,False,needs_adjustment_or_mapping_review,,False,PT-H4-000041,False,False,not_applicable_or_unmapped,,,,,False,checked_bounds_agree,293,351,30,110005
H4-L00714-06,INV-H4-000714,6,2025-09-08,standard - ONC bd OCC,1,per_day,52155,52155,714,False,False,False,False,Standard Oncology Ward Bed Occupancy,mapped_explicit_terms,Standard Oncology Ward Bed Occupancy,per_day,57950,False,checked,False,False,needs_adjustment_or_mapping_review,,False,PT-H4-000083,False,False,not_applicable_or_unmapped,,,,,False,checked_bounds_agree,332,447,10,52155
H4-L00715-03,INV-H4-000715,3,2025-09-10,SUPPORT - amb MSK vent,2,per_day,110005,220010,715,False,False,False,False,Ambulatory Musculoskeletal Ventilation Support,mapped_explicit_terms,Ambulatory Musculoskeletal Ventilation Support,per_day,157150,False,checked,False,False,needs_adjustment_or_mapping_review,,False,PT-H4-000098,False,False,not_applicable_or_unmapped,,,,,False,checked_bounds_agree,296,354,30,110005
H4-L00716-08,INV-H4-000716,8,2025-09-13,standard - ONC bd OCC,1,per_day,52155,52155,716,False,False,False,False,Standard Oncology Ward Bed Occupancy,mapped_explicit_terms,Standard Oncology Ward Bed Occupancy,per_day,57950,False,checked,False,False,needs_adjustment_or_mapping_review,,False,PT-H4-000082,False,False,not_applicable_or_unmapped,,,,,False,checked_bounds_agree,333,448,10,52155
H4-L00725-04,INV-H4-000725,4,2025-09-20,std - ONC wd BED occ /CW-1173,5,per_day,52155,260775,725,False,False,False,False,Standard Oncology Ward Bed Occupancy,mapped_explicit_terms,Standard Oncology Ward Bed Occupancy,per_day,57950,False,checked,False,False,needs_adjustment_or_mapping_review,,False,PT-H4-000103,False,False,not_applicable_or_unmapped,,,,,False,checked_bounds_agree,334,449,10,52155
H4-L00731-04,INV-H4-000731,4,2025-09-25,std - ONC wd BED occ /CW-1173,5,per_day,52155,260775,731,False,False,False,False,Standard Oncology Ward Bed Occupancy,mapped_explicit_terms,Standard Oncology Ward Bed Occupancy,per_day,57950,False,checked,False,False,needs_adjustment_or_mapping_review,,False,PT-H4-000149,False,False,not_applicable_or_unmapped,,,,,False,checked_bounds_agree,339,454,10,52155
H4-L00734-07,INV-H4-000734,7,2025-09-27,STD - orthopaedic CRIT care OCC /CW-2102,3,per_night,134078,402234,734,False,False,False,False,Standard Orthopaedic Critical Care Occupancy,mapped_explicit_terms,Standard Orthopaedic Critical Care Occupancy,per_night,148975,False,checked,False,False,needs_adjustment_or_mapping_review,,False,PT-H4-000084,False,False,not_applicable_or_unmapped,,,,,False,checked_bounds_agree,262,381,10,134078
H4-L00737-05,INV-H4-000737,5,2025-09-27,AMB musculoskeletal VENT supp /CW-8775,5,per_day,110005,550025,737,False,False,False,False,Ambulatory Musculoskeletal Ventilation Support,mapped_explicit_terms,Ambulatory Musculoskeletal Ventilation Support,per_day,157150,False,checked,False,False,needs_adjustment_or_mapping_review,,False,PT-H4-000122,False,False,not_applicable_or_unmapped,,,,,False,checked_bounds_agree,298,356,30,110005
H4-L00738-13,INV-H4-000738,13,2025-09-29,standard - ONC ward BD occ /CW-4538,4,per_day,52155,208620,738,False,False,False,False,Standard Oncology Ward Bed Occupancy,mapped_explicit_terms,Standard Oncology Ward Bed Occupancy,per_day,57950,False,checked,False,False,needs_adjustment_or_mapping_review,,False,PT-H4-000140,False,False,not_applicable_or_unmapped,,,,,False,checked_bounds_agree,344,459,10,52155
H4-L00739-14,INV-H4-000739,14,2025-10-01,standard - ONC ward BD occ /CW-4538,4,per_day,52155,208620,739,False,False,False,False,Standard Oncology Ward Bed Occupancy,mapped_explicit_terms,Standard Oncology Ward Bed Occupancy,per_day,57950,False,checked,False,False,needs_adjustment_or_mapping_review,,False,PT-H4-000089,False,False,not_applicable_or_unmapped,,,,,False,checked_bounds_agree,348,463,10,52155
H4-L00742-13,INV-H4-000742,13,2025-10-06,SUPP - amb MSK vent /CW-6725,4,per_day,110005,440020,742,False,False,False,False,Ambulatory Musculoskeletal Ventilation Support,mapped_explicit_terms,Ambulatory Musculoskeletal Ventilation Support,per_day,157150,False,checked,False,False,needs_adjustment_or_mapping_review,,False,PT-H4-000203,False,False,not_applicable_or_unmapped,,,,,False,checked_bounds_agree,303,361,30,110005
H4-L00745-06,INV-H4-000745,6,2025-10-11,std - ONC wd BED occ /CW-1173,3,per_day,52155,156465,745,False,False,False,False,Standard Oncology Ward Bed Occupancy,mapped_explicit_terms,Standard Oncology Ward Bed Occupancy,per_day,57950,False,checked,False,False,needs_adjustment_or_mapping_review,,False,PT-H4-000185,False,False,not_applicable_or_unmapped,,,,,False,checked_bounds_agree,352,467,10,52155
H4-L00746-12,INV-H4-000746,12,2025-10-10,STD - orthopaedic CRIT cr OCC /CW-7769,3,per_night,134078,402234,746,False,False,False,False,Standard Orthopaedic Critical Care Occupancy,mapped_explicit_terms,Standard Orthopaedic Critical Care Occupancy,per_night,148975,False,checked,False,False,needs_adjustment_or_mapping_review,,False,PT-H4-000171,False,False,not_applicable_or_unmapped,,,,,False,checked_bounds_agree,265,384,10,134078
H4-L00751-08,INV-H4-000751,8,2025-10-17,STD - orthopaedic CRIT cr OCC /CW-7769,2,per_night,134078,268156,751,False,False,False,False,Standard Orthopaedic Critical Care Occupancy,mapped_explicit_terms,Standard Orthopaedic Critical Care Occupancy,per_night,148975,False,checked,False,False,needs_adjustment_or_mapping_review,,False,PT-H4-000105,False,False,not_applicable_or_unmapped,,,,,False,checked_bounds_agree,268,387,10,134078
H4-L00752-04,INV-H4-000752,4,2025-10-16,SUPP amb MSK vent /CW-8558,1,per_day,110005,110005,752,False,False,False,False,Ambulatory Musculoskeletal Ventilation Support,mapped_explicit_terms,Ambulatory Musculoskeletal Ventilation Support,per_day,157150,False,checked,False,False,needs_adjustment_or_mapping_review,,False,PT-H4-000154,False,False,not_applicable_or_unmapped,,,,,False,checked_bounds_agree,307,365,30,110005
H4-L00755-02,INV-H4-000755,2,2025-10-20,SUPP - amb MSK vent /CW-6725,6,per_day,110005,660030,755,False,False,False,False,Ambulatory Musculoskeletal Ventilation Support,mapped_explicit_terms,Ambulatory Musculoskeletal Ventilation Support,per_day,157150,False,checked,False,False,needs_adjustment_or_mapping_review,,False,PT-H4-000043,False,False,not_applicable_or_unmapped,,,,,False,checked_bounds_agree,308,366,30,110005
H4-L00755-10,INV-H4-000755,10,2025-10-20,OCC  - standard ORTHO cr /CW-6124,3,per_night,134078,402234,755,False,False,False,False,Standard Orthopaedic Critical Care Occupancy,mapped_explicit_terms,Standard Orthopaedic Critical Care Occupancy,per_night,148975,False,checked,False,False,needs_adjustment_or_mapping_review,,False,PT-H4-000043,False,False,not_applicable_or_unmapped,,,,,False,checked_bounds_agree,270,389,10,134078
H4-L00756-01,INV-H4-000756,1,2025-10-17,std - ONC wd BED occ /CW-1173,3,per_day,52155,156465,756,False,False,False,False,Standard Oncology Ward Bed Occupancy,mapped_explicit_terms,Standard Oncology Ward Bed Occupancy,per_day,57950,False,checked,False,False,needs_adjustment_or_mapping_review,,False,PT-H4-000165,False,False,not_applicable_or_unmapped,,,,,False,checked_bounds_agree,355,470,10,52155
H4-L00758-18,INV-H4-000758,18,2025-10-18,std - ONC wd BED occ /CW-1173,6,per_day,52155,312930,758,False,False,False,False,Standard Oncology Ward Bed Occupancy,mapped_explicit_terms,Standard Oncology Ward Bed Occupancy,per_day,57950,False,checked,False,False,needs_adjustment_or_mapping_review,,False,PT-H4-000113,False,False,not_applicable_or_unmapped,,,,,False,checked_bounds_agree,358,473,10,52155
H4-L00763-11,INV-H4-000763,11,2025-10-22,OCC  - standard ORTHO cr /CW-6124,3,per_night,134078,402234,763,False,False,False,False,Standard Orthopaedic Critical Care Occupancy,mapped_explicit_terms,Standard Orthopaedic Critical Care Occupancy,per_night,148975,False,checked,False,False,needs_adjustment_or_mapping_review,,False,PT-H4-000110,False,False,not_applicable_or_unmapped,,,,,False,checked_bounds_agree,273,392,10,134078
H4-L00764-07,INV-H4-000764,7,2025-10-22,AMB musculoskeletal VENT supp /CW-8775,6,per_day,110005,660030,764,False,False,False,False,Ambulatory Musculoskeletal Ventilation Support,mapped_explicit_terms,Ambulatory Musculoskeletal Ventilation Support,per_day,157150,False,checked,False,False,needs_adjustment_or_mapping_review,,False,PT-H4-000118,False,False,not_applicable_or_unmapped,,,,,False,checked_bounds_agree,314,372,30,110005
H4-L00765-05,INV-H4-000765,5,2025-10-22,CR std ORTHOPAEDIC crit,3,per_night,134078,402234,765,False,False,False,False,Standard Orthopaedic Critical Care Occupancy,mapped_explicit_terms,Standard Orthopaedic Critical Care Occupancy,per_night,148975,False,checked,False,False,needs_adjustment_or_mapping_review,,False,PT-H4-000135,False,False,not_applicable_or_unmapped,,,,,False,checked_bounds_agree,276,395,10,134078
H4-L00765-07,INV-H4-000765,7,2025-10-24,OCC  - standard ORTHO cr /CW-6124,6,per_night,134078,804468,765,False,False,False,False,Standard Orthopaedic Critical Care Occupancy,mapped_explicit_terms,Standard Orthopaedic Critical Care Occupancy,per_night,148975,False,checked,False,False,needs_adjustment_or_mapping_review,,False,PT-H4-000135,False,False,not_applicable_or_unmapped,,,,,False,checked_bounds_agree,279,398,10,134078
H4-L00770-01,INV-H4-000770,1,2025-10-26,AMB musculoskeletal VENT supp /CW-8775,3,per_day,110005,330015,770,False,False,False,False,Ambulatory Musculoskeletal Ventilation Support,mapped_explicit_terms,Ambulatory Musculoskeletal Ventilation Support,per_day,157150,False,checked,False,False,needs_adjustment_or_mapping_review,,False,PT-H4-000098,False,False,not_applicable_or_unmapped,,,,,False,checked_bounds_agree,320,378,30,110005
H4-L00770-10,INV-H4-000770,10,2025-10-26,standard - ONC ward BD occ /CW-4538,5,per_day,52155,260775,770,False,False,False,False,Standard Oncology Ward Bed Occupancy,mapped_explicit_terms,Standard Oncology Ward Bed Occupancy,per_day,57950,False,checked,False,False,needs_adjustment_or_mapping_review,,False,PT-H4-000098,False,False,not_applicable_or_unmapped,,,,,False,checked_bounds_agree,364,479,10,52155
H4-L00772-07,INV-H4-000772,7,2025-10-29,std - ONC wd BED occ /CW-1173,2,per_day,52155,104310,772,False,False,False,False,Standard Oncology Ward Bed Occupancy,mapped_explicit_terms,Standard Oncology Ward Bed Occupancy,per_day,57950,False,checked,False,False,needs_adjustment_or_mapping_review,,False,PT-H4-000184,False,False,not_applicable_or_unmapped,,,,,False,checked_bounds_agree,369,484,10,52155
H4-L00777-12,INV-H4-000777,12,2025-11-04,OCCUPANCY - std ORTHOPAEDIC crit CR /CW-7040,2,per_night,148975,297950,777,False,False,False,False,Standard Orthopaedic Critical Care Occupancy,mapped_explicit_terms,Standard Orthopaedic Critical Care Occupancy,per_night,148975,False,checked,False,False,needs_adjustment_or_mapping_review,,False,PT-H4-000195,False,False,not_applicable_or_unmapped,,,,,True,checked_bounds_agree,285,404,10,134078
H4-L00779-01,INV-H4-000779,1,2025-11-06,STD - orthopaedic CRIT cr OCC /CW-7769,4,per_night,134078,536312,779,False,False,False,False,Standard Orthopaedic Critical Care Occupancy,mapped_explicit_terms,Standard Orthopaedic Critical Care Occupancy,per_night,148975,False,checked,False,False,needs_adjustment_or_mapping_review,,False,PT-H4-000174,False,False,not_applicable_or_unmapped,,,,,False,checked_bounds_agree,287,406,10,134078
H4-L00784-11,INV-H4-000784,11,2025-11-12,SUPP amb MSK vent /CW-8558,6,per_day,110005,660030,784,False,False,False,False,Ambulatory Musculoskeletal Ventilation Support,mapped_explicit_terms,Ambulatory Musculoskeletal Ventilation Support,per_day,157150,False,checked,False,False,needs_adjustment_or_mapping_review,,False,PT-H4-000153,False,False,not_applicable_or_unmapped,,,,,False,checked_bounds_agree,323,381,30,110005
H4-L00785-13,INV-H4-000785,13,2025-11-13,std - ONC wd BED occ /CW-1173,5,per_day,52155,260775,785,False,False,False,False,Standard Oncology Ward Bed Occupancy,mapped_explicit_terms,Standard Oncology Ward Bed Occupancy,per_day,57950,False,checked,False,False,needs_adjustment_or_mapping_review,,False,PT-H4-000011,False,False,not_applicable_or_unmapped,,,,,False,checked_bounds_agree,371,486,10,52155
H4-L00794-01,INV-H4-000794,1,2025-11-18,SUPPORT - amb MSK vent,3,per_day,110005,330015,794,False,False,False,False,Ambulatory Musculoskeletal Ventilation Support,mapped_explicit_terms,Ambulatory Musculoskeletal Ventilation Support,per_day,157150,False,checked,False,False,needs_adjustment_or_mapping_review,,False,PT-H4-000101,False,False,not_applicable_or_unmapped,,,,,False,checked_bounds_agree,329,387,30,110005
H4-L00798-16,INV-H4-000798,16,2025-11-24,standard - ONC bd OCC,6,per_day,52155,312930,798,False,False,False,False,Standard Oncology Ward Bed Occupancy,mapped_explicit_terms,Standard Oncology Ward Bed Occupancy,per_day,57950,False,checked,False,False,needs_adjustment_or_mapping_review,,False,PT-H4-000135,False,False,not_applicable_or_unmapped,,,,,False,checked_bounds_agree,376,491,10,52155
H4-L00801-05,INV-H4-000801,5,2025-11-25,STD - orthopaedic CRIT care OCC /CW-2102,2,per_night,134078,268156,801,False,False,False,False,Standard Orthopaedic Critical Care Occupancy,mapped_explicit_terms,Standard Orthopaedic Critical Care Occupancy,per_night,148975,False,checked,False,False,needs_adjustment_or_mapping_review,,False,PT-H4-000168,False,False,not_applicable_or_unmapped,,,,,False,checked_bounds_agree,291,410,10,134078
H4-L00808-04,INV-H4-000808,4,2025-11-28,SUPPORT - amb MSK vent,4,per_day,110005,440020,808,False,False,False,False,Ambulatory Musculoskeletal Ventilation Support,mapped_explicit_terms,Ambulatory Musculoskeletal Ventilation Support,per_day,157150,False,checked,False,False,needs_adjustment_or_mapping_review,,False,PT-H4-000046,False,False,not_applicable_or_unmapped,,,,,False,checked_bounds_agree,332,390,30,110005
H4-L00808-12,INV-H4-000808,12,2025-11-28,OCC  - standard ORTHO cr /CW-6124,6,per_night,134078,804468,808,False,False,False,False,Standard Orthopaedic Critical Care Occupancy,mapped_explicit_terms,Standard Orthopaedic Critical Care Occupancy,per_night,148975,False,checked,False,False,needs_adjustment_or_mapping_review,,False,PT-H4-000046,False,False,not_applicable_or_unmapped,,,,,False,checked_bounds_agree,293,412,10,134078
H4-L00809-05,INV-H4-000809,5,2025-11-28,OCCUPANCY - std ORTHOPAEDIC crit CR /CW-7040,3,per_night,134078,402234,809,False,False,False,False,Standard Orthopaedic Critical Care Occupancy,mapped_explicit_terms,Standard Orthopaedic Critical Care Occupancy,per_night,148975,False,checked,False,False,needs_adjustment_or_mapping_review,,False,PT-H4-000159,False,False,not_applicable_or_unmapped,,,,,False,checked_bounds_agree,299,418,10,134078
H4-L00813-10,INV-H4-000813,10,2025-12-02,STD - orthopaedic CRIT cr OCC /CW-7769,5,per_night,134078,670390,813,False,False,False,False,Standard Orthopaedic Critical Care Occupancy,mapped_explicit_terms,Standard Orthopaedic Critical Care Occupancy,per_night,148975,False,checked,False,False,needs_adjustment_or_mapping_review,,False,PT-H4-000185,False,False,not_applicable_or_unmapped,,,,,False,checked_bounds_agree,302,421,10,134078
H4-L00815-16,INV-H4-000815,16,2025-12-06,AMB  msk VENT supp,4,per_day,110005,440020,815,False,False,False,False,Ambulatory Musculoskeletal Ventilation Support,mapped_explicit_terms,Ambulatory Musculoskeletal Ventilation Support,per_day,157150,False,checked,False,False,needs_adjustment_or_mapping_review,,False,PT-H4-000183,False,False,not_applicable_or_unmapped,,,,,False,checked_bounds_agree,336,394,30,110005
H4-L00817-01,INV-H4-000817,1,2025-12-08,SUPP amb MSK vent /CW-8558,4,per_day,110005,440020,817,False,False,False,False,Ambulatory Musculoskeletal Ventilation Support,mapped_explicit_terms,Ambulatory Musculoskeletal Ventilation Support,per_day,157150,False,checked,False,False,needs_adjustment_or_mapping_review,,False,PT-H4-000050,False,False,not_applicable_or_unmapped,,,,,False,checked_bounds_agree,340,398,30,110005
H4-L00819-12,INV-H4-000819,12,2025-12-11,SUPP amb MSK vent /CW-8558,6,per_day,110005,660030,819,False,False,False,False,Ambulatory Musculoskeletal Ventilation Support,mapped_explicit_terms,Ambulatory Musculoskeletal Ventilation Support,per_day,157150,False,checked,False,False,needs_adjustment_or_mapping_review,,False,PT-H4-000072,False,False,not_applicable_or_unmapped,,,,,False,checked_bounds_agree,344,402,30,110005
H4-L00820-04,INV-H4-000820,4,2025-12-13,ONC wd BD occ STD,5,per_day,52155,260775,820,False,False,False,False,Standard Oncology Ward Bed Occupancy,mapped_explicit_terms,Standard Oncology Ward Bed Occupancy,per_day,57950,False,checked,False,False,needs_adjustment_or_mapping_review,,False,PT-H4-000010,False,False,not_applicable_or_unmapped,,,,,False,checked_bounds_agree,385,500,10,52155
H4-L00820-09,INV-H4-000820,9,2025-12-12,SUPP - amb MSK vent /CW-6725,2,per_day,110005,220010,820,False,False,False,False,Ambulatory Musculoskeletal Ventilation Support,mapped_explicit_terms,Ambulatory Musculoskeletal Ventilation Support,per_day,157150,False,checked,False,False,needs_adjustment_or_mapping_review,,False,PT-H4-000010,False,False,not_applicable_or_unmapped,,,,,False,checked_bounds_agree,350,408,30,110005
H4-L00822-03,INV-H4-000822,3,2025-12-11,std - ONC wd BED occ /CW-1173,3,per_day,52155,156465,822,False,False,False,False,Standard Oncology Ward Bed Occupancy,mapped_explicit_terms,Standard Oncology Ward Bed Occupancy,per_day,57950,False,checked,False,False,needs_adjustment_or_mapping_review,,False,PT-H4-000008,False,False,not_applicable_or_unmapped,,,,,False,checked_bounds_agree,382,497,10,52155
H4-L00831-05,INV-H4-000831,5,2025-12-22,AMB  msk VENT supp,4,per_day,110005,440020,831,False,False,False,False,Ambulatory Musculoskeletal Ventilation Support,mapped_explicit_terms,Ambulatory Musculoskeletal Ventilation Support,per_day,157150,False,checked,False,False,needs_adjustment_or_mapping_review,,False,PT-H4-000052,False,False,not_applicable_or_unmapped,,,,,False,checked_bounds_agree,352,410,30,110005
H4-L00836-11,INV-H4-000836,11,2025-12-25,ONC wd BD occ STD,1,per_day,52155,52155,836,False,False,False,False,Standard Oncology Ward Bed Occupancy,mapped_explicit_terms,Standard Oncology Ward Bed Occupancy,per_day,57950,False,checked,False,False,needs_adjustment_or_mapping_review,,False,PT-H4-000051,False,False,not_applicable_or_unmapped,,,,,False,checked_bounds_agree,390,505,10,52155
H4-L00836-12,INV-H4-000836,12,2025-12-25,SUPP amb MSK vent /CW-8558,4,per_day,110005,440020,836,False,False,False,False,Ambulatory Musculoskeletal Ventilation Support,mapped_explicit_terms,Ambulatory Musculoskeletal Ventilation Support,per_day,157150,False,checked,False,False,needs_adjustment_or_mapping_review,,False,PT-H4-000051,False,False,not_applicable_or_unmapped,,,,,False,checked_bounds_agree,356,414,30,110005
H4-L00838-05,INV-H4-000838,5,2025-12-28,AMB musculoskeletal VENT supp /CW-8775,4,per_day,110005,440020,838,False,False,False,False,Ambulatory Musculoskeletal Ventilation Support,mapped_explicit_terms,Ambulatory Musculoskeletal Ventilation Support,per_day,157150,False,checked,False,False,needs_adjustment_or_mapping_review,,False,PT-H4-000076,False,False,not_applicable_or_unmapped,,,,,False,checked_bounds_agree,360,418,30,110005
