invoice_id,hospital_id,contract_number,invoice_date,patient_id,facility_code,plan_tier,admission_date,discharge_date,invoice_total_cents,record_id,duplicate_invoice_id,contract_number_mismatch,malformed_invoice_date,sum_of_lines_cents,missing_items,invoice_total_mismatch,malformed_service_date,service_date_after_invoice_date,service_date_out_of_window,line_total_arithmetic,detected_errors,review_status,wrong_unit_basis,unit_price_mismatch,weekend_rate_mismatch,daily_cap_exceeded,quantity_premium_rate_mismatch,bundle_rate_mismatch,discount_rate_mismatch,exclusion_window,exclusion_boundary_review,duplicate_service_review
INV-H4-000001,H4,INS-H4-2024-2049,2024-01-06,PT-H4-000069,F-MAIN,GOLD,2024-01-01,2024-01-01,1684325,1,False,False,False,1684325,False,False,False,False,False,False,,remaining_checks_needed,False,False,False,False,False,False,False,False,False,False
INV-H4-000002,H4,INS-H4-2024-2049,2024-01-13,PT-H4-000011,F-MAIN,GOLD,2024-01-03,2024-01-09,3709750,2,False,False,False,3709750,False,False,False,False,False,False,,remaining_checks_needed,False,False,False,False,False,False,False,False,False,False
INV-H4-000003,H4,INS-H4-2024-2049,2024-01-16,PT-H4-000099,F-MAIN,SILVER,2024-01-04,2024-01-07,2990225,3,False,False,False,2990225,False,False,False,False,False,False,wrong_unit_basis,errors_detected,True,False,False,False,False,False,False,False,False,False
INV-H4-000004,H4,INS-H4-2024-2049,2024-01-13,PT-H4-000055,F-MAIN,BRONZE,2024-01-05,2024-01-09,4541425,4,False,False,False,4541425,False,False,False,False,False,False,,remaining_checks_needed,False,False,False,False,False,False,False,False,False,False
INV-H4-000005,H4,INS-H4-2024-2049,2024-01-11,PT-H4-000064,F-MAIN,GOLD,2024-01-05,2024-01-08,1061450,5,False,False,False,1061450,False,False,False,False,False,False,,remaining_checks_needed,False,False,False,False,False,False,False,False,False,False
INV-H4-000006,H4,INS-H4-2024-2049,2024-01-19,PT-H4-000001,F-MAIN,SILVER,2024-01-06,2024-01-12,640175,6,False,False,False,641175,False,True,False,False,False,False,invoice_total_mismatch,errors_detected,False,False,False,False,False,False,False,False,False,False
INV-H4-000007,H4,INS-H4-2024-2049,2024-01-20,PT-H4-000149,F-MAIN,SILVER,2024-01-08,2024-01-12,2396750,7,False,False,False,2396750,False,False,False,False,False,False,,remaining_checks_needed,False,False,False,False,False,False,False,False,False,False
INV-H4-000008,H4,INS-H4-2024-2049,2024-01-24,PT-H4-000026,F-MAIN,GOLD,2024-01-09,2024-01-15,3525273,8,False,False,False,3525273,False,False,False,True,False,False,service_date_after_invoice_date,errors_detected,False,False,False,False,False,False,False,False,False,False
INV-H4-000009,H4,INS-H4-2024-2049,2024-01-23,PT-H4-000074,F-MAIN,SILVER,2024-01-09,2024-01-15,3544989,9,False,False,False,3544989,False,False,False,False,False,False,,remaining_checks_needed,False,False,False,False,False,False,False,False,False,False
INV-H4-000010,H4,INS-H4-2024-2049,2024-01-17,PT-H4-000158,F-MAIN,GOLD,2024-01-09,2024-01-12,4801591,10,False,False,False,4801591,False,False,False,False,False,False,,remaining_checks_needed,False,False,False,False,False,False,False,False,False,False
INV-H4-000011,H4,INS-H4-2024-2049,2024-01-15,PT-H4-000086,F-MAIN,BRONZE,2024-01-10,2024-01-10,2887300,11,False,False,False,2887300,False,False,False,False,False,False,,remaining_checks_needed,False,False,False,False,False,False,False,False,False,False
INV-H4-000012,H4,INS-H4-2024-2049,2024-01-12,PT-H4-000209,F-MAIN,SILVER,2024-01-11,2024-01-11,2835575,12,False,False,False,2835575,False,False,False,False,False,False,,remaining_checks_needed,False,False,False,False,False,False,False,False,False,False
INV-H4-000013,H4,INS-H4-2024-2049,2024-01-19,PT-H4-000039,F-MAIN,GOLD,2024-01-13,2024-01-18,2946850,13,False,False,False,2946850,False,False,False,False,False,False,,remaining_checks_needed,False,False,False,False,False,False,False,False,False,False
INV-H4-000014,H4,INS-H4-2024-2049,2024-01-26,PT-H4-000149,F-MAIN,SILVER,2024-01-15,2024-01-18,2658825,14,False,False,False,2658825,False,False,False,False,False,False,,remaining_checks_needed,False,False,False,False,False,False,False,False,False,False
INV-H4-000015,H4,INS-H4-2024-2049,2024-01-21,PT-H4-000206,F-MAIN,GOLD,2024-01-15,2024-01-17,3635025,15,False,False,False,3635025,False,False,False,False,False,False,,remaining_checks_needed,False,False,False,False,False,False,False,False,False,False
INV-H4-000016,H4,INS-H4-2024-2049,2024-01-24,PT-H4-000143,F-MAIN,BRONZE,2024-01-16,2024-01-17,3234050,16,False,False,False,3234050,False,False,False,False,False,False,,remaining_checks_needed,False,False,False,False,False,False,False,False,False,False
INV-H4-000017,H4,INS-H4-2024-2049,2024-01-23,PT-H4-000157,F-MAIN,BRONZE,2024-01-18,2024-01-18,4939975,17,False,False,False,4939975,False,False,False,False,False,True,line_total_arithmetic,errors_detected,False,False,False,False,False,False,False,False,False,False
INV-H4-000018,H4,INS-H4-2024-2049,2024-01-30,PT-H4-000069,F-MAIN,GOLD,2024-01-21,2024-01-27,1493475,18,False,False,False,1493475,False,False,False,False,False,False,,remaining_checks_needed,False,False,False,False,False,False,False,False,False,True
INV-H4-000019,H4,INS-H4-2024-2049,2024-01-30,PT-H4-000060,F-MAIN,SILVER,2024-01-24,2024-01-28,1312175,19,False,False,False,1312175,False,False,False,False,False,False,,remaining_checks_needed,False,False,False,False,False,False,False,False,False,False
INV-H4-000020,H4,INS-H4-2024-2049,2024-02-05,PT-H4-000021,F-MAIN,GOLD,2024-01-26,2024-01-26,3385425,20,False,False,False,3385425,False,False,False,False,False,False,,remaining_checks_needed,False,False,False,False,False,False,False,False,False,False
INV-H4-000021,H4,INS-H4-2024-2049,2024-02-08,PT-H4-000149,F-MAIN,SILVER,2024-01-27,2024-01-31,2524150,21,False,False,False,2524150,False,False,False,False,False,False,,remaining_checks_needed,False,False,False,False,False,False,False,False,False,False
INV-H4-000022,H4,INS-H4-2024-2049,2024-02-02,PT-H4-000091,F-MAIN,BRONZE,2024-01-28,2024-01-28,2760525,22,False,False,False,2760525,False,False,False,False,False,False,,remaining_checks_needed,False,False,False,False,False,False,False,False,False,False
INV-H4-000023,H4,INS-H4-2024-2049,2024-02-09,PT-H4-000146,F-MAIN,SILVER,2024-01-28,2024-02-01,3356650,23,False,False,False,3356650,False,False,False,False,False,False,,remaining_checks_needed,False,False,False,False,False,False,False,False,False,False
INV-H4-000024,H4,INS-H4-2024-2049,2024-02-04,PT-H4-000201,F-MAIN,BRONZE,2024-01-28,2024-01-29,1381558,24,False,False,False,1381558,False,False,False,False,False,False,,remaining_checks_needed,False,False,False,False,False,False,False,False,False,False
INV-H4-000025,H4,INS-H4-2024-2049,2024-02-12,PT-H4-000136,F-MAIN,GOLD,2024-01-29,2024-02-04,729989,25,False,False,False,729989,False,False,False,False,False,False,,remaining_checks_needed,False,False,False,False,False,False,False,False,False,False
INV-H4-000026,H4,INS-H4-2024-2049,2024-02-07,PT-H4-000052,F-MAIN,SILVER,2024-01-30,2024-01-30,3085997,26,False,False,False,3085997,False,False,False,False,False,False,,remaining_checks_needed,False,False,False,False,False,False,False,False,False,False
INV-H4-000027,H4,INS-H4-2024-2049,2024-02-08,PT-H4-000206,F-MAIN,GOLD,2024-02-01,2024-02-04,3087600,27,False,False,False,3087600,False,False,False,False,False,False,,remaining_checks_needed,False,False,False,False,False,False,False,False,False,False
INV-H4-000028,H4,INS-H4-2024-2049,2024-02-16,PT-H4-000105,F-MAIN,BRONZE,2024-02-02,2024-02-07,1136750,28,False,False,False,1136750,False,False,False,False,False,False,,remaining_checks_needed,False,False,False,False,False,False,False,False,False,False
INV-H4-000029,H4,INS-H4-2024-2049,2024-02-05,PT-H4-000169,F-MAIN,GOLD,2024-02-02,2024-02-05,819175,29,False,False,False,819175,False,False,False,False,False,False,,remaining_checks_needed,False,False,False,False,False,False,False,False,False,False
INV-H4-000030,H4,INS-H4-2024-2049,2024-02-09,PT-H4-000007,F-MAIN,SILVER,2024-02-03,2024-02-05,1854450,30,False,False,False,1854450,False,False,False,False,False,False,,remaining_checks_needed,False,False,False,False,False,False,False,False,False,False
INV-H4-000031,H4,INS-H4-2024-2049,2024-02-16,PT-H4-000020,F-MAIN,BRONZE,2024-02-05,2024-02-09,1691400,31,False,False,False,1691400,False,False,False,False,False,False,,remaining_checks_needed,False,False,False,False,False,False,False,False,False,False
INV-H4-000032,H4,INS-H4-2024-2049,2024-02-15,PT-H4-000081,F-MAIN,SILVER,2024-02-07,2024-02-09,433650,32,False,False,False,433650,False,False,False,False,False,False,,remaining_checks_needed,False,False,False,False,False,False,False,False,False,False
INV-H4-000033,H4,INS-H4-2024-2049,2024-02-20,PT-H4-000079,F-MAIN,SILVER,2024-02-08,2024-02-12,3745725,33,False,False,False,3745725,False,False,False,False,False,False,,remaining_checks_needed,False,False,False,False,False,False,False,False,False,False
INV-H4-000034,H4,INS-H4-2024-2049,2024-02-14,PT-H4-000203,F-MAIN,GOLD,2024-02-08,2024-02-14,3938675,34,False,False,False,3938675,False,False,False,False,False,False,,remaining_checks_needed,False,False,False,False,False,False,False,False,False,False
INV-H4-000035,H4,INS-H4-2024-2049,2024-02-16,PT-H4-000042,F-MAIN,BRONZE,2024-02-09,2024-02-09,4272200,35,False,False,False,4272200,False,False,False,False,False,False,,remaining_checks_needed,False,False,False,False,False,False,False,False,False,False
INV-H4-000036,H4,INS-H4-2024-2049,2024-02-18,PT-H4-000049,F-MAIN,GOLD,2024-02-09,2024-02-13,2580775,36,False,False,False,2580775,False,False,False,False,False,False,,remaining_checks_needed,False,False,False,False,False,False,False,False,False,False
INV-H4-000037,H4,INS-H4-2024-2049,2024-02-12,PT-H4-000126,F-MAIN,BRONZE,2024-02-09,2024-02-09,4330300,37,False,False,False,4330300,False,False,False,False,False,False,,remaining_checks_needed,False,False,False,False,False,False,False,False,False,False
INV-H4-000038,H4,INS-H4-2024-2049,2024-02-17,PT-H4-000031,F-MAIN,SILVER,2024-02-11,2024-02-14,2275900,38,False,False,False,2275900,False,False,False,False,False,False,,remaining_checks_needed,False,False,False,False,False,False,False,False,False,False
INV-H4-000039,H4,INS-H4-2024-2049,2024-02-17,PT-H4-000016,F-MAIN,GOLD,2024-02-15,2024-02-17,3695050,39,False,False,False,3695050,False,False,False,False,False,False,,remaining_checks_needed,False,False,False,False,False,False,False,False,False,False
INV-H4-000040,H4,INS-H4-2024-2049,2024-02-18,PT-H4-000049,F-MAIN,GOLD,2024-02-16,2024-02-18,4906925,40,False,False,False,4906925,False,False,False,False,False,False,,remaining_checks_needed,False,False,False,False,False,False,False,False,False,False
INV-H4-000041,H4,INS-H4-2024-2049,2024-02-21,PT-H4-000071,F-MAIN,GOLD,2024-02-16,2024-02-21,2268000,41,False,False,False,2268000,False,False,False,False,False,False,,remaining_checks_needed,False,False,False,False,False,False,False,False,False,False
INV-H4-000042,H4,INS-H4-2024-2049,2024-02-25,PT-H4-000183,F-MAIN,GOLD,2024-02-16,2024-02-21,3924275,42,False,False,False,3924275,False,False,False,False,False,False,,remaining_checks_needed,False,False,False,False,False,False,False,False,False,False
INV-H4-000043,H4,INS-H4-2024-2049,2024-02-21,PT-H4-000130,F-MAIN,SILVER,2024-02-17,2024-02-20,1803400,43,False,False,False,1803400,False,False,False,False,False,False,,remaining_checks_needed,False,False,False,False,False,False,False,False,False,False
INV-H4-000044,H4,INS-H4-2024-2049,2024-02-26,PT-H4-000066,F-MAIN,SILVER,2024-02-18,2024-02-18,2826210,44,False,False,False,2826210,False,False,False,False,False,False,,remaining_checks_needed,False,False,False,False,False,False,False,False,False,False
INV-H4-000045,H4,INS-H4-2024-2049,2024-02-21,PT-H4-000065,F-MAIN,BRONZE,2024-02-20,2024-02-21,2151575,45,False,False,False,2151575,False,False,False,False,False,False,,remaining_checks_needed,False,False,False,False,False,False,False,False,False,False
INV-H4-000046,H4,INS-H4-2024-2049,2024-03-01,PT-H4-000132,F-MAIN,GOLD,2024-02-20,2024-02-25,2192275,46,False,False,False,2192275,False,False,False,False,False,False,,remaining_checks_needed,False,False,False,False,False,False,False,False,False,False
INV-H4-000047,H4,INS-H4-2024-2049,2024-03-05,PT-H4-000011,F-MAIN,GOLD,2024-02-21,2024-02-24,3509309,47,False,False,False,3509309,False,False,False,False,False,False,,remaining_checks_needed,False,False,False,False,False,False,False,False,False,False
INV-H4-000048,H4,INS-H4-2024-2049,2024-03-02,PT-H4-000091,F-MAIN,BRONZE,2024-02-21,2024-02-21,1024025,48,False,False,False,1024025,False,False,False,False,False,False,,remaining_checks_needed,False,False,False,False,False,False,False,False,False,False
INV-H4-000049,H4,INS-H4-2024-2049,2024-03-03,PT-H4-000070,F-MAIN,GOLD,2024-02-22,2024-02-24,2746450,49,False,False,False,2746450,False,False,False,False,False,False,,remaining_checks_needed,False,False,False,False,False,False,False,False,False,False
INV-H4-000050,H4,INS-H4-2024-2049,2024-03-03,PT-H4-000113,F-MAIN,GOLD,2024-02-22,2024-02-26,3023285,50,False,False,False,3023285,False,False,False,False,False,False,,remaining_checks_needed,False,False,False,False,False,False,False,False,False,False
INV-H4-000051,H4,INS-H4-2024-2049,2024-03-07,PT-H4-000117,F-MAIN,BRONZE,2024-02-22,2024-02-27,4283425,51,False,False,False,4283425,False,False,False,False,False,False,,remaining_checks_needed,False,False,False,False,False,False,False,False,False,False
INV-H4-000052,H4,INS-H4-2024-2049,2024-02-28,PT-H4-000061,F-MAIN,SILVER,2024-02-23,2024-02-25,2886250,52,False,False,False,2886250,False,False,False,False,False,False,,remaining_checks_needed,False,False,False,False,False,False,False,False,False,False
INV-H4-000053,H4,INS-H4-2024-2049,2024-02-29,PT-H4-000091,F-MAIN,BRONZE,2024-02-24,2024-02-26,3818450,53,False,False,False,3818450,False,False,False,False,False,False,wrong_unit_basis,errors_detected,True,False,False,False,False,False,False,False,False,False
INV-H4-000054,H4,INS-H4-2024-2049,2024-03-07,PT-H4-000180,F-MAIN,GOLD,2024-02-26,2024-02-28,1927440,54,False,False,False,1927440,False,False,False,False,False,False,,remaining_checks_needed,False,False,False,False,False,False,False,False,False,False
INV-H4-000055,H4,INS-H4-2024-2049,2024-03-06,PT-H4-000074,F-MAIN,SILVER,2024-02-29,2024-03-01,3426725,55,False,False,False,3426725,False,False,False,False,False,False,,remaining_checks_needed,False,False,False,False,False,False,False,False,False,False
INV-H4-000056,H4,INS-H4-2024-2049,2024-03-10,PT-H4-000157,F-MAIN,BRONZE,2024-02-29,2024-03-06,1540100,56,False,False,False,1540100,False,False,False,False,False,False,,remaining_checks_needed,False,False,False,False,False,False,False,False,False,False
INV-H4-000057,H4,INS-H4-2024-2049,2024-03-07,PT-H4-000182,F-MAIN,GOLD,2024-02-29,2024-03-03,3328750,57,False,False,False,3328750,False,False,False,False,False,False,,remaining_checks_needed,False,False,False,False,False,False,False,False,False,False
INV-H4-000058,H4,INS-H4-2024-2049,2024-03-10,PT-H4-000188,F-MAIN,SILVER,2024-02-29,2024-03-06,1646025,58,False,False,False,1646025,False,False,False,False,False,False,,remaining_checks_needed,False,False,False,False,False,False,False,False,False,False
INV-H4-000059,H4,INS-H4-2024-2049,2024-03-12,PT-H4-000154,F-MAIN,GOLD,2024-03-01,2024-03-05,822175,59,False,False,False,822175,False,False,False,False,False,False,,remaining_checks_needed,False,False,False,False,False,False,False,False,False,False
INV-H4-000060,H4,INS-H4-2024-2049,2024-03-14,PT-H4-000102,F-MAIN,SILVER,2024-03-03,2024-03-09,805625,60,False,False,False,805625,False,False,False,False,False,False,,remaining_checks_needed,False,False,False,False,False,False,False,False,False,False
INV-H4-000061,H4,INS-H4-2024-2049,2024-03-09,PT-H4-000117,F-MAIN,BRONZE,2024-03-03,2024-03-07,1590875,61,False,False,False,1590875,False,False,False,False,False,False,,remaining_checks_needed,False,False,False,False,False,False,False,False,False,False
INV-H4-000062,H4,INS-H4-2024-2049,2024-03-14,PT-H4-000037,F-MAIN,GOLD,2024-03-04,2024-03-08,3792825,62,False,False,False,3792825,False,False,False,False,False,False,,remaining_checks_needed,False,False,False,False,False,False,False,False,False,False
INV-H4-000063,H4,INS-H4-2024-2049,2024-03-14,PT-H4-000043,F-MAIN,SILVER,2024-03-06,2024-03-10,2568575,63,False,False,False,2568575,False,False,False,False,False,False,,remaining_checks_needed,False,False,False,False,False,False,False,False,False,False
INV-H4-000064,H4,INS-H4-2024-2049,2024-03-17,PT-H4-000016,F-MAIN,GOLD,2024-03-07,2024-03-07,1531425,64,False,False,False,1531425,False,False,False,False,False,False,,remaining_checks_needed,False,False,False,False,False,False,False,False,False,False
INV-H4-000065,H4,INS-H4-2024-2049,2024-03-16,PT-H4-000085,F-MAIN,GOLD,2024-03-07,2024-03-11,540310,65,False,False,False,540310,False,False,False,False,False,False,,remaining_checks_needed,False,False,False,False,False,False,False,False,False,False
INV-H4-000066,H4,INS-H4-2024-2049,2024-03-13,PT-H4-000203,F-MAIN,GOLD,2024-03-07,2024-03-07,4668562,66,False,False,False,4668562,False,False,False,False,False,False,,remaining_checks_needed,False,False,False,False,False,False,False,False,False,False
INV-H4-000067,H4,INS-H4-2024-2049,2024-03-22,PT-H4-000091,F-MAIN,BRONZE,2024-03-09,2024-03-15,3881800,67,False,False,False,3881800,False,False,False,False,False,False,,remaining_checks_needed,False,False,False,False,False,False,False,False,False,False
INV-H4-000068,H4,INS-H4-2024-2049,2024-03-13,PT-H4-000104,F-MAIN,BRONZE,2024-03-09,2024-03-13,1482320,68,False,False,False,1482320,False,False,False,False,False,False,,remaining_checks_needed,False,False,False,False,False,False,False,False,False,False
INV-H4-000069,H4,INS-H4-2024-2049,2024-03-13,PT-H4-000134,F-MAIN,SILVER,2024-03-09,2024-03-10,3522700,69,False,False,False,3522700,False,False,False,False,False,False,,remaining_checks_needed,False,False,False,False,False,False,False,False,False,True
INV-H4-000070,H4,INS-H4-2024-2049,2024-03-22,PT-H4-000191,F-MAIN,BRONZE,2024-03-10,2024-03-16,4395000,70,False,False,False,4395000,False,False,False,False,False,False,,remaining_checks_needed,False,False,False,False,False,False,False,False,False,False
INV-H4-000071,H4,INS-H4-2024-2049,2024-03-17,PT-H4-000130,F-MAIN,SILVER,2024-03-11,2024-03-11,1617900,71,False,False,False,1617900,False,False,False,False,False,False,,remaining_checks_needed,False,False,False,False,False,False,False,False,False,False
INV-H4-000072,H4,INS-H4-2024-2049,2024-03-18,PT-H4-000022,F-MAIN,SILVER,2024-03-13,2024-03-14,1932625,72,False,False,False,1932625,False,False,False,False,False,False,,remaining_checks_needed,False,False,False,False,False,False,False,False,False,False
INV-H4-000073,H4,INS-H4-2024-2049,2024-03-14,PT-H4-000078,F-MAIN,SILVER,2024-03-13,2024-03-14,1575625,73,True,False,False,1575625,False,False,False,False,False,False,duplicate_invoice_id,errors_detected,False,False,False,False,False,False,False,False,False,False
INV-H4-000074,H4,INS-H4-2024-2049,2024-03-26,PT-H4-000120,F-MAIN,BRONZE,2024-03-13,2024-03-16,3497250,74,False,False,False,3497250,False,False,False,False,False,False,,remaining_checks_needed,False,False,False,False,False,False,False,False,False,False
INV-H4-000075,H4,INS-H4-2024-2049,2024-03-27,PT-H4-000064,F-MAIN,GOLD,2024-03-15,2024-03-17,2816942,75,False,False,False,2816942,False,False,False,False,False,False,,remaining_checks_needed,False,False,False,False,False,False,False,False,False,False
INV-H4-000076,H4,INS-H4-2024-2049,2024-03-27,PT-H4-000049,F-MAIN,GOLD,2024-03-18,2024-03-23,1949250,76,False,False,False,1949250,False,False,False,False,False,False,,remaining_checks_needed,False,False,False,False,False,False,False,False,False,False
INV-H4-000077,H4,INS-H4-2024-2049,2024-03-23,PT-H4-000063,F-MAIN,GOLD,2024-03-18,2024-03-22,2865381,77,False,False,False,2865381,False,False,False,False,False,False,,remaining_checks_needed,False,False,False,False,False,False,False,False,False,False
INV-H4-000078,H4,INS-H4-2024-2049,2024-03-22,PT-H4-000097,F-MAIN,SILVER,2024-03-18,2024-03-18,2875625,78,False,False,False,2875625,False,False,False,False,False,False,,remaining_checks_needed,False,False,False,False,False,False,False,False,False,False
INV-H4-000079,H4,INS-H4-2024-2049,2024-03-25,PT-H4-000161,F-MAIN,GOLD,2024-03-19,2024-03-22,233850,79,True,False,False,233850,False,False,False,True,True,False,duplicate_invoice_id|service_date_after_invoice_date|service_date_out_of_window,errors_detected,False,False,False,False,False,False,False,False,False,False
INV-H4-000080,H4,INS-H4-2024-2049,2024-03-31,PT-H4-000182,F-MAIN,GOLD,2024-03-20,2024-03-22,3508000,80,False,False,False,3508000,False,False,False,False,False,False,,remaining_checks_needed,False,False,False,False,False,False,False,False,False,False
INV-H4-000081,H4,INS-H4-2024-2049,2024-04-02,PT-H4-000140,F-MAIN,BRONZE,2024-03-21,2024-03-25,3437800,81,False,False,False,3437800,False,False,False,False,False,False,,remaining_checks_needed,False,False,False,False,False,False,False,False,False,False
INV-H4-000082,H4,INS-H4-2024-2049,2024-03-28,PT-H4-000001,F-MAIN,SILVER,2024-03-22,2024-03-28,5197300,82,False,False,False,5197300,False,False,False,False,False,False,,remaining_checks_needed,False,False,False,False,False,False,False,False,False,False
INV-H4-000083,H4,INS-H4-2024-2049,2024-04-03,PT-H4-000120,F-MAIN,BRONZE,2024-03-22,2024-03-28,3067400,83,False,False,False,3067400,False,False,False,False,False,False,,remaining_checks_needed,False,False,False,False,False,False,False,False,False,False
INV-H4-000084,H4,INS-H4-2024-2049,2024-03-31,PT-H4-000168,F-MAIN,SILVER,2024-03-22,2024-03-23,4715550,84,False,False,False,4715550,False,False,False,False,False,False,,remaining_checks_needed,False,False,False,False,False,False,False,False,False,True
INV-H4-000085,H4,INS-H4-2024-2049,2024-04-03,PT-H4-000195,F-MAIN,SILVER,2024-03-22,2024-03-27,3151125,85,False,False,False,3151125,False,False,False,False,False,False,,remaining_checks_needed,False,False,False,False,False,False,False,False,False,False
INV-H4-000086,H4,INS-H4-2024-2049,2024-04-03,PT-H4-000208,F-MAIN,SILVER,2024-03-22,2024-03-26,1398675,86,False,False,False,1398675,False,False,False,False,False,False,,remaining_checks_needed,False,False,False,False,False,False,False,False,False,False
INV-H4-000087,H4,INS-H4-2024-2049,2024-04-04,PT-H4-000004,F-MAIN,BRONZE,2024-03-23,2024-03-29,3411011,87,False,False,False,3411011,False,False,False,False,False,False,,remaining_checks_needed,False,False,False,False,False,False,False,False,False,False
INV-H4-000088,H4,INS-H4-2024-2049,2024-03-28,PT-H4-000161,F-MAIN,GOLD,2024-03-23,2024-03-23,5285671,88,False,False,False,5285671,False,False,False,False,False,False,,remaining_checks_needed,False,False,False,False,False,False,False,False,False,False
INV-H4-000089,H4,INS-H4-2024-2049,2024-04-03,PT-H4-000003,F-MAIN,GOLD,2024-03-26,2024-03-29,1592319,89,False,False,False,1592319,False,False,False,False,False,False,,remaining_checks_needed,False,False,False,False,False,False,False,False,False,False
INV-H4-000090,H4,INS-H4-2024-2049,2024-04-04,PT-H4-000060,F-MAIN,SILVER,2024-03-26,2024-03-31,1209350,90,False,False,False,1209350,False,False,False,False,False,False,,remaining_checks_needed,False,False,False,False,False,False,False,False,False,False
INV-H4-000091,H4,INS-H4-2024-2049,2024-04-01,PT-H4-000077,F-MAIN,GOLD,2024-03-26,2024-03-28,1420275,91,False,False,False,1420275,False,False,False,False,False,False,,remaining_checks_needed,False,False,False,False,False,False,False,False,False,False
INV-H4-000092,H4,INS-H4-2024-2049,2024-04-09,PT-H4-000019,F-MAIN,SILVER,2024-03-27,2024-03-30,3900715,92,False,False,False,3900715,False,False,False,False,False,False,,remaining_checks_needed,False,False,False,False,False,False,False,False,False,False
INV-H4-000093,H4,INS-H4-2024-2049,2024-04-02,PT-H4-000186,F-MAIN,SILVER,2024-03-27,2024-04-01,2654600,93,False,False,False,2654600,False,False,False,False,False,False,,remaining_checks_needed,False,False,False,False,False,False,False,False,False,False
INV-H4-000094,H4,INS-H4-2024-2049,2024-04-10,PT-H4-000186,F-MAIN,SILVER,2024-03-27,2024-04-01,2378395,94,False,False,False,2378395,False,False,False,False,False,False,,remaining_checks_needed,False,False,False,False,False,False,False,False,False,False
INV-H4-000095,H4,INS-H4-2024-2049,2024-04-11,PT-H4-000157,F-MAIN,BRONZE,2024-03-29,2024-04-03,1797350,95,False,False,False,1797350,False,False,False,False,False,True,line_total_arithmetic|wrong_unit_basis,errors_detected,True,False,False,False,False,False,False,False,False,False
INV-H4-000096,H4,INS-H4-2024-2049,2024-04-02,PT-H4-000161,F-MAIN,GOLD,2024-03-29,2024-03-29,2712075,96,False,False,False,2712075,False,False,False,False,False,False,,remaining_checks_needed,False,False,False,False,False,False,False,False,False,False
INV-H4-000097,H4,INS-H4-2024-2049,2024-04-13,PT-H4-000197,F-MAIN,GOLD,2024-03-29,2024-04-04,2515900,97,False,False,False,2515900,False,False,False,False,False,False,,remaining_checks_needed,False,False,False,False,False,False,False,False,False,False
INV-H4-000098,H4,INS-H4-2024-2049,2024-04-09,PT-H4-000199,F-MAIN,SILVER,2024-03-29,2024-04-01,2846400,98,False,False,False,2846400,False,False,False,False,False,False,,remaining_checks_needed,False,False,False,False,False,False,False,False,False,False
INV-H4-000099,H4,INS-H4-2024-2049,2024-04-04,PT-H4-000021,F-MAIN,GOLD,2024-03-30,2024-04-04,3632444,99,False,False,False,3632444,False,False,False,False,False,False,,remaining_checks_needed,False,False,False,False,False,False,False,False,False,False
INV-H4-000100,H4,INS-H4-2024-2049,2024-04-07,PT-H4-000025,F-MAIN,GOLD,2024-03-31,2024-04-04,1400750,100,False,False,False,1400750,False,False,False,False,False,False,,remaining_checks_needed,False,False,False,False,False,False,False,False,False,False
INV-H4-000101,H4,INS-H4-2024-2049,2024-04-10,PT-H4-000193,F-MAIN,SILVER,2024-03-31,2024-04-03,997375,101,False,False,False,997375,False,False,False,False,False,False,,remaining_checks_needed,False,False,False,False,False,False,False,False,False,False
INV-H4-000102,H4,INS-H4-2024-2049,2024-04-13,PT-H4-000184,F-MAIN,GOLD,2024-04-01,2024-04-06,1967575,102,False,False,False,1967575,False,False,False,False,False,False,,remaining_checks_needed,False,False,False,False,False,False,False,False,False,False
INV-H4-000103,H4,INS-H4-2024-2049,2024-04-09,PT-H4-000150,F-MAIN,GOLD,2024-04-02,2024-04-02,4815295,103,False,False,False,4815295,False,False,False,False,False,False,,remaining_checks_needed,False,False,False,False,False,False,False,False,False,False
INV-H4-000104,H4,INS-H1-2024-0417,2024-04-16,PT-H4-000191,F-MAIN,BRONZE,2024-04-04,2024-04-10,763938,104,False,True,False,763938,False,False,False,False,False,False,contract_number_mismatch,errors_detected,False,False,False,False,False,False,False,False,False,False
INV-H4-000105,H4,INS-H4-2024-2049,2024-04-15,PT-H4-000026,F-MAIN,GOLD,2024-04-07,2024-04-12,1369450,105,False,False,False,1369450,False,False,False,True,False,False,service_date_after_invoice_date|quantity_premium_rate_mismatch,errors_detected,False,False,False,False,True,False,False,False,False,False
INV-H4-000106,H4,INS-H4-2024-2049,2024-04-18,PT-H4-000114,F-MAIN,GOLD,2024-04-08,2024-04-09,1241425,106,False,False,False,1241425,False,False,False,False,False,False,,remaining_checks_needed,False,False,False,False,False,False,False,False,False,False
INV-H4-000107,H4,INS-H4-2024-2049,2024-04-22,PT-H4-000160,F-MAIN,GOLD,2024-04-08,2024-04-14,2848100,107,False,False,False,2848100,False,False,False,False,False,False,,remaining_checks_needed,False,False,False,False,False,False,False,False,False,False
INV-H4-000108,H4,INS-H4-2024-2049,2024-04-21,PT-H4-000200,F-MAIN,GOLD,2024-04-09,2024-04-11,1704800,108,False,False,False,1704800,False,False,False,False,False,False,,remaining_checks_needed,False,False,False,False,False,False,False,False,False,False
INV-H4-000109,H4,INS-H4-2024-2049,2024-04-22,PT-H4-000132,F-MAIN,GOLD,2024-04-12,2024-04-15,4800150,109,False,False,False,4800150,False,False,False,False,False,False,,remaining_checks_needed,False,False,False,False,False,False,False,False,False,False
INV-H4-000110,H4,INS-H4-2024-2049,2024-04-21,PT-H4-000082,F-MAIN,BRONZE,2024-04-13,2024-04-19,1614575,110,False,False,False,1614575,False,False,False,False,False,False,,remaining_checks_needed,False,False,False,False,False,False,False,False,False,False
INV-H4-000111,H4,INS-H4-2024-2049,2024-04-23,PT-H4-000038,F-MAIN,BRONZE,2024-04-14,2024-04-19,3388731,111,False,False,False,3388731,False,False,False,False,False,False,,remaining_checks_needed,False,False,False,False,False,False,False,False,False,False
INV-H4-000112,H4,INS-H4-2024-2049,2024-04-26,PT-H4-000048,F-MAIN,BRONZE,2024-04-15,2024-04-19,1157155,112,False,False,False,1157155,False,False,False,False,False,False,,remaining_checks_needed,False,False,False,False,False,False,False,False,False,False
INV-H4-000113,H4,INS-H4-2024-2049,2024-04-25,PT-H4-000094,F-MAIN,GOLD,2024-04-15,2024-04-16,1557700,113,False,False,False,1557700,False,False,False,False,False,False,,remaining_checks_needed,False,False,False,False,False,False,False,False,False,False
INV-H4-000114,H4,INS-H4-2024-2049,2024-04-20,PT-H4-000026,F-MAIN,GOLD,2024-04-16,2024-04-17,4447625,114,False,False,False,4447625,False,False,False,False,False,False,,remaining_checks_needed,False,False,False,False,False,False,False,False,False,False
INV-H4-000115,H4,INS-H4-2024-2049,2024-04-22,PT-H4-000075,F-MAIN,GOLD,2024-04-16,2024-04-17,3446700,115,False,False,False,3446700,False,False,False,False,False,False,,remaining_checks_needed,False,False,False,False,False,False,False,False,False,False
INV-H4-000116,H4,INS-H4-2024-2049,2024-04-24,PT-H4-000102,F-MAIN,SILVER,2024-04-16,2024-04-17,3422822,116,False,False,False,3422822,False,False,False,False,False,False,,remaining_checks_needed,False,False,False,False,False,False,False,False,False,False
INV-H4-000117,H4,INS-H4-2024-2049,2024-04-23,PT-H4-000006,F-MAIN,SILVER,2024-04-17,2024-04-17,1002076,117,False,False,False,1002076,False,False,False,False,False,False,,remaining_checks_needed,False,False,False,False,False,False,False,False,False,False
INV-H4-000118,H4,INS-H4-2024-2049,2024-04-26,PT-H4-000158,F-MAIN,GOLD,2024-04-17,2024-04-21,3885968,118,False,False,False,3885968,False,False,False,False,False,False,,remaining_checks_needed,False,False,False,False,False,False,False,False,False,False
INV-H4-000119,H4,INS-H4-2024-2049,2024-04-30,PT-H4-000018,F-MAIN,GOLD,2024-04-21,2024-04-27,1533750,119,False,False,False,1533750,False,False,False,False,False,False,,remaining_checks_needed,False,False,False,False,False,False,False,False,False,False
INV-H4-000120,H4,INS-H4-2024-2049,2024-04-30,PT-H4-000053,F-MAIN,SILVER,2024-04-22,2024-04-25,2225600,120,False,False,False,2225600,False,False,False,False,False,False,,remaining_checks_needed,False,False,False,False,False,False,False,False,False,False
INV-H4-000121,H4,INS-H4-2024-2049,2024-04-28,PT-H4-000136,F-MAIN,GOLD,2024-04-22,2024-04-28,1732875,121,False,False,False,1732875,False,False,False,True,False,False,service_date_after_invoice_date,errors_detected,False,False,False,False,False,False,False,False,False,False
INV-H4-000122,H4,INS-H4-2024-2049,2024-05-04,PT-H4-000178,F-MAIN,GOLD,2024-04-22,2024-04-27,2184175,122,False,False,False,2184175,False,False,False,False,False,False,,remaining_checks_needed,False,False,False,False,False,False,False,False,False,False
INV-H4-000123,H4,INS-H4-2024-2049,2024-05-06,PT-H4-000113,F-MAIN,GOLD,2024-04-23,2024-04-28,3924125,123,False,False,False,3924125,False,False,False,False,False,False,,remaining_checks_needed,False,False,False,False,False,False,False,False,False,False
INV-H4-000124,H4,INS-H4-2024-2049,2024-05-02,PT-H4-000048,F-MAIN,BRONZE,2024-04-24,2024-04-25,5059925,124,False,False,False,5059925,False,False,False,False,False,False,,remaining_checks_needed,False,False,False,False,False,False,False,False,False,False
INV-H4-000125,H4,INS-H4-2024-2049,2024-05-03,PT-H4-000066,F-MAIN,SILVER,2024-04-24,2024-04-24,2398750,125,False,False,False,2398750,False,False,False,False,False,False,,remaining_checks_needed,False,False,False,False,False,False,False,False,False,False
INV-H4-000126,H4,INS-H4-2024-2049,2024-05-08,PT-H4-000057,F-MAIN,BRONZE,2024-04-27,2024-04-29,1198500,126,False,False,False,1198500,False,False,False,False,False,False,,remaining_checks_needed,False,False,False,False,False,False,False,False,False,False
INV-H4-000127,H4,INS-H4-2024-2049,2024-05-06,PT-H4-000203,F-MAIN,GOLD,2024-04-27,2024-05-02,4277050,127,False,False,False,4277050,False,False,False,False,False,False,,remaining_checks_needed,False,False,False,False,False,False,False,False,False,False
INV-H4-000128,H4,INS-H4-2024-2049,2024-05-06,PT-H4-000145,F-MAIN,SILVER,2024-04-30,2024-05-06,2878080,128,False,False,False,2878080,False,False,False,False,False,False,,remaining_checks_needed,False,False,False,False,False,False,False,False,False,False
INV-H4-000129,H4,INS-H4-2024-2049,2024-04-30,PT-H4-000196,F-MAIN,GOLD,2024-04-30,2024-04-30,2475375,129,False,False,False,2475375,False,False,False,False,False,False,,remaining_checks_needed,False,False,False,False,False,False,False,False,False,False
INV-H4-000130,H4,INS-H4-2024-2049,2024-05-11,PT-H4-000027,F-MAIN,SILVER,2024-05-02,2024-05-05,1120375,130,False,False,False,1120375,False,False,False,False,False,False,,remaining_checks_needed,False,False,False,False,False,False,False,False,False,False
INV-H4-000131,H4,INS-H4-2024-2049,2024-05-06,PT-H4-000073,F-MAIN,SILVER,2024-05-02,2024-05-02,2284750,131,False,False,False,2284750,False,False,False,False,False,False,,remaining_checks_needed,False,False,False,False,False,False,False,False,False,False
INV-H4-000132,H4,INS-H4-2024-2049,2024-05-09,PT-H4-000178,F-MAIN,GOLD,2024-05-02,2024-05-02,2168372,132,False,False,False,2168372,False,False,False,False,False,False,,remaining_checks_needed,False,False,False,False,False,False,False,False,False,False
INV-H4-000133,H4,INS-H4-2024-2049,2024-05-13,PT-H4-000075,F-MAIN,GOLD,2024-05-03,2024-05-05,1665300,133,False,False,False,1665300,False,False,False,False,False,False,,remaining_checks_needed,False,False,False,False,False,False,False,False,False,False
INV-H4-000134,H4,INS-H4-2024-2049,2024-05-12,PT-H4-000125,F-MAIN,GOLD,2024-05-03,2024-05-08,1879100,134,False,False,False,1879100,False,False,False,False,False,False,,remaining_checks_needed,False,False,False,False,False,False,False,False,False,False
INV-H4-000135,H4,INS-H4-2024-2049,2024-05-16,PT-H4-000178,F-MAIN,GOLD,2024-05-03,2024-05-07,2150499,135,False,False,False,2150499,False,False,False,False,False,False,,remaining_checks_needed,False,False,False,False,False,False,False,False,False,False
INV-H4-000136,H4,INS-H4-2024-2049,2024-05-12,PT-H4-000046,F-MAIN,GOLD,2024-05-04,2024-05-09,1312475,136,False,False,False,1312475,False,False,False,False,False,False,,remaining_checks_needed,False,False,False,False,False,False,False,False,False,False
INV-H4-000137,H4,INS-H4-2024-2049,2024-05-09,PT-H4-000198,F-MAIN,BRONZE,2024-05-04,2024-05-08,1185400,137,False,False,False,1185400,False,False,False,False,False,False,,remaining_checks_needed,False,False,False,False,False,False,False,False,False,False
INV-H4-000138,H4,INS-H4-2024-2049,2024-05-16,PT-H4-000197,F-MAIN,GOLD,2024-05-05,2024-05-06,408732,138,False,False,False,408732,False,False,False,False,False,False,,remaining_checks_needed,False,False,False,False,False,False,False,False,False,False
INV-H4-000139,H4,INS-H4-2024-2049,2024-05-14,PT-H4-000171,F-MAIN,BRONZE,2024-05-06,2024-05-11,3165685,139,False,False,False,3165685,False,False,False,False,False,False,,remaining_checks_needed,False,False,False,False,False,False,False,False,False,False
INV-H4-000140,H4,INS-H4-2024-2049,2024-05-15,PT-H4-000104,F-MAIN,BRONZE,2024-05-07,2024-05-13,2104082,140,False,False,False,2104082,False,False,False,False,False,False,,remaining_checks_needed,False,False,False,False,False,False,False,False,False,False
INV-H4-000141,H4,INS-H4-2024-2049,2024-05-13,PT-H4-000113,F-MAIN,GOLD,2024-05-09,2024-05-09,2871700,141,False,False,False,2871700,False,False,False,False,False,False,,remaining_checks_needed,False,False,False,False,False,False,False,False,False,False
INV-H4-000142,H4,INS-H4-2024-2049,2024-05-12,PT-H4-000125,F-MAIN,GOLD,2024-05-09,2024-05-09,3154150,142,False,False,False,3154150,False,False,False,False,False,False,,remaining_checks_needed,False,False,False,False,False,False,False,False,False,False
INV-H4-000143,H4,INS-H4-2024-2049,2024-05-20,PT-H4-000202,F-MAIN,BRONZE,2024-05-10,2024-05-12,2047525,143,False,False,False,2047525,False,False,False,False,False,False,,remaining_checks_needed,False,False,False,False,False,False,False,False,False,False
INV-H4-000144,H4,INS-H5-2024-0731,2024-05-19,PT-H4-000001,F-MAIN,SILVER,2024-05-12,2024-05-18,3105319,144,False,True,False,3105319,False,False,False,False,False,False,contract_number_mismatch|quantity_premium_rate_mismatch,errors_detected,False,False,False,False,True,False,False,False,False,False
INV-H4-000145,H4,INS-H4-2024-2049,2024-05-26,PT-H4-000107,F-MAIN,BRONZE,2024-05-14,2024-05-20,3600775,145,False,False,False,3600775,False,False,False,False,False,False,,remaining_checks_needed,False,False,False,False,False,False,False,False,False,False
INV-H4-000146,H4,INS-H4-2024-2049,2024-05-27,PT-H4-000066,F-MAIN,SILVER,2024-05-17,2024-05-17,2873750,146,False,False,False,2873750,False,False,False,False,False,False,,remaining_checks_needed,False,False,False,False,False,False,False,False,False,False
INV-H4-000147,H4,INS-H4-2024-2049,2024-06-01,PT-H4-000031,F-MAIN,SILVER,2024-05-18,2024-05-22,3627292,147,False,False,False,3627292,False,False,False,False,False,False,,remaining_checks_needed,False,False,False,False,False,False,False,False,False,False
INV-H4-000148,H4,INS-H4-2024-2049,2024-05-22,PT-H4-000104,F-MAIN,BRONZE,2024-05-18,2024-05-21,1207325,148,False,False,False,1207325,False,False,False,False,False,False,,remaining_checks_needed,False,False,False,False,False,False,False,False,False,False
INV-H4-000149,H4,INS-H4-2024-2049,2024-05-29,PT-H4-000033,F-MAIN,BRONZE,2024-05-21,2024-05-26,1433525,149,False,False,False,1433525,False,False,False,False,False,False,,remaining_checks_needed,False,False,False,False,False,False,False,False,False,False
INV-H4-000150,H4,INS-H4-2024-2049,2024-05-28,PT-H4-000200,F-MAIN,GOLD,2024-05-21,2024-05-23,1510135,150,False,False,False,1510135,False,False,False,False,False,False,,remaining_checks_needed,False,False,False,False,False,False,False,False,False,False
INV-H4-000151,H4,INS-H4-2024-2049,2024-06-02,PT-H4-000010,F-MAIN,BRONZE,2024-05-22,2024-05-23,4528550,151,False,False,False,4528550,False,False,False,False,False,False,,remaining_checks_needed,False,False,False,False,False,False,False,False,False,False
INV-H4-000152,H4,INS-H4-2024-2049,2024-05-30,PT-H4-000126,F-MAIN,BRONZE,2024-05-22,2024-05-26,1673314,152,False,False,False,1673314,False,False,False,False,False,False,,remaining_checks_needed,False,False,False,False,False,False,False,False,False,False
INV-H4-000153,H4,INS-H4-2024-2049,2024-05-31,PT-H4-000205,F-MAIN,GOLD,2024-05-22,2024-05-28,3656250,153,False,False,False,3656250,False,False,True,False,False,False,malformed_service_date,errors_detected,False,False,False,False,False,False,False,False,False,False
INV-H4-000154,H4,INS-H4-2024-2049,2024-05-29,PT-H4-000061,F-MAIN,SILVER,2024-05-23,2024-05-28,1006400,154,False,False,False,1006400,False,False,False,False,False,False,,remaining_checks_needed,False,False,False,False,False,False,False,False,False,False
INV-H4-000155,H4,INS-H4-2024-2049,2024-05-29,PT-H4-000152,F-MAIN,SILVER,2024-05-24,2024-05-28,1748312,155,False,False,False,1748312,False,False,False,False,False,False,,remaining_checks_needed,False,False,False,False,False,False,False,False,False,False
INV-H4-000156,H4,INS-H4-2024-2049,2024-06-04,PT-H4-000202,F-MAIN,BRONZE,2024-05-24,2024-05-25,1706925,156,False,False,False,1706925,False,False,False,False,False,False,,remaining_checks_needed,False,False,False,False,False,False,False,False,False,False
INV-H4-000157,H4,INS-H4-2024-2049,2024-06-02,PT-H4-000010,F-MAIN,BRONZE,2024-05-25,2024-05-30,1066600,157,False,False,False,1041600,False,True,False,False,False,False,invoice_total_mismatch|discount_rate_mismatch,errors_detected,False,False,False,False,False,False,True,False,False,False
INV-H4-000158,H4,INS-H4-2024-2049,2024-05-30,PT-H4-000010,F-MAIN,BRONZE,2024-05-26,2024-05-26,1897325,158,False,False,False,1897325,False,False,False,False,False,False,,remaining_checks_needed,False,False,False,False,False,False,False,False,False,False
INV-H4-000159,H4,INS-H4-2024-2049,2024-06-10,PT-H4-000031,F-MAIN,SILVER,2024-05-26,2024-05-31,1671850,159,False,False,False,1671850,False,False,False,False,False,False,,remaining_checks_needed,False,False,False,False,False,False,False,False,False,False
INV-H4-000160,H4,INS-H4-2024-2049,2024-06-01,PT-H4-000076,F-MAIN,SILVER,2024-05-26,2024-05-29,481550,160,False,False,False,481550,False,False,False,False,False,False,,remaining_checks_needed,False,False,False,False,False,False,False,False,False,False
INV-H4-000161,H4,INS-H4-2024-2049,2024-06-11,PT-H4-000187,F-MAIN,GOLD,2024-05-26,2024-06-01,2578975,161,False,False,False,2578975,False,False,False,False,False,False,,remaining_checks_needed,False,False,False,False,False,False,False,False,False,False
INV-H4-000162,H4,INS-H4-2024-2049,2024-06-09,PT-H4-000187,F-MAIN,GOLD,2024-05-26,2024-06-01,3059865,162,False,False,False,3059865,False,False,False,False,False,False,,remaining_checks_needed,False,False,False,False,False,False,False,False,False,False
INV-H4-000163,H4,INS-H4-2024-2049,2024-06-12,PT-H4-000155,F-MAIN,SILVER,2024-05-27,2024-06-02,3712175,163,False,False,False,3712175,False,False,False,False,False,False,,remaining_checks_needed,False,False,False,False,False,False,False,False,False,False
INV-H4-000164,H4,INS-H2-2024-1183,2024-06-03,PT-H4-000138,F-MAIN,GOLD,2024-05-28,2024-06-03,2241308,164,False,True,False,2241308,False,False,True,False,False,False,contract_number_mismatch|malformed_service_date|quantity_premium_rate_mismatch,errors_detected,False,False,False,False,True,False,False,False,False,False
INV-H4-000165,H4,INS-H4-2024-2049,2024-05-30,PT-H4-000078,F-MAIN,SILVER,2024-05-29,2024-05-30,3413175,165,False,False,False,3413175,False,False,False,False,False,False,daily_cap_exceeded,errors_detected,False,False,False,True,False,False,False,False,False,False
INV-H4-000166,H4,INS-H4-2024-2049,2024-06-04,PT-H4-000108,F-MAIN,SILVER,2024-05-30,2024-06-02,1360729,166,False,False,False,1360729,False,False,False,False,False,False,,remaining_checks_needed,False,False,False,False,False,False,False,False,False,False
INV-H4-000167,H4,INS-H4-2024-2049,2024-06-04,PT-H4-000145,F-MAIN,SILVER,2024-05-30,2024-05-30,4001084,167,False,False,False,4001084,False,False,False,False,False,False,,remaining_checks_needed,False,False,False,False,False,False,False,False,False,False
INV-H4-000168,H4,INS-H4-2024-2049,2024-06-05,PT-H4-000173,F-MAIN,GOLD,2024-05-30,2024-05-31,2221715,168,False,False,False,2221715,False,False,False,False,False,False,wrong_unit_basis,errors_detected,True,False,False,False,False,False,False,False,True,False
INV-H4-000169,H4,INS-H4-2024-2049,2024-06-16,PT-H4-000089,F-MAIN,SILVER,2024-06-01,2024-06-06,2116475,169,False,False,False,2116475,False,False,False,False,False,False,,remaining_checks_needed,False,False,False,False,False,False,False,False,False,False
INV-H4-000170,H4,INS-H4-2024-2049,2024-06-16,PT-H4-000019,F-MAIN,SILVER,2024-06-02,2024-06-08,2401000,170,False,False,False,2401000,False,False,False,False,False,False,,remaining_checks_needed,False,False,False,False,False,False,False,False,False,False
INV-H4-000171,H4,INS-H4-2024-2049,2024-06-09,PT-H4-000088,F-MAIN,GOLD,2024-06-02,2024-06-04,3983406,171,False,False,False,3983406,False,False,False,False,False,False,,remaining_checks_needed,False,False,False,False,False,False,False,False,False,False
INV-H4-000172,H4,INS-H4-2024-2049,2024-06-12,PT-H4-000192,F-MAIN,BRONZE,2024-06-02,2024-06-02,2225568,172,False,False,False,2225568,False,False,False,False,False,False,,remaining_checks_needed,False,False,False,False,False,False,False,False,False,False
INV-H4-000173,H4,INS-H4-2024-2049,2024-06-14,PT-H4-000042,F-MAIN,BRONZE,2024-06-03,2024-06-08,2904550,173,False,False,False,2904550,False,False,False,False,False,False,,remaining_checks_needed,False,False,False,False,False,False,False,False,False,False
INV-H4-000174,H4,INS-H4-2024-2049,2024-06-08,PT-H4-000024,F-MAIN,BRONZE,2024-06-08,2024-06-08,1591425,174,False,False,False,1591425,False,False,False,False,False,False,,remaining_checks_needed,False,False,False,False,False,False,False,False,False,False
INV-H4-000175,H4,INS-H4-2024-2049,2024-06-18,PT-H4-000063,F-MAIN,GOLD,2024-06-08,2024-06-13,3231725,175,False,False,False,3231725,False,False,False,False,False,False,,remaining_checks_needed,False,False,False,False,False,False,False,False,False,False
INV-H4-000176,H4,INS-H4-2024-2049,2024-06-14,PT-H4-000029,F-MAIN,SILVER,2024-06-09,2024-06-11,1732674,176,False,False,False,1732674,False,False,False,False,False,False,,remaining_checks_needed,False,False,False,False,False,False,False,False,False,False
INV-H4-000177,H4,INS-H4-2024-2049,2024-06-20,PT-H4-000102,F-MAIN,SILVER,2024-06-09,2024-06-11,3061075,177,False,False,False,3061075,False,False,False,False,False,False,,remaining_checks_needed,False,False,False,False,False,False,False,False,False,False
INV-H4-000178,H4,INS-H4-2024-2049,2024-06-18,PT-H4-000188,F-MAIN,SILVER,2024-06-09,2024-06-12,3878225,178,False,False,False,3878225,False,False,False,False,False,False,,remaining_checks_needed,False,False,False,False,False,False,False,False,False,False
INV-H4-000179,H4,INS-H4-2024-2049,2024-06-26,PT-H4-000151,F-MAIN,GOLD,2024-06-10,2024-06-16,1998140,179,False,False,False,1998140,False,False,False,False,False,False,,remaining_checks_needed,False,False,False,False,False,False,False,False,False,False
INV-H4-000180,H4,INS-H4-2024-2049,2024-06-18,PT-H4-000019,F-MAIN,SILVER,2024-06-11,2024-06-16,2976218,180,False,False,False,2976218,False,False,False,False,False,False,,remaining_checks_needed,False,False,False,False,False,False,False,False,False,False
INV-H4-000181,H4,INS-H4-2024-2049,2024-06-21,PT-H4-000024,F-MAIN,BRONZE,2024-06-11,2024-06-13,1433750,181,False,False,False,1433750,False,False,False,False,False,False,,remaining_checks_needed,False,False,False,False,False,False,False,False,False,False
INV-H4-000182,H4,INS-H4-2024-2049,2024-06-21,PT-H4-000083,F-MAIN,GOLD,2024-06-13,2024-06-16,3573500,182,False,False,False,3573500,False,False,False,False,False,False,,remaining_checks_needed,False,False,False,False,False,False,False,False,False,False
INV-H4-000183,H4,INS-H4-2024-2049,2024-06-20,PT-H4-000006,F-MAIN,SILVER,2024-06-14,2024-06-19,3944406,183,False,False,False,3944406,False,False,False,False,False,False,,remaining_checks_needed,False,False,False,False,False,False,False,False,False,False
INV-H4-000184,H4,INS-H4-2024-2049,2024-06-22,PT-H4-000021,F-MAIN,GOLD,2024-06-14,2024-06-14,1978025,184,False,False,False,1978025,False,False,False,False,False,False,,remaining_checks_needed,False,False,False,False,False,False,False,False,False,False
INV-H4-000185,H4,INS-H4-2024-2049,2024-06-20,PT-H4-000081,F-MAIN,SILVER,2024-06-16,2024-06-19,3031025,185,False,False,False,3031025,False,False,False,False,False,False,,remaining_checks_needed,False,False,False,False,False,False,False,False,False,False
INV-H4-000186,H4,INS-H4-2024-2049,2024-06-27,PT-H4-000020,F-MAIN,BRONZE,2024-06-18,2024-06-20,3391488,186,False,False,False,3391488,False,False,False,False,False,False,,remaining_checks_needed,False,False,False,False,False,False,False,False,False,False
INV-H4-000187,H4,INS-H4-2024-2049,2024-06-27,PT-H4-000017,F-MAIN,BRONZE,2024-06-20,2024-06-26,4163750,187,False,False,False,4163750,False,False,False,False,False,False,,remaining_checks_needed,False,False,False,False,False,False,False,False,False,False
INV-H4-000188,H4,INS-H4-2024-2049,2024-06-30,PT-H4-000066,F-MAIN,SILVER,2024-06-20,2024-06-25,480600,188,False,False,False,480600,False,False,False,False,False,False,,remaining_checks_needed,False,False,False,False,False,False,False,False,False,False
INV-H4-000189,H4,INS-H4-2024-2049,2024-06-29,PT-H4-000176,F-MAIN,GOLD,2024-06-21,2024-06-25,2477850,189,False,False,False,2477850,False,False,False,False,False,False,,remaining_checks_needed,False,False,False,False,False,False,False,False,False,False
INV-H4-000190,H4,INS-H4-2024-2049,2024-06-28,PT-H4-000023,F-MAIN,BRONZE,2024-06-23,2024-06-27,4348650,190,False,False,False,4348650,False,False,False,False,False,False,,remaining_checks_needed,False,False,False,False,False,False,False,False,False,False
INV-H4-000191,H4,INS-H4-2024-2049,2024-07-01,PT-H4-000176,F-MAIN,GOLD,2024-06-23,2024-06-28,2686650,191,False,False,False,2686650,False,False,False,False,False,False,,remaining_checks_needed,False,False,False,False,False,False,False,False,False,False
INV-H4-000192,H4,INS-H4-2024-2049,2024-06-29,PT-H4-000111,F-MAIN,GOLD,2024-06-25,2024-06-28,3168856,192,False,False,False,3168856,False,False,False,False,False,False,,remaining_checks_needed,False,False,False,False,False,False,False,False,False,False
INV-H4-000193,H4,INS-H4-2024-2049,2024-07-10,PT-H4-000122,F-MAIN,GOLD,2024-06-26,2024-06-30,2231223,193,False,False,False,2231223,False,False,False,False,False,False,,remaining_checks_needed,False,False,False,False,False,False,False,False,False,False
INV-H4-000194,H4,INS-H4-2024-2049,2024-07-05,PT-H4-000139,F-MAIN,SILVER,2024-06-29,2024-06-29,5330400,194,False,False,False,5330400,False,False,False,False,False,False,,remaining_checks_needed,False,False,False,False,False,False,False,False,False,False
INV-H4-000195,H4,INS-H4-2024-2049,2024-07-02,PT-H4-000174,F-MAIN,SILVER,2024-06-29,2024-06-29,2564800,195,False,False,False,2564800,False,False,False,False,False,False,,remaining_checks_needed,False,False,False,False,False,False,False,False,False,False
INV-H4-000196,H4,INS-H4-2024-2049,2024-07-06,PT-H4-000198,F-MAIN,BRONZE,2024-06-29,2024-07-01,2769483,196,False,False,False,2769483,False,False,False,False,False,False,wrong_unit_basis|quantity_premium_rate_mismatch,errors_detected,True,False,False,False,True,False,False,False,False,False
INV-H4-000197,H4,INS-H4-2024-2049,2024-07-09,PT-H4-000169,F-MAIN,GOLD,2024-06-30,2024-06-30,3709100,197,False,False,False,3709100,False,False,False,False,False,False,,remaining_checks_needed,False,False,False,False,False,False,False,False,False,False
INV-H4-000198,H4,INS-H4-2024-2049,2024-07-10,PT-H4-000201,F-MAIN,BRONZE,2024-07-01,2024-07-01,892825,198,False,False,False,892825,False,False,False,False,False,False,,remaining_checks_needed,False,False,False,False,False,False,False,False,False,False
INV-H4-000199,H4,INS-H4-2024-2049,2024-07-14,PT-H4-000013,F-MAIN,GOLD,2024-07-03,2024-07-08,3183225,199,False,False,False,3183225,False,False,False,False,False,False,,remaining_checks_needed,False,False,False,False,False,False,False,False,False,False
INV-H4-000200,H4,INS-H4-2024-2049,2024-07-13,PT-H4-000180,F-MAIN,GOLD,2024-07-03,2024-07-06,2877375,200,False,False,False,2877375,False,False,False,False,False,False,,remaining_checks_needed,False,False,False,False,False,False,False,False,False,False
INV-H4-000201,H4,INS-H4-2024-2049,2024-07-08,PT-H4-000183,F-MAIN,GOLD,2024-07-03,2024-07-03,875700,201,False,False,False,875700,False,False,False,False,False,False,,remaining_checks_needed,False,False,False,False,False,False,False,False,False,False
INV-H4-000202,H4,INS-H4-2024-2049,2024-07-07,PT-H4-000197,F-MAIN,GOLD,2024-07-05,2024-07-05,1981900,202,False,False,False,1981900,False,False,False,False,False,False,,remaining_checks_needed,False,False,False,False,False,False,False,False,False,False
INV-H4-000203,H4,INS-H4-2024-2049,2024-07-15,PT-H4-000203,F-MAIN,GOLD,2024-07-05,2024-07-05,1979184,203,False,False,False,1979184,False,False,False,False,False,False,,remaining_checks_needed,False,False,False,False,False,False,False,False,False,False
INV-H4-000204,H4,INS-H4-2024-2049,2024-07-16,PT-H4-000147,F-MAIN,BRONZE,2024-07-06,2024-07-10,4171025,204,False,False,False,4171025,False,False,False,False,False,False,,remaining_checks_needed,False,False,False,False,False,False,False,False,False,False
INV-H4-000205,H4,INS-H4-2024-2049,2024-07-16,PT-H4-000063,F-MAIN,GOLD,2024-07-08,2024-07-14,3493500,205,False,False,False,3493500,False,False,False,False,False,False,,remaining_checks_needed,False,False,False,False,False,False,False,False,False,False
INV-H4-000206,H4,INS-H4-2024-2049,2024-07-22,PT-H4-000172,F-MAIN,SILVER,2024-07-08,2024-07-14,1988225,206,False,False,False,1988225,False,False,False,False,False,False,,remaining_checks_needed,False,False,False,False,False,False,False,False,False,False
INV-H4-000207,H4,INS-H4-2024-2049,2024-07-11,PT-H4-000199,F-MAIN,SILVER,2024-07-09,2024-07-10,930000,207,False,False,False,930000,False,False,False,False,False,False,,remaining_checks_needed,False,False,False,False,False,False,False,False,False,False
INV-H4-000208,H4,INS-H4-2024-2049,2024-07-20,PT-H4-000152,F-MAIN,SILVER,2024-07-10,2024-07-11,3600552,208,False,False,False,3600552,False,False,False,False,False,False,,remaining_checks_needed,False,False,False,False,False,False,False,False,False,False
INV-H4-000209,H4,INS-H4-2024-2049,2024-07-22,PT-H4-000135,F-MAIN,GOLD,2024-07-12,2024-07-14,2321736,209,False,False,False,2321736,False,False,False,False,False,False,,remaining_checks_needed,False,False,False,False,False,False,False,False,False,False
INV-H4-000210,H4,INS-H4-2024-2049,2024-07-18,PT-H4-000186,F-MAIN,SILVER,2024-07-12,2024-07-13,5038300,210,False,False,False,5038300,False,False,False,False,False,False,,remaining_checks_needed,False,False,False,False,False,False,False,False,False,False
INV-H4-000211,H4,INS-H4-2024-2049,2024-07-20,PT-H4-000016,F-MAIN,GOLD,2024-07-13,2024-07-15,3056100,211,False,False,False,3056100,False,False,False,False,False,False,,remaining_checks_needed,False,False,False,False,False,False,False,False,False,False
INV-H4-000212,H4,INS-H4-2024-2049,2024-07-21,PT-H4-000052,F-MAIN,SILVER,2024-07-14,2024-07-18,2243138,212,False,False,False,2243138,False,False,False,False,False,False,,remaining_checks_needed,False,False,False,False,False,False,False,False,False,False
INV-H4-000213,H4,INS-H4-2024-2049,2024-07-26,PT-H4-000107,F-MAIN,BRONZE,2024-07-14,2024-07-20,2984225,213,False,False,False,2984225,False,False,False,False,False,False,,remaining_checks_needed,False,False,False,False,False,False,False,False,False,False
INV-H4-000214,H4,INS-H4-2024-2049,2024-07-23,PT-H4-000073,F-MAIN,SILVER,2024-07-15,2024-07-15,3246025,214,False,False,False,3246025,False,False,False,False,False,False,,remaining_checks_needed,False,False,False,False,False,False,False,False,False,False
INV-H4-000215,H4,INS-H4-2024-2049,2024-07-20,PT-H4-000013,F-MAIN,GOLD,2024-07-16,2024-07-20,604825,215,False,False,False,604825,False,False,False,False,False,False,,remaining_checks_needed,False,False,False,False,False,False,False,False,False,False
INV-H4-000216,H4,INS-H4-2024-2049,2024-07-22,PT-H4-000191,F-MAIN,BRONZE,2024-07-16,2024-07-22,1973625,216,False,False,False,1973625,False,False,False,False,False,False,,remaining_checks_needed,False,False,False,False,False,False,False,False,False,False
INV-H4-000217,H4,INS-H4-2024-2049,2024-08-01,PT-H4-000025,F-MAIN,GOLD,2024-07-17,2024-07-23,2424724,217,False,False,False,2424724,False,False,False,False,False,False,unit_price_mismatch|bundle_rate_mismatch,errors_detected,False,True,False,False,False,True,False,False,False,False
INV-H4-000218,H4,INS-H4-2024-2049,2024-07-24,PT-H4-000037,F-MAIN,GOLD,2024-07-17,2024-07-23,2091390,218,False,False,False,2091390,False,False,False,False,False,False,,remaining_checks_needed,False,False,False,False,False,False,False,False,False,False
INV-H4-000219,H4,INS-H4-2024-2049,2024-07-26,PT-H4-000194,F-MAIN,GOLD,2024-07-17,2024-07-23,3351025,219,False,False,False,3351025,False,False,False,False,False,False,,remaining_checks_needed,False,False,False,False,False,False,False,False,False,False
INV-H4-000220,H4,INS-H4-2024-2049,2024-07-28,PT-H4-000183,F-MAIN,GOLD,2024-07-18,2024-07-24,4985275,220,False,False,False,4985275,False,False,False,False,False,False,,remaining_checks_needed,False,False,False,False,False,False,False,False,False,False
INV-H4-000221,H4,INS-H4-2024-2049,2024-07-31,PT-H4-000028,F-MAIN,SILVER,2024-07-19,2024-07-24,1251552,221,False,False,False,1251552,False,False,False,False,False,False,,remaining_checks_needed,False,False,False,False,False,False,False,False,False,False
INV-H4-000222,H4,INS-H4-2024-2049,2024-07-29,PT-H4-000071,F-MAIN,GOLD,2024-07-22,2024-07-22,1049900,222,False,False,False,1049900,False,False,False,False,False,False,,remaining_checks_needed,False,False,False,False,False,False,False,False,False,False
INV-H4-000223,H4,INS-H4-2024-2049,2024-07-31,PT-H4-000149,F-MAIN,SILVER,2024-07-22,2024-07-25,2854625,223,False,False,False,2854625,False,False,False,False,False,False,,remaining_checks_needed,False,False,False,False,False,False,False,False,False,False
INV-H4-000224,H4,INS-H4-2024-2049,2024-08-06,PT-H4-000178,F-MAIN,GOLD,2024-07-22,2024-07-28,1980323,224,False,False,False,1980323,False,False,False,False,False,False,,remaining_checks_needed,False,False,False,False,False,False,False,False,False,False
INV-H4-000225,H4,INS-H4-2024-2049,2024-07-30,PT-H4-000112,F-MAIN,SILVER,2024-07-23,2024-07-25,2624625,225,False,False,False,2624625,False,False,False,False,False,False,,remaining_checks_needed,False,False,False,False,False,False,False,False,False,False
INV-H4-000226,H4,INS-H4-2024-2049,2024-08-02,PT-H4-000006,F-MAIN,SILVER,2024-07-24,2024-07-26,941750,226,False,False,False,941750,False,False,False,False,False,True,line_total_arithmetic,errors_detected,False,False,False,False,False,False,False,False,False,False
INV-H4-000227,H4,INS-H4-2024-2049,2024-08-02,PT-H4-000090,F-MAIN,GOLD,2024-07-29,2024-07-30,4035850,227,False,False,False,4035850,False,False,False,False,False,False,,remaining_checks_needed,False,False,False,False,False,False,False,False,False,False
INV-H4-000228,H4,INS-H4-2024-2049,2024-08-08,PT-H4-000043,F-MAIN,SILVER,2024-07-31,2024-08-03,2264805,228,False,False,False,2264805,False,False,False,False,False,False,,remaining_checks_needed,False,False,False,False,False,False,False,False,False,False
INV-H4-000229,H4,INS-H4-2024-2049,2024-08-09,PT-H4-000099,F-MAIN,SILVER,2024-07-31,2024-08-02,2680971,229,False,False,False,2680971,False,False,False,False,False,False,,remaining_checks_needed,False,False,False,False,False,False,False,False,False,False
INV-H4-000230,H4,INS-H4-2024-2049,2024-08-03,PT-H4-000207,F-MAIN,GOLD,2024-07-31,2024-07-31,3617087,230,False,False,False,3617087,False,False,False,False,False,False,,remaining_checks_needed,False,False,False,False,False,False,False,False,False,False
INV-H4-000231,H4,INS-H4-2024-2049,2024-08-03,PT-H4-000176,F-MAIN,GOLD,2024-08-01,2024-08-02,4372475,231,False,False,False,4372475,False,False,False,False,False,False,,remaining_checks_needed,False,False,False,False,False,False,False,False,False,False
INV-H4-000232,H4,INS-H4-2024-2049,2024-08-03,PT-H4-000008,F-MAIN,BRONZE,2024-08-02,2024-08-03,1930675,232,False,False,False,1930675,False,False,False,False,False,False,,remaining_checks_needed,False,False,False,False,False,False,False,False,False,False
INV-H4-000233,H4,INS-H4-2024-2049,2024-08-08,PT-H4-000063,F-MAIN,GOLD,2024-08-02,2024-08-04,2666630,233,False,False,False,2666630,False,False,False,False,False,False,,remaining_checks_needed,False,False,False,False,False,False,False,False,False,False
INV-H4-000234,H4,INS-H4-2024-2049,2024-08-17,PT-H4-000110,F-MAIN,GOLD,2024-08-02,2024-08-08,1089700,234,False,False,False,1089700,False,False,False,False,False,False,,remaining_checks_needed,False,False,False,False,False,False,False,False,False,False
INV-H4-000235,H4,INS-H3-2024-0562,2024-08-10,PT-H4-000185,F-MAIN,SILVER,2024-08-03,2024-08-09,1538350,235,False,True,False,1538350,False,False,False,False,False,False,contract_number_mismatch,errors_detected,False,False,False,False,False,False,False,False,True,False
INV-H4-000236,H4,INS-H4-2024-2049,2024-08-08,PT-H4-000002,F-MAIN,BRONZE,2024-08-05,2024-08-08,2297550,236,False,False,False,2297550,False,False,False,False,False,False,,remaining_checks_needed,False,False,False,False,False,False,False,False,False,False
INV-H4-000237,H4,INS-H4-2024-2049,2024-08-14,PT-H4-000069,F-MAIN,GOLD,2024-08-06,2024-08-08,3644221,237,False,False,False,3644221,False,False,False,False,False,False,,remaining_checks_needed,False,False,False,False,False,False,False,False,False,False
INV-H4-000238,H4,INS-H4-2024-2049,2024-08-20,PT-H4-000050,F-MAIN,GOLD,2024-08-07,2024-08-10,1045225,238,False,False,False,1045225,False,False,False,False,False,False,,remaining_checks_needed,False,False,False,False,False,False,False,False,False,False
INV-H4-000239,H4,INS-H4-2024-2049,2024-08-19,PT-H4-000154,F-MAIN,GOLD,2024-08-07,2024-08-10,3914800,239,False,False,False,3914800,False,False,False,False,False,False,,remaining_checks_needed,False,False,False,False,False,False,False,False,False,False
INV-H4-000240,H4,INS-H4-2024-2049,2024-08-16,PT-H4-000176,F-MAIN,GOLD,2024-08-08,2024-08-14,2711979,240,False,False,False,2711979,False,False,False,False,False,False,,remaining_checks_needed,False,False,False,False,False,False,False,False,False,False
INV-H4-000241,H4,INS-H4-2024-2049,2024-08-22,PT-H4-000160,F-MAIN,GOLD,2024-08-09,2024-08-13,2652700,241,False,False,False,2652700,False,False,False,False,False,False,,remaining_checks_needed,False,False,False,False,False,False,False,False,False,False
INV-H4-000242,H4,INS-H4-2024-2049,2024-08-16,PT-H4-000099,F-MAIN,SILVER,2024-08-10,2024-08-14,4025602,242,False,False,False,4025602,False,False,False,False,False,False,,remaining_checks_needed,False,False,False,False,False,False,False,False,False,False
INV-H4-000243,H4,INS-H4-2024-2049,2024-08-17,PT-H4-000003,F-MAIN,GOLD,2024-08-11,2024-08-15,1488475,243,False,False,False,1488475,False,False,False,False,False,False,,remaining_checks_needed,False,False,False,False,False,False,False,False,False,False
INV-H4-000244,H4,INS-H4-2024-2049,2024-08-13,PT-H4-000036,F-MAIN,BRONZE,2024-08-12,2024-08-12,1335750,244,False,False,False,1335750,False,False,False,False,False,False,,remaining_checks_needed,False,False,False,False,False,False,False,False,False,False
INV-H4-000245,H4,INS-H4-2024-2049,2024-08-13,PT-H4-000179,F-MAIN,BRONZE,2024-08-12,2024-08-13,1497140,245,False,False,False,1497140,False,False,False,False,False,False,,remaining_checks_needed,False,False,False,False,False,False,False,False,False,False
INV-H4-000246,H4,INS-H4-2024-2049,2024-08-25,PT-H4-000114,F-MAIN,GOLD,2024-08-15,2024-08-20,2716947,246,False,False,False,2716947,False,False,False,False,False,False,,remaining_checks_needed,False,False,False,False,False,False,False,False,False,False
INV-H4-000247,H4,INS-H4-2024-2049,2024-08-26,PT-H4-000128,F-MAIN,BRONZE,2024-08-16,2024-08-18,3224198,247,False,False,False,3224198,False,False,False,False,False,False,quantity_premium_rate_mismatch,errors_detected,False,False,False,False,True,False,False,False,False,False
INV-H4-000248,H4,INS-H4-2024-2049,2024-08-24,PT-H4-000195,F-MAIN,SILVER,2024-08-16,2024-08-18,2382309,248,False,False,False,2382309,False,False,False,False,False,False,,remaining_checks_needed,False,False,False,False,False,False,False,False,False,False
INV-H4-000249,H4,INS-H4-2024-2049,2024-08-20,PT-H4-000077,F-MAIN,GOLD,2024-08-17,2024-08-19,2468650,249,False,False,False,2468650,False,False,False,False,False,False,,remaining_checks_needed,False,False,False,False,False,False,False,False,False,False
INV-H4-000250,H4,INS-H4-2024-2049,2024-08-27,PT-H4-000058,F-MAIN,GOLD,2024-08-18,2024-08-18,2665181,250,False,False,False,2665181,False,False,False,False,False,False,,remaining_checks_needed,False,False,False,False,False,False,False,False,False,False
INV-H4-000251,H4,INS-H4-2024-2049,2024-08-28,PT-H4-000198,F-MAIN,BRONZE,2024-08-21,2024-08-27,1327425,251,False,False,False,1327425,False,False,False,False,False,False,,remaining_checks_needed,False,False,False,False,False,False,False,False,False,False
INV-H4-000252,H4,INS-H4-2024-2049,2024-09-04,PT-H4-000128,F-MAIN,BRONZE,2024-08-22,2024-08-28,2894100,252,False,False,False,2894100,False,False,False,False,False,False,,remaining_checks_needed,False,False,False,False,False,False,False,False,False,False
INV-H4-000253,H4,INS-H4-2024-2049,2024-08-27,PT-H4-000105,F-MAIN,BRONZE,2024-08-23,2024-08-26,985450,253,False,False,False,985450,False,False,False,False,False,False,,remaining_checks_needed,False,False,False,False,False,False,False,False,False,False
INV-H4-000254,H4,INS-H4-2024-2049,2024-09-02,PT-H4-000167,F-MAIN,SILVER,2024-08-23,2024-08-29,1369875,254,False,False,False,1369875,False,False,False,False,False,False,,remaining_checks_needed,False,False,False,False,False,False,False,False,False,False
INV-H4-000255,H4,INS-H4-2024-2049,2024-09-06,PT-H4-000190,F-MAIN,GOLD,2024-08-24,2024-08-29,1882120,255,False,False,False,1882120,False,False,False,False,False,False,,remaining_checks_needed,False,False,False,False,False,False,False,False,False,False
INV-H4-000256,H4,INS-H4-2024-2049,2024-08-25,PT-H4-000195,F-MAIN,SILVER,2024-08-24,2024-08-24,682700,256,False,False,False,682700,False,False,False,False,False,False,,remaining_checks_needed,False,False,False,False,False,False,False,False,False,False
INV-H4-000257,H4,INS-H4-2024-2049,2024-08-30,PT-H4-000209,F-MAIN,SILVER,2024-08-29,2024-08-30,3266665,257,False,False,False,3266665,False,False,False,False,False,False,,remaining_checks_needed,False,False,False,False,False,False,False,False,False,False
INV-H4-000258,H4,INS-H4-2024-2049,2024-09-13,PT-H4-000047,F-MAIN,BRONZE,2024-08-31,2024-09-04,1118825,258,False,False,False,1118825,False,False,False,False,False,False,,remaining_checks_needed,False,False,False,False,False,False,False,False,False,False
INV-H4-000259,H4,INS-H4-2024-2049,2024-09-12,PT-H4-000063,F-MAIN,GOLD,2024-08-31,2024-09-05,4427913,259,False,False,False,4427913,False,False,False,False,False,False,quantity_premium_rate_mismatch,errors_detected,False,False,False,False,True,False,False,False,False,False
INV-H4-000260,H4,INS-H4-2024-2049,2024-09-09,PT-H4-000041,F-MAIN,BRONZE,2024-09-01,2024-09-04,1657025,260,False,False,False,1657025,False,False,False,False,True,True,service_date_out_of_window|line_total_arithmetic,errors_detected,False,False,False,False,False,False,False,False,False,False
INV-H4-000261,H4,INS-H4-2024-2049,2024-09-13,PT-H4-000150,F-MAIN,GOLD,2024-09-02,2024-09-06,1789878,261,False,False,False,1789878,False,False,False,False,False,False,,remaining_checks_needed,False,False,False,False,False,False,False,False,False,False
INV-H4-000262,H4,INS-H4-2024-2049,2024-09-04,PT-H4-000014,F-MAIN,GOLD,2024-09-03,2024-09-03,2110186,262,False,False,False,2110186,False,False,False,False,False,False,,remaining_checks_needed,False,False,False,False,False,False,False,False,False,False
INV-H4-000263,H4,INS-H4-2024-2049,2024-09-15,PT-H4-000044,F-MAIN,SILVER,2024-09-04,2024-09-05,1153981,263,False,False,False,1153981,False,False,False,False,False,False,,remaining_checks_needed,False,False,False,False,False,False,False,False,False,False
INV-H4-000264,H4,INS-H4-2024-2049,2024-09-04,PT-H4-000210,F-MAIN,SILVER,2024-09-04,2024-09-04,2802450,264,True,False,False,2802450,False,False,False,False,False,False,duplicate_invoice_id,errors_detected,False,False,False,False,False,False,False,False,False,True
INV-H4-000265,H4,INS-H4-2024-2049,2024-09-19,PT-H4-000194,F-MAIN,GOLD,2024-09-05,2024-09-10,4404590,265,False,False,False,4404590,False,False,False,False,False,False,,remaining_checks_needed,False,False,False,False,False,False,False,False,False,False
INV-H4-000266,H4,INS-H4-2024-2049,2024-09-16,PT-H4-000003,F-MAIN,GOLD,2024-09-06,2024-09-06,613575,266,False,False,False,613575,False,False,False,False,False,False,,remaining_checks_needed,False,False,False,False,False,False,False,False,False,False
INV-H4-000267,H4,INS-H4-2024-2049,2024-09-17,PT-H4-000194,F-MAIN,GOLD,2024-09-06,2024-09-10,2593453,267,False,False,False,2593453,False,False,False,False,False,False,,remaining_checks_needed,False,False,False,False,False,False,False,False,False,False
INV-H4-000268,H4,INS-H4-2024-2049,2024-09-21,PT-H4-000158,F-MAIN,GOLD,2024-09-07,2024-09-13,977995,268,False,False,False,977995,False,False,False,False,False,False,,remaining_checks_needed,False,False,False,False,False,False,False,False,False,False
INV-H4-000269,H4,INS-H4-2024-2049,2024-09-22,PT-H4-000181,F-MAIN,SILVER,2024-09-08,2024-09-13,3368618,269,False,False,False,3368618,False,False,False,False,False,False,,remaining_checks_needed,False,False,False,False,False,False,False,False,False,False
INV-H4-000270,H4,INS-H4-2024-2049,2024-09-14,PT-H4-000010,F-MAIN,BRONZE,2024-09-10,2024-09-11,2654548,270,False,False,False,2654548,False,False,False,False,False,False,,remaining_checks_needed,False,False,False,False,False,False,False,False,False,False
INV-H4-000271,H4,INS-H4-2024-2049,2024-09-11,PT-H4-000097,F-MAIN,SILVER,2024-09-10,2024-09-11,5044659,271,False,False,False,5044659,False,False,False,False,False,False,,remaining_checks_needed,False,False,False,False,False,False,False,False,False,False
INV-H4-000272,H4,INS-H4-2024-2049,2024-09-14,PT-H4-000115,F-MAIN,BRONZE,2024-09-10,2024-09-12,1856562,272,False,False,False,1856562,False,False,False,False,False,False,,remaining_checks_needed,False,False,False,False,False,False,False,False,False,False
INV-H4-000273,H4,INS-H4-2024-2049,2024-09-20,PT-H4-000118,F-MAIN,GOLD,2024-09-10,2024-09-10,1988640,273,False,False,False,1988640,False,False,False,False,False,False,,remaining_checks_needed,False,False,False,False,False,False,False,False,False,False
INV-H4-000274,H4,INS-H4-2024-2049,2024-09-20,PT-H4-000100,F-MAIN,SILVER,2024-09-11,2024-09-14,1107275,274,False,False,False,1107275,False,False,False,False,False,False,,remaining_checks_needed,False,False,False,False,False,False,False,False,False,False
INV-H4-000275,H4,INS-H4-2024-2049,2024-09-23,PT-H4-000141,F-MAIN,GOLD,2024-09-12,2024-09-14,3175125,275,False,False,False,3175125,False,False,False,False,False,False,,remaining_checks_needed,False,False,False,False,False,False,False,False,False,False
INV-H4-000276,H4,INS-H4-2024-2049,2024-09-19,PT-H4-000088,F-MAIN,GOLD,2024-09-16,2024-09-16,4113650,276,False,False,False,4113650,False,False,False,False,False,False,,remaining_checks_needed,False,False,False,False,False,False,False,False,False,False
INV-H4-000277,H4,INS-H4-2024-2049,2024-09-23,PT-H4-000172,F-MAIN,SILVER,2024-09-16,2024-09-20,3302165,277,False,False,False,3302165,False,False,False,False,False,False,,remaining_checks_needed,False,False,False,False,False,False,False,False,False,False
INV-H4-000278,H4,INS-H4-2024-2049,2024-09-21,PT-H4-000019,F-MAIN,SILVER,2024-09-17,2024-09-21,3446950,278,False,False,False,3446950,False,False,False,False,False,False,,remaining_checks_needed,False,False,False,False,False,False,False,False,False,False
INV-H4-000279,H4,INS-H4-2024-2049,2024-09-28,PT-H4-000122,F-MAIN,GOLD,2024-09-17,2024-09-21,2072558,279,False,False,False,2072558,False,False,False,False,False,False,,remaining_checks_needed,False,False,False,False,False,False,False,False,False,False
INV-H4-000280,H4,INS-H4-2024-2049,2024-09-21,PT-H4-000007,F-MAIN,SILVER,2024-09-18,2024-09-18,2693475,280,False,False,False,2693475,False,False,False,False,False,False,,remaining_checks_needed,False,False,False,False,False,False,False,False,False,False
INV-H4-000281,H4,INS-H4-2024-2049,2024-09-21,PT-H4-000196,F-MAIN,GOLD,2024-09-18,2024-09-19,1513905,281,False,False,False,1513905,False,False,False,False,False,False,,remaining_checks_needed,False,False,False,False,False,False,False,False,False,False
INV-H4-000282,H4,INS-H4-2024-2049,2024-10-01,PT-H4-000123,F-MAIN,BRONZE,2024-09-19,2024-09-22,1401500,282,False,False,False,1401500,False,False,False,False,False,False,,remaining_checks_needed,False,False,False,False,False,False,False,False,False,False
INV-H4-000283,H4,INS-H4-2024-2049,2024-09-26,PT-H4-000124,F-MAIN,SILVER,2024-09-19,2024-09-23,4108178,283,False,False,False,4108178,False,False,False,False,False,False,,remaining_checks_needed,False,False,False,False,False,False,False,False,False,False
INV-H4-000284,H4,INS-H4-2024-2049,2024-09-26,PT-H4-000175,F-MAIN,SILVER,2024-09-19,2024-09-20,531900,284,False,False,False,531900,False,False,False,False,False,False,,remaining_checks_needed,False,False,False,False,False,False,False,False,False,False
INV-H4-000285,H4,INS-H4-2024-2049,2024-09-23,PT-H4-000054,F-MAIN,BRONZE,2024-09-20,2024-09-23,1044325,285,False,False,False,1044325,False,False,False,False,False,False,,remaining_checks_needed,False,False,False,False,False,False,False,False,False,False
INV-H4-000286,H4,INS-H4-2024-2049,2024-09-30,PT-H4-000085,F-MAIN,GOLD,2024-09-21,2024-09-21,2054450,286,False,False,False,2054450,False,False,False,False,False,False,,remaining_checks_needed,False,False,False,False,False,False,False,False,False,False
INV-H4-000287,H4,INS-H4-2024-2049,2024-09-25,PT-H4-000196,F-MAIN,GOLD,2024-09-21,2024-09-22,3420900,287,False,False,False,3420900,False,False,False,False,False,False,,remaining_checks_needed,False,False,False,False,False,False,False,False,False,False
INV-H4-000288,H4,INS-H4-2024-2049,2024-09-26,PT-H4-000067,F-MAIN,SILVER,2024-09-22,2024-09-23,1085000,288,False,False,False,1085000,False,False,False,False,False,False,,remaining_checks_needed,False,False,False,False,False,False,False,False,False,False
INV-H4-000289,H4,INS-H4-2024-2049,2024-09-26,PT-H4-000169,F-MAIN,GOLD,2024-09-22,2024-09-22,4165533,289,False,False,False,4165533,False,False,False,False,False,False,,remaining_checks_needed,False,False,False,False,False,False,False,False,False,False
INV-H4-000290,H4,INS-H4-2024-2049,2024-10-06,PT-H4-000084,F-MAIN,BRONZE,2024-09-23,2024-09-27,3406925,290,False,False,False,3406925,False,False,False,False,False,False,,remaining_checks_needed,False,False,False,False,False,False,False,False,False,False
INV-H4-000291,H4,INS-H4-2024-2049,2024-09-27,PT-H4-000199,F-MAIN,SILVER,2024-09-24,2024-09-25,2286450,291,False,False,False,2286450,False,False,False,False,False,False,,remaining_checks_needed,False,False,False,False,False,False,False,False,False,False
INV-H4-000292,H4,INS-H4-2024-2049,2024-10-10,PT-H4-000011,F-MAIN,GOLD,2024-09-26,2024-10-01,1980000,292,False,False,False,1980000,False,False,False,False,False,False,,remaining_checks_needed,False,False,False,False,False,False,False,False,False,False
INV-H4-000293,H4,INS-H4-2024-2049,2024-10-01,PT-H4-000075,F-MAIN,GOLD,2024-09-27,2024-09-30,3500841,293,False,False,False,3500841,False,False,False,False,False,False,bundle_rate_mismatch,errors_detected,False,False,False,False,False,True,False,False,False,False
INV-H4-000294,H4,INS-H4-2024-2049,2024-10-13,PT-H4-000137,F-MAIN,SILVER,2024-09-27,2024-10-03,827525,294,False,False,False,827525,False,False,False,False,False,False,,remaining_checks_needed,False,False,False,False,False,False,False,False,False,False
INV-H4-000295,H4,INS-H4-2024-2049,2024-10-06,PT-H4-000180,F-MAIN,GOLD,2024-09-27,2024-09-29,579025,295,False,False,False,579025,False,False,False,False,False,False,,remaining_checks_needed,False,False,False,False,False,False,False,False,False,False
INV-H4-000296,H4,INS-H4-2024-2049,2024-10-01,PT-H4-000040,F-MAIN,GOLD,2024-09-28,2024-09-30,1443230,296,False,False,False,1443230,False,False,False,False,False,False,,remaining_checks_needed,False,False,False,False,False,False,False,False,False,False
INV-H4-000297,H4,INS-H4-2024-2049,2024-10-13,PT-H4-000076,F-MAIN,SILVER,2024-09-28,2024-10-03,3398204,297,False,False,False,3398204,False,False,False,False,False,False,,remaining_checks_needed,False,False,False,False,False,False,False,False,False,False
INV-H4-000298,H4,INS-H4-2024-2049,2024-10-07,PT-H4-000057,F-MAIN,BRONZE,2024-09-29,2024-10-05,2093400,298,False,False,False,2093400,False,False,False,False,False,False,,remaining_checks_needed,False,False,False,False,False,False,False,False,False,False
INV-H4-000299,H4,INS-H4-2024-2049,2024-10-12,PT-H4-000144,F-MAIN,BRONZE,2024-09-30,2024-10-05,421750,299,False,False,False,421750,False,False,False,False,False,False,,remaining_checks_needed,False,False,False,False,False,False,False,False,False,False
INV-H4-000300,H4,INS-H4-2024-2049,2024-10-12,PT-H4-000176,F-MAIN,GOLD,2024-10-01,2024-10-07,4207405,300,False,False,False,4207405,False,False,False,False,False,False,,remaining_checks_needed,False,False,False,False,False,False,False,False,False,False
INV-H4-000301,H4,INS-H4-2024-2049,2024-10-09,PT-H4-000128,F-MAIN,BRONZE,2024-10-03,2024-10-05,1677800,301,False,False,False,1677800,False,False,False,False,False,False,,remaining_checks_needed,False,False,False,False,False,False,False,False,False,False
INV-H4-000302,H4,INS-H4-2024-2049,2024-10-18,PT-H4-000068,F-MAIN,SILVER,2024-10-04,2024-10-10,1454463,302,False,False,False,1454463,False,False,False,False,False,False,,remaining_checks_needed,False,False,False,False,False,False,False,False,False,False
INV-H4-000079,H4,INS-H4-2024-2049,2024-10-13,PT-H4-000040,F-MAIN,GOLD,2024-10-05,2024-10-08,1486726,303,True,False,False,1486726,False,False,False,False,False,False,duplicate_invoice_id,errors_detected,False,False,False,False,False,False,False,False,False,False
INV-H4-000304,H4,INS-H4-2024-2049,2024-10-10,PT-H4-000164,F-MAIN,GOLD,2024-10-05,2024-10-07,4995628,304,False,False,False,4995628,False,False,False,False,False,False,,remaining_checks_needed,False,False,False,False,False,False,False,False,False,False
INV-H4-000305,H4,INS-H4-2024-2049,2024-10-16,PT-H4-000150,F-MAIN,GOLD,2024-10-06,2024-10-12,2221575,305,False,False,False,2221575,False,False,False,False,False,False,,remaining_checks_needed,False,False,False,False,False,False,False,False,False,False
INV-H4-000306,H4,INS-H4-2024-2049,2024-10-13,PT-H4-000181,F-MAIN,SILVER,2024-10-06,2024-10-11,2618850,306,False,False,False,2618850,False,False,False,False,False,False,,remaining_checks_needed,False,False,False,False,False,False,False,False,False,False
INV-H4-000307,H4,INS-H4-2024-2049,2024-10-14,PT-H4-000198,F-MAIN,BRONZE,2024-10-06,2024-10-12,4621560,307,False,False,False,4621560,False,False,False,False,False,False,,remaining_checks_needed,False,False,False,False,False,False,False,False,False,False
INV-H4-000308,H4,INS-H4-2024-2049,2024-10-22,PT-H4-000121,F-MAIN,BRONZE,2024-10-07,2024-10-12,2714544,308,False,False,False,2714544,False,False,False,False,False,False,,remaining_checks_needed,False,False,False,False,False,False,False,False,False,False
INV-H4-000309,H4,INS-H4-2024-2049,2024-10-17,PT-H4-000134,F-MAIN,SILVER,2024-10-07,2024-10-13,3550818,309,False,False,False,3550818,False,False,False,False,False,False,,remaining_checks_needed,False,False,False,False,False,False,False,False,False,True
INV-H4-000310,H4,INS-H4-2024-2049,2024-10-17,PT-H4-000058,F-MAIN,GOLD,2024-10-08,2024-10-11,1316020,310,False,False,False,1316020,False,False,False,False,False,False,,remaining_checks_needed,False,False,False,False,False,False,False,False,False,False
INV-H4-000311,H4,INS-H4-2024-2049,2024-10-17,PT-H4-000125,F-MAIN,GOLD,2024-10-08,2024-10-08,1972059,311,False,False,False,1972059,False,False,False,False,False,False,,remaining_checks_needed,False,False,False,False,False,False,False,False,False,False
INV-H4-000312,H4,INS-H4-2024-2049,2024-10-16,PT-H4-000189,F-MAIN,SILVER,2024-10-09,2024-10-11,699500,312,False,False,False,699500,False,False,False,False,False,False,,remaining_checks_needed,False,False,False,False,False,False,False,False,False,False
INV-H4-000313,H4,INS-H4-2024-2049,2024-10-14,PT-H4-000031,F-MAIN,SILVER,2024-10-10,2024-10-12,800725,313,False,False,False,800725,False,False,False,False,False,False,,remaining_checks_needed,False,False,False,False,False,False,False,False,False,False
INV-H4-000314,H4,INS-H4-2024-2049,2024-10-20,PT-H4-000158,F-MAIN,GOLD,2024-10-12,2024-10-12,697175,314,False,False,False,697175,False,False,False,False,False,False,,remaining_checks_needed,False,False,False,False,False,False,False,False,False,False
INV-H4-000315,H4,INS-H4-2024-2049,2024-10-27,PT-H4-000196,F-MAIN,GOLD,2024-10-13,2024-10-17,1699100,315,False,False,False,1699100,False,False,False,False,False,False,,remaining_checks_needed,False,False,False,False,False,False,False,False,False,False
INV-H4-000316,H4,INS-H4-2024-2049,2024-10-24,PT-H4-000019,F-MAIN,SILVER,2024-10-14,2024-10-17,4094625,316,False,False,False,4094625,False,False,False,False,False,False,,remaining_checks_needed,False,False,False,False,False,False,False,False,False,False
INV-H4-000317,H4,INS-H4-2024-2049,2024-10-27,PT-H4-000111,F-MAIN,GOLD,2024-10-14,2024-10-19,2361575,317,False,False,False,2361575,False,False,False,False,False,False,,remaining_checks_needed,False,False,False,False,False,False,False,False,False,False
INV-H4-000318,H4,INS-H4-2024-2049,2024-10-30,PT-H4-000047,F-MAIN,BRONZE,2024-10-16,2024-10-21,4698159,318,False,False,False,4698159,False,False,False,False,False,False,,remaining_checks_needed,False,False,False,False,False,False,False,False,False,False
INV-H4-000319,H4,INS-H4-2024-2049,2024-10-24,PT-H4-000154,F-MAIN,GOLD,2024-10-16,2024-10-17,1918250,319,False,False,False,1918250,False,False,False,False,False,False,,remaining_checks_needed,False,False,False,False,False,False,False,False,False,False
INV-H4-000320,H4,INS-H4-2024-2049,2024-10-20,PT-H4-000190,F-MAIN,GOLD,2024-10-16,2024-10-18,2024262,320,False,False,False,2024262,False,False,False,False,False,False,,remaining_checks_needed,False,False,False,False,False,False,False,False,False,False
INV-H4-000321,H4,INS-H4-2024-2049,2024-10-26,PT-H4-000202,F-MAIN,BRONZE,2024-10-16,2024-10-19,2786067,321,False,False,False,2786067,False,False,False,False,False,False,,remaining_checks_needed,False,False,False,False,False,False,False,False,False,False
INV-H4-000322,H4,INS-H4-2024-2049,2024-10-29,PT-H4-000010,F-MAIN,BRONZE,2024-10-17,2024-10-21,1402175,322,False,False,False,1402175,False,False,False,False,False,False,,remaining_checks_needed,False,False,False,False,False,False,False,False,False,False
INV-H4-000323,H4,INS-H4-2024-2049,2024-10-25,PT-H4-000137,F-MAIN,SILVER,2024-10-17,2024-10-21,1906175,323,False,False,False,1905175,False,True,False,False,False,False,invoice_total_mismatch,errors_detected,False,False,False,False,False,False,False,False,False,False
INV-H4-000324,H4,INS-H4-2024-2049,2024-10-27,PT-H4-000046,F-MAIN,GOLD,2024-10-19,2024-10-23,737415,324,False,False,False,737415,False,False,False,False,False,False,,remaining_checks_needed,False,False,False,False,False,False,False,False,False,False
INV-H4-000325,H4,INS-H4-2024-2049,2024-10-30,PT-H4-000124,F-MAIN,SILVER,2024-10-20,2024-10-21,1768325,325,False,False,False,1768325,False,False,False,False,False,False,,remaining_checks_needed,False,False,False,False,False,False,False,False,False,False
INV-H4-000326,H4,INS-H4-2024-2049,2024-11-02,PT-H4-000067,F-MAIN,SILVER,2024-10-21,2024-10-24,3798200,326,False,False,False,3798200,False,False,False,False,False,False,,remaining_checks_needed,False,False,False,False,False,False,False,False,False,False
INV-H4-000327,H4,INS-H4-2024-2049,2024-10-27,PT-H4-000098,F-MAIN,SILVER,2024-10-21,2024-10-26,1996725,327,False,False,False,1996725,False,False,False,False,False,False,,remaining_checks_needed,False,False,False,False,False,False,False,False,False,False
INV-H4-000328,H4,INS-H4-2024-2049,2024-10-29,PT-H4-000098,F-MAIN,SILVER,2024-10-21,2024-10-23,917100,328,False,False,False,917100,False,False,False,False,False,False,,remaining_checks_needed,False,False,False,False,False,False,False,False,False,False
INV-H4-000329,H4,INS-H4-2024-2049,2024-10-29,PT-H4-000190,F-MAIN,GOLD,2024-10-21,2024-10-22,2992320,329,False,False,False,2992320,False,False,False,False,False,False,,remaining_checks_needed,False,False,False,False,False,False,False,False,False,False
INV-H4-000330,H4,INS-H4-2024-2049,2024-11-02,PT-H4-000100,F-MAIN,SILVER,2024-10-23,2024-10-27,1330250,330,False,False,False,1330250,False,False,False,False,False,False,,remaining_checks_needed,False,False,False,False,False,False,False,False,False,False
INV-H4-000331,H4,INS-H4-2024-2049,2024-11-02,PT-H4-000062,F-MAIN,SILVER,2024-10-24,2024-10-26,4216333,331,False,False,False,4216333,False,False,False,False,False,False,,remaining_checks_needed,False,False,False,False,False,False,False,False,False,False
INV-H4-000332,H4,INS-H4-2024-2049,2024-11-04,PT-H4-000036,F-MAIN,BRONZE,2024-10-30,2024-11-04,4836400,332,False,False,False,4836400,False,False,False,False,False,False,,remaining_checks_needed,False,False,False,False,False,False,False,False,False,False
INV-H4-000333,H4,INS-H4-2024-2049,2024-11-13,PT-H4-000115,F-MAIN,BRONZE,2024-10-30,2024-11-03,999950,333,False,False,False,999950,False,False,False,False,False,False,,remaining_checks_needed,False,False,False,False,False,False,False,False,False,False
INV-H4-000334,H4,INS-H4-2024-2049,2024-11-13,PT-H4-000149,F-MAIN,SILVER,2024-11-01,2024-11-05,1071950,334,False,False,False,1071950,False,False,False,False,False,False,,remaining_checks_needed,False,False,False,False,False,False,False,False,False,False
INV-H4-000335,H4,INS-H4-2024-2049,2024-11-08,PT-H4-000078,F-MAIN,SILVER,2024-11-02,2024-11-02,2045545,335,False,False,False,2045545,False,False,False,False,False,False,,remaining_checks_needed,False,False,False,False,False,False,False,False,False,False
INV-H4-000336,H4,INS-H4-2024-2049,2024-11-10,PT-H4-000101,F-MAIN,SILVER,2024-11-02,2024-11-05,3783718,336,False,False,False,3783718,False,False,False,False,False,False,,remaining_checks_needed,False,False,False,False,False,False,False,False,False,False
INV-H4-000337,H4,INS-H4-2024-2049,2024-11-09,PT-H4-000123,F-MAIN,BRONZE,2024-11-02,2024-11-05,2762165,337,False,False,False,2762165,False,False,False,False,False,False,,remaining_checks_needed,False,False,False,False,False,False,False,False,False,False
INV-H4-000338,H4,INS-H4-2024-2049,2024-11-06,PT-H4-000015,F-MAIN,GOLD,2024-11-04,2024-11-05,3339125,338,False,False,False,3339125,False,False,False,False,False,False,,remaining_checks_needed,False,False,False,False,False,False,False,False,False,False
INV-H4-000339,H4,INS-H4-2024-2049,2024-11-14,PT-H4-000121,F-MAIN,BRONZE,2024-11-04,2024-11-07,2489370,339,False,False,False,2489370,False,False,False,False,False,False,,remaining_checks_needed,False,False,False,False,False,False,False,False,False,False
INV-H4-000340,H4,INS-H4-2024-2049,2024-11-16,PT-H4-000174,F-MAIN,SILVER,2024-11-05,2024-11-11,572600,340,False,False,False,572600,False,False,False,False,False,False,,remaining_checks_needed,False,False,False,False,False,False,False,False,False,False
INV-H4-000341,H4,INS-H4-2024-2049,2024-11-17,PT-H4-000067,F-MAIN,SILVER,2024-11-07,2024-11-10,5736706,341,False,False,False,5736706,False,False,False,False,False,False,,remaining_checks_needed,False,False,False,False,False,False,False,False,False,False
INV-H4-000342,H4,INS-H4-2024-2049,2024-11-10,PT-H4-000029,F-MAIN,SILVER,2024-11-08,2024-11-10,1868200,342,False,False,False,1868200,False,False,False,False,False,False,,remaining_checks_needed,False,False,False,False,False,False,False,False,False,False
INV-H4-000343,H4,INS-H4-2024-2049,2024-11-10,PT-H4-000045,F-MAIN,BRONZE,2024-11-08,2024-11-08,1048175,343,False,False,False,1048175,False,False,False,False,False,False,,remaining_checks_needed,False,False,False,False,False,False,False,False,False,False
INV-H4-000344,H4,INS-H4-2024-2049,2024-11-14,PT-H4-000063,F-MAIN,GOLD,2024-11-09,2024-11-10,2427031,344,False,False,False,2427031,False,False,False,False,False,False,,remaining_checks_needed,False,False,False,False,False,False,False,False,False,False
INV-H4-000345,H4,INS-H4-2024-2049,2024-11-15,PT-H4-000107,F-MAIN,BRONZE,2024-11-09,2024-11-12,2320375,345,False,False,False,2320375,False,False,False,False,False,False,,remaining_checks_needed,False,False,False,False,False,False,False,False,False,False
INV-H4-000346,H4,INS-H4-2024-2049,2024-11-24,PT-H4-000120,F-MAIN,BRONZE,2024-11-10,2024-11-16,4225450,346,False,False,False,4225450,False,False,False,False,False,False,,remaining_checks_needed,False,False,False,False,False,False,False,False,False,False
INV-H4-000347,H4,INS-H4-2024-2049,2024-11-17,PT-H4-000024,F-MAIN,BRONZE,2024-11-11,2024-11-16,1895670,347,False,False,False,1895670,False,False,False,False,False,False,,remaining_checks_needed,False,False,False,False,False,False,False,False,False,False
INV-H4-000348,H4,INS-H4-2024-2049,2024-11-25,PT-H4-000180,F-MAIN,GOLD,2024-11-11,2024-11-15,2813528,348,False,False,False,2813528,False,False,False,False,False,False,,remaining_checks_needed,False,False,False,False,False,False,False,False,False,False
INV-H4-000349,H4,INS-H4-2024-2049,2024-11-16,PT-H4-000183,F-MAIN,GOLD,2024-11-13,2024-11-14,2307175,349,False,False,False,2307175,False,False,False,False,False,False,,remaining_checks_needed,False,False,False,False,False,False,False,False,False,False
INV-H4-000350,H4,INS-H4-2024-2049,2024-11-25,PT-H4-000176,F-MAIN,GOLD,2024-11-15,2024-11-19,3278425,350,False,False,False,3278425,False,False,False,False,False,False,,remaining_checks_needed,False,False,False,False,False,False,False,False,False,False
INV-H4-000351,H4,INS-H4-2024-2049,2024-11-26,PT-H4-000166,F-MAIN,SILVER,2024-11-17,2024-11-21,5091100,351,False,False,False,5091100,False,False,False,False,False,False,,remaining_checks_needed,False,False,False,False,False,False,False,False,False,False
INV-H4-000352,H4,INS-H4-2024-2049,2024-12-03,PT-H4-000001,F-MAIN,SILVER,2024-11-18,2024-11-24,1914963,352,False,False,False,1914963,False,False,False,False,False,False,,remaining_checks_needed,False,False,False,False,False,False,False,False,False,False
INV-H4-000353,H4,INS-H4-2024-2049,2024-11-21,PT-H4-000080,F-MAIN,SILVER,2024-11-19,2024-11-20,981842,353,False,False,False,981842,False,False,False,False,False,False,,remaining_checks_needed,False,False,False,False,False,False,False,False,False,False
INV-H4-000354,H4,INS-H4-2024-2049,2024-12-01,PT-H4-000104,F-MAIN,BRONZE,2024-11-19,2024-11-21,2357825,354,False,False,False,2357825,False,False,False,False,False,False,,remaining_checks_needed,False,False,False,False,False,False,False,False,False,False
INV-H4-000355,H4,INS-H4-2024-2049,2024-11-30,PT-H4-000059,F-MAIN,GOLD,2024-11-21,2024-11-21,2871831,355,False,False,False,2871831,False,False,False,False,False,False,quantity_premium_rate_mismatch,errors_detected,False,False,False,False,True,False,False,False,False,False
INV-H4-000356,H4,INS-H4-2024-2049,2024-11-26,PT-H4-000054,F-MAIN,BRONZE,2024-11-23,2024-11-25,1230034,356,False,False,False,1230034,False,False,False,False,False,False,,remaining_checks_needed,False,False,False,False,False,False,False,False,False,False
INV-H4-000357,H4,INS-H4-2024-2049,2024-12-01,PT-H4-000080,F-MAIN,SILVER,2024-11-24,2024-11-30,3397840,357,False,False,False,3397840,False,False,False,False,False,False,,remaining_checks_needed,False,False,False,False,False,False,False,False,False,False
INV-H4-000358,H4,INS-H4-2024-2049,2024-12-03,PT-H4-000143,F-MAIN,BRONZE,2024-11-24,2024-11-27,5154605,358,False,False,False,5154605,False,False,False,False,False,False,,remaining_checks_needed,False,False,False,False,False,False,False,False,False,False
INV-H4-000359,H4,INS-H4-2024-2049,2024-12-07,PT-H4-000091,F-MAIN,BRONZE,2024-11-25,2024-12-01,1946150,359,False,False,False,1946150,False,False,False,False,False,False,,remaining_checks_needed,False,False,False,False,False,False,False,False,False,False
INV-H4-000360,H4,INS-H4-2024-2049,2024-12-02,PT-H4-000053,F-MAIN,SILVER,2024-11-26,2024-12-02,4291045,360,False,False,False,4291045,False,False,False,False,False,False,,remaining_checks_needed,False,False,False,False,False,False,False,False,False,False
INV-H4-000361,H4,INS-H4-2024-2049,2024-12-09,PT-H4-000200,F-MAIN,GOLD,2024-11-28,2024-11-29,4042944,361,False,False,False,4042944,False,False,False,False,False,False,,remaining_checks_needed,False,False,False,False,False,False,False,False,False,False
INV-H4-000362,H4,INS-H4-2024-2049,2024-12-06,PT-H4-000040,F-MAIN,GOLD,2024-11-29,2024-12-01,369425,362,False,False,False,369425,False,False,False,False,False,False,,remaining_checks_needed,False,False,False,False,False,False,False,False,False,False
INV-H4-000363,H4,INS-H4-2024-2049,2024-12-07,PT-H4-000039,F-MAIN,GOLD,2024-11-30,2024-12-01,2873300,363,False,False,False,2873300,False,False,False,False,False,False,,remaining_checks_needed,False,False,False,False,False,False,False,False,False,False
INV-H4-000364,H4,INS-H4-2024-2049,2024-12-04,PT-H4-000088,F-MAIN,GOLD,2024-12-02,2024-12-04,2238755,364,False,False,False,2238755,False,False,False,False,False,False,,remaining_checks_needed,False,False,False,False,False,False,False,False,False,False
INV-H4-000365,H4,INS-H4-2024-2049,2024-12-07,PT-H4-000102,F-MAIN,SILVER,2024-12-02,2024-12-05,1747290,365,False,False,False,1747290,False,False,False,False,False,False,,remaining_checks_needed,False,False,False,False,False,False,False,False,False,False
INV-H4-000366,H4,INS-H4-2024-2049,2024-12-14,PT-H4-000050,F-MAIN,GOLD,2024-12-04,2024-12-04,1394828,366,False,False,False,1394828,False,False,False,False,False,False,,remaining_checks_needed,False,False,False,False,False,False,False,False,False,False
INV-H4-000367,H4,INS-H4-2024-2049,2024-12-08,PT-H4-000124,F-MAIN,SILVER,2024-12-05,2024-12-06,2149531,367,False,False,False,2149531,False,False,False,False,False,False,,remaining_checks_needed,False,False,False,False,False,False,False,False,False,False
INV-H4-000368,H4,INS-H4-2024-2049,2024-12-14,PT-H4-000171,F-MAIN,BRONZE,2024-12-05,2024-12-06,3021850,368,False,False,False,3021850,False,False,False,False,False,False,,remaining_checks_needed,False,False,False,False,False,False,False,False,False,False
INV-H4-000369,H4,INS-H4-2024-2049,2024-12-12,PT-H4-000067,F-MAIN,SILVER,2024-12-06,2024-12-09,2572650,369,False,False,False,2572650,False,False,False,False,False,False,,remaining_checks_needed,False,False,False,False,False,False,False,False,False,False
INV-H4-000370,H4,INS-H4-2024-2049,2024-12-12,PT-H4-000179,F-MAIN,BRONZE,2024-12-06,2024-12-08,1554128,370,False,False,False,1554128,False,False,False,False,False,False,,remaining_checks_needed,False,False,False,False,False,False,False,False,False,False
INV-H4-000371,H4,INS-H4-2024-2049,2024-12-09,PT-H4-000016,F-MAIN,GOLD,2024-12-07,2024-12-09,2884425,371,False,False,False,2884425,False,False,False,False,False,False,,remaining_checks_needed,False,False,False,False,False,False,False,False,False,False
INV-H4-000372,H4,INS-H4-2024-2049,2024-12-20,PT-H4-000080,F-MAIN,SILVER,2024-12-07,2024-12-12,474575,372,False,False,False,474575,False,False,False,False,False,False,,remaining_checks_needed,False,False,False,False,False,False,False,False,False,False
INV-H4-000373,H4,INS-H4-2024-2049,2024-12-12,PT-H4-000102,F-MAIN,SILVER,2024-12-08,2024-12-11,3625717,373,False,False,False,3625717,False,False,False,False,False,False,,remaining_checks_needed,False,False,False,False,False,False,False,False,False,False
INV-H4-000374,H4,INS-H4-2024-2049,2024-12-18,PT-H4-000162,F-MAIN,BRONZE,2024-12-09,2024-12-14,2910580,374,False,False,False,2910580,False,False,False,False,False,False,,remaining_checks_needed,False,False,False,False,False,False,False,False,False,False
INV-H4-000375,H4,INS-H4-2024-2049,2024-12-17,PT-H4-000002,F-MAIN,BRONZE,2024-12-10,2024-12-13,1582750,375,False,False,False,1582750,False,False,False,False,False,False,,remaining_checks_needed,False,False,False,False,False,False,False,False,False,False
INV-H4-000376,H4,INS-H4-2024-2049,2024-12-22,PT-H4-000192,F-MAIN,BRONZE,2024-12-11,2024-12-13,462950,376,False,False,False,462950,False,False,False,False,False,False,,remaining_checks_needed,False,False,False,False,False,False,False,False,False,False
INV-H4-000377,H4,INS-H4-2024-2049,2024-12-21,PT-H4-000005,F-MAIN,BRONZE,2024-12-12,2024-12-16,3124106,377,False,False,False,3124106,False,False,False,False,False,False,,remaining_checks_needed,False,False,False,False,False,False,False,False,False,False
INV-H4-000378,H4,INS-H4-2024-2049,2024-12-24,PT-H4-000115,F-MAIN,BRONZE,2024-12-12,2024-12-18,3217278,378,False,False,False,3217278,False,False,False,False,False,False,,remaining_checks_needed,False,False,False,False,False,False,False,False,False,False
INV-H4-000379,H4,INS-H4-2024-2049,2024-12-20,PT-H4-000168,F-MAIN,SILVER,2024-12-12,2024-12-14,1395600,379,False,False,False,1395600,False,False,False,False,False,False,,remaining_checks_needed,False,False,False,False,False,False,False,False,False,False
INV-H4-000380,H4,INS-H4-2024-2049,2024-12-23,PT-H4-000081,F-MAIN,SILVER,2024-12-14,2024-12-17,2664950,380,False,False,False,2664950,False,False,False,False,False,False,,remaining_checks_needed,False,False,False,False,False,False,False,False,False,False
INV-H4-000381,H4,INS-H4-2024-2049,2024-12-20,PT-H4-000081,F-MAIN,SILVER,2024-12-14,2024-12-17,2177615,381,False,False,False,2177615,False,False,False,False,False,False,,remaining_checks_needed,False,False,False,False,False,False,False,False,False,False
INV-H4-000382,H4,INS-H4-2024-2049,2024-12-16,PT-H4-000198,F-MAIN,BRONZE,2024-12-14,2024-12-16,781425,382,False,False,False,781425,False,False,False,False,False,False,,remaining_checks_needed,False,False,False,False,False,False,False,False,False,False
INV-H4-000383,H4,INS-H4-2024-2049,2024-12-20,PT-H4-000151,F-MAIN,GOLD,2024-12-15,2024-12-19,6154400,383,False,False,False,6154400,False,False,False,False,False,False,,remaining_checks_needed,False,False,False,False,False,False,False,False,False,False
INV-H4-000384,H4,INS-H4-2024-2049,2024-12-23,PT-H4-000030,F-MAIN,SILVER,2024-12-16,2024-12-22,3817812,384,False,False,False,3817812,False,False,False,False,False,False,,remaining_checks_needed,False,False,False,False,False,False,False,False,False,False
INV-H4-000385,H4,INS-H4-2024-2049,2024-12-26,PT-H4-000048,F-MAIN,BRONZE,2024-12-16,2024-12-20,3064130,385,False,False,False,3064130,False,False,False,False,False,False,,remaining_checks_needed,False,False,False,False,False,False,False,False,False,False
INV-H4-000386,H4,INS-H4-2024-2049,2024-12-24,PT-H4-000135,F-MAIN,GOLD,2024-12-16,2024-12-16,3023171,386,False,False,False,3023171,False,False,False,False,False,False,,remaining_checks_needed,False,False,False,False,False,False,False,False,False,False
INV-H4-000387,H4,INS-H4-2024-2049,2024-12-27,PT-H4-000109,F-MAIN,BRONZE,2024-12-17,2024-12-17,2340374,387,False,False,False,2340374,False,False,False,False,False,False,,remaining_checks_needed,False,False,False,False,False,False,False,False,False,False
INV-H4-000388,H4,INS-H4-2024-2049,2024-12-20,PT-H4-000041,F-MAIN,BRONZE,2024-12-19,2024-12-20,3044800,388,False,False,False,3044800,False,False,False,False,False,False,,remaining_checks_needed,False,False,False,False,False,False,False,False,False,False
INV-H4-000389,H4,INS-H4-2024-2049,2024-12-26,PT-H4-000120,F-MAIN,BRONZE,2024-12-19,2024-12-25,935125,389,False,False,False,935125,False,False,False,False,False,False,,remaining_checks_needed,False,False,False,False,False,False,False,False,False,False
INV-H4-000390,H4,INS-H4-2024-2049,2024-12-24,PT-H4-000154,F-MAIN,GOLD,2024-12-19,2024-12-20,621475,390,False,False,False,621475,False,False,False,False,False,False,,remaining_checks_needed,False,False,False,False,False,False,False,False,False,False
INV-H4-000391,H4,INS-H4-2024-2049,2024-12-29,PT-H4-000066,F-MAIN,SILVER,2024-12-20,2024-12-24,1528764,391,False,False,False,1528764,False,False,False,True,False,False,service_date_after_invoice_date,errors_detected,False,False,False,False,False,False,False,False,False,False
INV-H4-000392,H4,INS-H4-2024-2049,2024-12-25,PT-H4-000111,F-MAIN,GOLD,2024-12-20,2024-12-25,1904013,392,False,False,False,1904013,False,False,False,False,False,False,,remaining_checks_needed,False,False,False,False,False,False,False,False,False,False
INV-H4-000393,H4,INS-H4-2024-2049,2025-01-02,PT-H4-000205,F-MAIN,GOLD,2024-12-20,2024-12-26,4520912,393,False,False,False,4520912,False,False,False,False,False,False,,remaining_checks_needed,False,False,False,False,False,False,False,False,False,False
INV-H4-000394,H4,INS-H4-2024-2049,2024-12-24,PT-H4-000002,F-MAIN,BRONZE,2024-12-21,2024-12-22,3995850,394,False,False,False,3995850,False,False,False,False,False,False,,remaining_checks_needed,False,False,False,False,False,False,False,False,False,False
INV-H4-000395,H4,INS-H4-2024-2049,2025-01-02,PT-H4-000054,F-MAIN,BRONZE,2024-12-21,2024-12-27,4153581,395,False,False,False,4153581,False,False,False,False,False,False,,remaining_checks_needed,False,False,False,False,False,False,False,False,False,False
INV-H4-000396,H4,INS-H4-2024-2049,2024-12-30,PT-H4-000019,F-MAIN,SILVER,2024-12-24,2024-12-27,4456925,396,False,False,False,4456925,False,False,False,False,False,False,,remaining_checks_needed,False,False,False,False,False,False,False,False,False,False
INV-H4-000397,H4,INS-H4-2024-2049,2025-01-02,PT-H4-000121,F-MAIN,BRONZE,2024-12-25,2024-12-28,4650248,397,False,False,False,4650248,False,False,False,False,False,False,,remaining_checks_needed,False,False,False,False,False,False,False,False,False,False
INV-H4-000398,H4,INS-H4-2024-2049,2025-01-05,PT-H4-000140,F-MAIN,BRONZE,2024-12-25,2024-12-29,2575550,398,False,False,False,2575550,False,False,False,False,False,False,,remaining_checks_needed,False,False,False,False,False,False,False,False,False,False
INV-H4-000399,H4,INS-H4-2024-2049,2024-12-28,PT-H4-000145,F-MAIN,SILVER,2024-12-25,2024-12-25,1243755,399,False,False,False,1243755,False,False,False,False,False,False,,remaining_checks_needed,False,False,False,False,False,False,False,False,False,False
INV-H4-000400,H4,INS-H4-2024-2049,2025-01-09,PT-H4-000062,F-MAIN,SILVER,2024-12-26,2025-01-01,1668400,400,False,False,False,1668400,False,False,False,False,False,False,,remaining_checks_needed,False,False,False,False,False,False,False,False,False,False
INV-H4-000401,H4,INS-H4-2024-2049,2025-01-02,PT-H4-000083,F-MAIN,GOLD,2024-12-26,2025-01-01,2864175,401,False,False,False,2864175,False,False,False,False,False,False,,remaining_checks_needed,False,False,False,False,False,False,False,False,False,False
INV-H4-000402,H4,INS-H4-2024-2049,2025-01-01,PT-H4-000090,F-MAIN,GOLD,2024-12-26,2025-01-01,3624065,402,False,False,False,3624065,False,False,False,False,False,False,,remaining_checks_needed,False,False,False,False,False,False,False,False,False,False
INV-H4-000403,H4,INS-H4-2024-2049,2025-01-01,PT-H4-000156,F-MAIN,SILVER,2024-12-27,2024-12-29,1411800,403,False,False,False,1411800,False,False,False,False,False,False,,remaining_checks_needed,False,False,False,False,False,False,False,False,False,False
INV-H4-000404,H4,INS-H4-2024-2049,2025-01-06,PT-H4-000177,F-MAIN,GOLD,2024-12-27,2025-01-02,1310900,404,False,False,False,1310900,False,False,False,False,False,False,,remaining_checks_needed,False,False,False,False,False,False,False,False,False,False
INV-H4-000405,H4,INS-H4-2024-2049,2025-01-09,PT-H4-000134,F-MAIN,SILVER,2024-12-28,2025-01-03,5486439,405,False,False,False,5486439,False,False,False,False,False,False,,remaining_checks_needed,False,False,False,False,False,False,False,False,False,False
INV-H4-000406,H4,INS-H4-2024-2049,2025-01-06,PT-H4-000163,F-MAIN,BRONZE,2024-12-28,2024-12-31,2188067,406,False,False,False,2188067,False,False,False,False,False,False,,remaining_checks_needed,False,False,False,False,False,False,False,False,False,False
INV-H4-000407,H4,INS-H4-2024-2049,2025-01-01,PT-H4-000060,F-MAIN,SILVER,2024-12-29,2025-01-01,4216218,407,False,False,False,4216218,False,False,False,False,False,False,,remaining_checks_needed,False,False,False,False,False,False,False,False,False,False
INV-H4-000408,H4,INS-H4-2024-2049,2025-01-04,PT-H4-000193,F-MAIN,SILVER,2024-12-29,2025-01-03,2092935,408,False,False,False,2092935,False,False,False,False,False,False,,remaining_checks_needed,False,False,False,False,False,False,False,False,False,False
INV-H4-000409,H4,INS-H4-2024-2049,2025-01-09,PT-H4-000117,F-MAIN,BRONZE,2024-12-31,2025-01-02,1705759,409,False,False,False,1705759,False,False,False,False,False,False,,remaining_checks_needed,False,False,False,False,False,False,False,False,False,False
INV-H4-000410,H4,INS-H4-2024-2049,2025-01-09,PT-H4-000183,F-MAIN,GOLD,2025-01-01,2025-01-05,2163081,410,False,False,False,2163081,False,False,False,False,False,False,,remaining_checks_needed,False,False,False,False,False,False,False,False,False,False
INV-H4-000411,H4,INS-H4-2024-2049,2025-01-14,PT-H4-000192,F-MAIN,BRONZE,2025-01-01,2025-01-06,3196895,411,False,False,False,3196895,False,False,False,False,False,False,,remaining_checks_needed,False,False,False,False,False,False,False,False,False,False
INV-H4-000412,H4,INS-H4-2024-2049,2025-01-03,PT-H4-000197,F-MAIN,GOLD,2025-01-01,2025-01-03,3938725,412,False,False,False,3938725,False,False,False,False,False,False,,remaining_checks_needed,False,False,False,False,False,False,False,False,False,False
INV-H4-000413,H4,INS-H4-2024-2049,2025-01-12,PT-H4-000026,F-MAIN,GOLD,2025-01-02,2025-01-08,2280850,413,False,False,False,2280850,False,False,False,False,False,False,,remaining_checks_needed,False,False,False,False,False,False,False,False,False,False
INV-H4-000414,H4,INS-H4-2024-2049,2025-01-09,PT-H4-000057,F-MAIN,BRONZE,2025-01-02,2025-01-06,2775659,414,False,False,False,2775659,False,False,False,False,False,False,,remaining_checks_needed,False,False,False,False,False,False,False,False,False,False
INV-H4-000415,H4,INS-H4-2024-2049,2025-01-10,PT-H4-000090,F-MAIN,GOLD,2025-01-02,2025-01-05,1690850,415,False,False,False,1690850,False,False,False,False,False,False,,remaining_checks_needed,False,False,False,False,False,False,False,False,False,False
INV-H4-000416,H4,INS-H4-2024-2049,2025-01-08,PT-H4-000012,F-MAIN,SILVER,2025-01-03,2025-01-04,5159604,416,False,False,False,5159604,False,False,False,False,False,False,,remaining_checks_needed,False,False,False,False,False,False,False,False,False,False
INV-H4-000417,H4,INS-H4-2024-2049,2025-01-13,PT-H4-000124,F-MAIN,SILVER,2025-01-03,2025-01-05,1244125,417,False,False,False,1244125,False,False,False,False,False,False,,remaining_checks_needed,False,False,False,False,False,False,False,False,False,False
INV-H4-000264,H4,INS-H4-2024-2049,2025-01-11,PT-H4-000160,F-MAIN,GOLD,2025-01-03,2025-01-06,4696974,418,True,False,False,4696974,False,False,False,False,False,False,duplicate_invoice_id|quantity_premium_rate_mismatch,errors_detected,False,False,False,False,True,False,False,False,False,False
INV-H4-000419,H4,INS-H4-2024-2049,2025-01-14,PT-H4-000092,F-MAIN,SILVER,2025-01-05,2025-01-11,1571162,419,False,False,False,1571162,False,False,False,False,False,False,,remaining_checks_needed,False,False,False,False,False,False,False,False,False,False
INV-H4-000420,H4,INS-H4-2024-2049,2025-01-17,PT-H4-000187,F-MAIN,GOLD,2025-01-06,2025-01-09,5508974,420,False,False,False,5508974,False,False,False,False,False,False,,remaining_checks_needed,False,False,False,False,False,False,False,False,False,False
INV-H4-000421,H4,INS-H4-2024-2049,2025-01-07,PT-H4-000021,F-MAIN,GOLD,2025-01-07,2025-01-07,4161435,421,False,False,False,4161435,False,False,False,False,False,False,,remaining_checks_needed,False,False,False,False,False,False,False,False,False,False
INV-H4-000422,H4,INS-H4-2024-2049,2025-01-21,PT-H4-000049,F-MAIN,GOLD,2025-01-08,2025-01-12,3513640,422,False,False,False,3513640,False,False,False,False,False,False,,remaining_checks_needed,False,False,False,False,False,False,False,False,False,False
INV-H4-000423,H4,INS-H4-2024-2049,2025-01-17,PT-H4-000204,F-MAIN,GOLD,2025-01-09,2025-01-09,749180,423,False,False,False,749180,False,False,False,False,False,False,,remaining_checks_needed,False,False,False,False,False,False,False,False,False,False
INV-H4-000424,H4,INS-H4-2024-2049,2025-01-16,PT-H4-000030,F-MAIN,SILVER,2025-01-10,2025-01-10,4621760,424,False,False,False,4621760,False,False,False,False,False,False,,remaining_checks_needed,False,False,False,False,False,False,False,False,False,False
INV-H4-000425,H4,INS-H4-2024-2049,2025-01-26,PT-H4-000053,F-MAIN,SILVER,2025-01-11,2025-01-16,2500834,425,False,False,False,2500834,False,False,False,False,False,False,,remaining_checks_needed,False,False,False,False,False,False,False,False,False,False
INV-H4-000426,H4,INS-H4-2024-2049,2025-01-21,PT-H4-000104,F-MAIN,BRONZE,2025-01-11,2025-01-11,4417800,426,False,False,False,4417800,False,False,False,False,False,False,,remaining_checks_needed,False,False,False,False,False,False,False,False,False,False
INV-H4-000427,H4,INS-H4-2024-2049,2025-01-18,PT-H4-000186,F-MAIN,SILVER,2025-01-11,2025-01-11,1194800,427,False,False,False,1194800,False,False,False,False,False,False,,remaining_checks_needed,False,False,False,False,False,False,False,False,False,False
INV-H4-000428,H4,INS-H4-2024-2049,2025-01-20,PT-H4-000108,F-MAIN,SILVER,2025-01-12,2025-01-14,1387328,428,False,False,False,1387328,False,False,False,False,False,False,,remaining_checks_needed,False,False,False,False,False,False,False,False,False,False
INV-H4-000429,H4,INS-H4-2024-2049,2025-01-16,PT-H4-000046,F-MAIN,GOLD,2025-01-13,2025-01-13,4444055,429,False,False,False,4444055,False,False,False,False,False,False,,remaining_checks_needed,False,False,False,False,False,False,False,False,False,False
INV-H4-000430,H4,INS-H4-2024-2049,2025-01-25,PT-H4-000027,F-MAIN,SILVER,2025-01-14,2025-01-19,1742210,430,False,False,False,1742210,False,False,False,False,False,False,,remaining_checks_needed,False,False,False,False,False,False,False,False,False,False
INV-H4-000431,H4,INS-H4-2024-2049,2025-01-16,PT-H4-000125,F-MAIN,GOLD,2025-01-14,2025-01-14,824750,431,True,False,False,824750,False,False,False,False,False,False,duplicate_invoice_id,errors_detected,False,False,False,False,False,False,False,False,False,False
INV-H4-000432,H4,INS-H4-2024-2049,2025-01-23,PT-H4-000127,F-MAIN,BRONZE,2025-01-14,2025-01-17,1615914,432,False,False,False,1615914,False,False,False,False,False,False,,remaining_checks_needed,False,False,False,False,False,False,False,False,False,False
INV-H4-000433,H4,INS-H4-2024-2049,2025-01-29,PT-H4-000001,F-MAIN,SILVER,2025-01-15,2025-01-19,5004761,433,False,False,False,5004761,False,False,False,False,False,False,,remaining_checks_needed,False,False,False,False,False,False,False,False,False,False
INV-H4-000434,H4,INS-H4-2024-2049,2025-01-18,PT-H4-000128,F-MAIN,BRONZE,2025-01-15,2025-01-16,1919075,434,False,False,False,1919075,False,False,False,False,False,False,,remaining_checks_needed,False,False,False,False,False,False,False,False,False,False
INV-H4-000435,H4,INS-H4-2024-2049,2025-01-30,PT-H4-000049,F-MAIN,GOLD,2025-01-18,2025-01-24,2717875,435,False,False,False,2717875,False,False,False,False,False,False,,remaining_checks_needed,False,False,False,False,False,False,False,False,False,False
INV-H4-000436,H4,INS-H4-2024-2049,2025-01-27,PT-H4-000071,F-MAIN,GOLD,2025-01-18,2025-01-22,2114075,436,False,False,False,2114075,False,False,False,False,False,False,,remaining_checks_needed,False,False,False,False,False,False,False,False,False,False
INV-H4-000437,H4,INS-H4-2024-2049,2025-01-29,PT-H4-000091,F-MAIN,BRONZE,2025-01-18,2025-01-20,2159768,437,False,False,False,2159768,False,False,False,False,False,False,,remaining_checks_needed,False,False,False,False,False,False,False,False,False,False
INV-H4-000438,H4,INS-H4-2024-2049,2025-01-26,PT-H4-000030,F-MAIN,SILVER,2025-01-19,2025-01-24,5005975,438,False,False,False,5005975,False,False,False,False,False,False,,remaining_checks_needed,False,False,False,False,False,False,False,False,False,False
INV-H4-000439,H4,INS-H4-2024-2049,2025-01-31,PT-H4-000078,F-MAIN,SILVER,2025-01-19,2025-01-23,2091075,439,False,False,False,2091075,False,False,False,False,False,False,,remaining_checks_needed,False,False,False,False,False,False,False,False,False,False
INV-H4-000440,H4,INS-H4-2024-2049,2025-02-02,PT-H4-000035,F-MAIN,SILVER,2025-01-20,2025-01-23,1999100,440,False,False,False,1999100,False,False,False,False,False,False,,remaining_checks_needed,False,False,False,False,False,False,False,False,False,False
INV-H4-000441,H4,INS-H4-2024-2049,2025-01-28,PT-H4-000102,F-MAIN,SILVER,2025-01-20,2025-01-25,2691882,441,False,False,False,2691882,False,False,False,False,False,False,,remaining_checks_needed,False,False,False,False,False,False,False,False,False,False
INV-H4-000442,H4,INS-H4-2024-2049,2025-01-29,PT-H4-000190,F-MAIN,GOLD,2025-01-20,2025-01-20,2556305,442,False,False,False,2556305,False,False,False,False,False,False,,remaining_checks_needed,False,False,False,False,False,False,False,False,False,False
INV-H4-000443,H4,INS-H4-2024-2049,2025-01-21,PT-H4-000050,F-MAIN,GOLD,2025-01-21,2025-01-21,1949435,443,False,False,False,1949435,False,False,False,False,False,False,,remaining_checks_needed,False,False,False,False,False,False,False,False,False,False
INV-H4-000444,H4,INS-H4-2024-2049,2025-02-01,PT-H4-000125,F-MAIN,GOLD,2025-01-21,2025-01-27,1312964,444,False,False,False,1312964,False,False,False,False,False,False,,remaining_checks_needed,False,False,False,False,False,False,False,False,False,False
INV-H4-000445,H4,INS-H4-2024-2049,2025-02-04,PT-H4-000126,F-MAIN,BRONZE,2025-01-21,2025-01-27,3669725,445,False,False,False,3669725,False,False,False,True,True,False,service_date_after_invoice_date|service_date_out_of_window,errors_detected,False,False,False,False,False,False,False,False,False,False
INV-H4-000446,H4,INS-H4-2024-2049,2025-01-21,PT-H4-000155,F-MAIN,SILVER,2025-01-21,2025-01-21,1815828,446,False,False,False,1815828,False,False,False,False,False,False,,remaining_checks_needed,False,False,False,False,False,False,False,False,False,False
INV-H4-000447,H4,INS-H4-2024-2049,2025-02-02,PT-H4-000172,F-MAIN,SILVER,2025-01-23,2025-01-29,2036000,447,False,False,False,2036000,False,False,False,False,False,False,,remaining_checks_needed,False,False,False,False,False,False,False,False,False,False
INV-H4-000448,H4,INS-H4-2024-2049,2025-01-24,PT-H4-000207,F-MAIN,GOLD,2025-01-23,2025-01-24,3450611,448,False,False,False,3450611,False,False,False,False,False,False,,remaining_checks_needed,False,False,False,False,False,False,False,False,False,False
INV-H4-000449,H4,INS-H4-2024-2049,2025-02-05,PT-H4-000173,F-MAIN,GOLD,2025-01-25,2025-01-30,2992325,449,False,False,False,2992325,False,False,False,False,False,False,,remaining_checks_needed,False,False,False,False,False,False,False,False,False,False
INV-H4-000450,H4,INS-H4-2024-2049,2025-02-07,PT-H4-000071,F-MAIN,GOLD,2025-01-26,2025-02-01,4647850,450,False,False,False,4647850,False,False,False,False,False,False,,remaining_checks_needed,False,False,False,False,False,False,False,False,False,False
INV-H4-000451,H4,INS-H4-2024-2049,2025-02-05,PT-H4-000192,F-MAIN,BRONZE,2025-01-26,2025-01-31,1500000,451,False,False,False,1500000,False,False,False,False,False,False,,remaining_checks_needed,False,False,False,False,False,False,False,False,False,False
INV-H4-000452,H4,INS-H4-2024-2049,2025-02-08,PT-H4-000171,F-MAIN,BRONZE,2025-01-27,2025-01-30,4114000,452,False,False,False,4114000,False,False,False,False,False,False,,remaining_checks_needed,False,False,False,False,False,False,False,False,False,False
INV-H4-000453,H4,INS-H4-2024-2049,2025-02-06,PT-H4-000028,F-MAIN,SILVER,2025-01-31,2025-02-06,956575,453,False,False,False,956575,False,False,False,False,False,False,,remaining_checks_needed,False,False,False,False,False,False,False,False,False,False
INV-H4-000454,H4,INS-H4-2024-2049,2025-02-04,PT-H4-000064,F-MAIN,GOLD,2025-02-01,2025-02-01,2528295,454,False,False,False,2528295,False,False,False,False,False,False,,remaining_checks_needed,False,False,False,False,False,False,False,False,False,False
INV-H4-000455,H4,INS-H4-2024-2049,2025-02-11,PT-H4-000145,F-MAIN,SILVER,2025-02-02,2025-02-06,4005775,455,False,False,False,4005775,False,False,False,False,False,False,,remaining_checks_needed,False,False,False,False,False,False,False,False,False,False
INV-H4-000456,H4,INS-H4-2024-2049,2025-02-10,PT-H4-000153,F-MAIN,GOLD,2025-02-02,2025-02-04,1901874,456,False,False,False,1901874,False,False,False,False,False,False,,remaining_checks_needed,False,False,False,False,False,False,False,False,False,False
INV-H4-000457,H4,INS-H4-2024-2049,2025-02-14,PT-H4-000041,F-MAIN,BRONZE,2025-02-05,2025-02-08,4982560,457,False,False,False,4982560,False,False,False,False,False,False,,remaining_checks_needed,False,False,False,False,False,False,False,False,False,False
INV-H4-000458,H4,INS-H4-2024-2049,2025-02-11,PT-H4-000210,F-MAIN,SILVER,2025-02-05,2025-02-08,1395600,458,False,False,False,1395600,False,False,False,False,False,False,,remaining_checks_needed,False,False,False,False,False,False,False,False,False,True
INV-H4-000459,H4,INS-H4-2024-2049,2025-02-14,PT-H4-000130,F-MAIN,SILVER,2025-02-06,2025-02-12,2130148,459,False,False,False,2130148,False,False,False,False,False,False,,remaining_checks_needed,False,False,False,False,False,False,False,False,False,False
INV-H4-000460,H4,INS-H4-2024-2049,2025-02-09,PT-H4-000204,F-MAIN,GOLD,2025-02-07,2025-02-07,1423623,460,False,False,False,1423623,False,False,False,False,False,False,,remaining_checks_needed,False,False,False,False,False,False,False,False,False,False
INV-H4-000461,H4,INS-H4-2024-2049,2025-02-12,PT-H4-000081,F-MAIN,SILVER,2025-02-08,2025-02-12,2918700,461,False,False,False,2918700,False,False,False,False,False,False,,remaining_checks_needed,False,False,False,False,False,False,False,False,False,False
INV-H4-000462,H4,INS-H4-2024-2049,2025-02-15,PT-H4-000167,F-MAIN,SILVER,2025-02-09,2025-02-09,3127525,462,False,False,False,3127525,False,False,False,False,False,False,,remaining_checks_needed,False,False,False,False,False,False,False,False,False,False
INV-H4-000463,H4,INS-H4-2024-2049,2025-02-19,PT-H4-000157,F-MAIN,BRONZE,2025-02-10,2025-02-15,3150348,463,False,False,False,3150348,False,False,False,False,False,False,,remaining_checks_needed,False,False,False,False,False,False,False,False,False,False
INV-H4-000464,H4,INS-H4-2024-2049,2025-02-23,PT-H4-000115,F-MAIN,BRONZE,2025-02-11,2025-02-15,1815325,464,False,False,False,1815325,False,False,False,False,False,False,,remaining_checks_needed,False,False,False,False,False,False,False,False,False,False
INV-H4-000465,H4,INS-H4-2024-2049,2025-02-19,PT-H4-000155,F-MAIN,SILVER,2025-02-11,2025-02-15,813125,465,False,False,False,813125,False,False,False,False,False,False,,remaining_checks_needed,False,False,False,False,False,False,False,False,False,False
INV-H4-000466,H4,INS-H4-2024-2049,2025-02-20,PT-H4-000010,F-MAIN,BRONZE,2025-02-15,2025-02-20,2165475,466,False,False,False,2165475,False,False,False,False,False,False,,remaining_checks_needed,False,False,False,False,False,False,False,False,False,False
INV-H4-000467,H4,INS-H4-2024-2049,2025-02-27,PT-H4-000107,F-MAIN,BRONZE,2025-02-16,2025-02-21,1033045,467,False,False,False,1033045,False,False,False,False,False,False,,remaining_checks_needed,False,False,False,False,False,False,False,False,False,False
INV-H4-000468,H4,INS-H4-2024-2049,2025-02-22,PT-H4-000115,F-MAIN,BRONZE,2025-02-18,2025-02-22,1610125,468,False,False,False,1610125,False,False,False,False,False,False,,remaining_checks_needed,False,False,False,False,False,False,False,False,False,False
INV-H4-000469,H4,INS-H4-2024-2049,2025-03-01,PT-H4-000097,F-MAIN,SILVER,2025-02-19,2025-02-20,4726099,469,False,False,False,4726099,False,False,False,False,False,False,,remaining_checks_needed,False,False,False,False,False,False,False,False,False,False
INV-H4-000470,H4,INS-H4-2024-2049,2025-02-25,PT-H4-000184,F-MAIN,GOLD,2025-02-19,2025-02-21,1962575,470,False,False,False,1962575,False,False,False,False,False,False,,remaining_checks_needed,False,False,False,False,False,False,False,False,False,False
INV-H4-000471,H4,INS-H4-2024-2049,2025-03-04,PT-H4-000073,F-MAIN,SILVER,2025-02-22,2025-02-25,3388150,471,False,False,False,3388150,False,False,False,False,False,False,,remaining_checks_needed,False,False,False,False,False,False,False,False,False,False
INV-H4-000472,H4,INS-H4-2024-2049,2025-02-28,PT-H4-000173,F-MAIN,GOLD,2025-02-23,2025-02-27,319075,472,False,False,False,319075,False,False,False,False,False,False,,remaining_checks_needed,False,False,False,False,False,False,False,False,False,False
INV-H4-000473,H4,INS-H4-2024-2049,2025-03-01,PT-H4-000168,F-MAIN,SILVER,2025-02-24,2025-02-26,2150500,473,False,False,False,2150500,False,False,False,False,False,False,wrong_unit_basis,errors_detected,True,False,False,False,False,False,False,False,True,True
INV-H4-000474,H4,INS-H4-2024-2049,2025-02-28,PT-H4-000101,F-MAIN,SILVER,2025-02-25,2025-02-25,2328512,474,False,False,False,2328512,False,False,False,False,False,False,,remaining_checks_needed,False,False,False,False,False,False,False,False,False,False
INV-H4-000475,H4,INS-H4-2024-2049,2025-03-05,PT-H4-000131,F-MAIN,SILVER,2025-02-27,2025-03-04,2846850,475,False,False,False,2846850,False,False,False,False,False,False,,remaining_checks_needed,False,False,False,False,False,False,False,False,False,False
INV-H4-000476,H4,INS-H4-2024-2049,2025-03-07,PT-H4-000175,F-MAIN,SILVER,2025-02-27,2025-03-02,3369415,476,False,False,False,3369415,False,False,False,False,False,False,,remaining_checks_needed,False,False,False,False,False,False,False,False,False,False
INV-H4-000477,H4,INS-H4-2024-2049,2025-03-01,PT-H4-000045,F-MAIN,BRONZE,2025-02-28,2025-02-28,3786510,477,False,False,False,3786510,False,False,False,False,False,False,,remaining_checks_needed,False,False,False,False,False,False,False,False,False,False
INV-H4-000478,H4,INS-H4-2024-2049,2025-03-11,PT-H4-000119,F-MAIN,SILVER,2025-03-01,2025-03-05,745480,478,False,False,False,745480,False,False,False,False,False,False,,remaining_checks_needed,False,False,False,False,False,False,False,False,False,False
INV-H4-000479,H4,INS-H4-2024-2049,2025-03-14,PT-H4-000175,F-MAIN,SILVER,2025-03-01,2025-03-04,2276637,479,False,False,False,2276637,False,False,False,False,False,False,,remaining_checks_needed,False,False,False,False,False,False,False,False,False,False
INV-H4-000480,H4,INS-H4-2024-2049,2025-03-16,PT-H4-000030,F-MAIN,SILVER,2025-03-04,2025-03-09,3637753,480,False,False,False,3637753,False,False,False,False,False,False,,remaining_checks_needed,False,False,False,False,False,False,False,False,False,False
INV-H4-000481,H4,INS-H4-2024-2049,2025-03-15,PT-H4-000148,F-MAIN,BRONZE,2025-03-04,2025-03-06,4942445,481,False,False,False,4942445,False,False,False,False,False,False,,remaining_checks_needed,False,False,False,False,False,False,False,False,False,False
INV-H4-000482,H4,INS-H4-2024-2049,2025-03-15,PT-H4-000032,F-MAIN,SILVER,2025-03-05,2025-03-07,1482230,482,False,False,False,1482230,False,False,False,False,False,False,,remaining_checks_needed,False,False,False,False,False,False,False,False,False,False
INV-H4-000483,H4,INS-H4-2024-2049,2025-03-14,PT-H4-000164,F-MAIN,GOLD,2025-03-06,2025-03-06,1702575,483,False,False,False,1602575,False,True,False,False,False,False,invoice_total_mismatch|daily_cap_exceeded|discount_rate_mismatch,errors_detected,False,False,False,True,False,False,True,False,False,False
INV-H4-000484,H4,INS-H4-2024-2049,2025-03-10,PT-H4-000080,F-MAIN,SILVER,2025-03-07,2025-03-07,1817505,484,False,False,False,1817505,False,False,False,False,False,False,,remaining_checks_needed,False,False,False,False,False,False,False,False,False,False
INV-H4-000485,H4,INS-H4-2024-2049,2025-03-18,PT-H4-000108,F-MAIN,SILVER,2025-03-07,2025-03-12,3201339,485,False,False,False,3201339,False,False,False,False,False,False,,remaining_checks_needed,False,False,False,False,False,False,False,False,False,False
INV-H4-000486,H4,INS-H4-2024-2049,2025-03-16,PT-H4-000117,F-MAIN,BRONZE,2025-03-07,2025-03-07,1222350,486,False,False,False,1222350,False,False,False,False,False,False,,remaining_checks_needed,False,False,False,False,False,False,False,False,False,False
INV-H4-000487,H4,INS-H4-2024-2049,2025-03-12,PT-H4-000041,F-MAIN,BRONZE,2025-03-08,2025-03-09,2159000,487,False,False,False,2159000,False,False,False,False,False,False,,remaining_checks_needed,False,False,False,False,False,False,False,False,False,False
INV-H4-000488,H4,INS-H4-2024-2049,2025-03-18,PT-H4-000063,F-MAIN,GOLD,2025-03-08,2025-03-10,2643175,488,False,False,False,2643175,False,False,False,False,False,False,,remaining_checks_needed,False,False,False,False,False,False,False,False,False,False
INV-H4-000489,H4,INS-H4-2024-2049,2025-03-18,PT-H4-000064,F-MAIN,GOLD,2025-03-08,2025-03-14,2629490,489,False,False,False,2629490,False,False,False,False,False,False,,remaining_checks_needed,False,False,False,False,False,False,False,False,False,False
INV-H4-000490,H4,INS-H4-2024-2049,2025-03-22,PT-H4-000036,F-MAIN,BRONZE,2025-03-09,2025-03-15,3143875,490,False,False,False,3143875,False,False,False,False,False,False,,remaining_checks_needed,False,False,False,False,False,False,False,False,False,False
INV-H4-000491,H4,INS-H4-2024-2049,2025-03-23,PT-H4-000014,F-MAIN,GOLD,2025-03-12,2025-03-17,2202350,491,False,False,False,2202350,False,False,False,False,False,False,,remaining_checks_needed,False,False,False,False,False,False,False,False,False,False
INV-H4-000492,H4,INS-H4-2024-2049,2025-03-22,PT-H4-000144,F-MAIN,BRONZE,2025-03-13,2025-03-14,1855775,492,False,False,False,1855775,False,False,False,False,False,False,,remaining_checks_needed,False,False,False,False,False,False,False,False,False,False
INV-H4-000493,H4,INS-H4-2024-2049,2025-03-22,PT-H4-000210,F-MAIN,SILVER,2025-03-13,2025-03-16,518750,493,False,False,False,518750,False,False,False,False,False,False,,remaining_checks_needed,False,False,False,False,False,False,False,False,False,False
INV-H4-000494,H4,INS-H4-2024-2049,2025-03-17,PT-H4-000127,F-MAIN,BRONZE,2025-03-14,2025-03-17,3132199,494,False,False,False,3132199,False,False,False,False,False,False,,remaining_checks_needed,False,False,False,False,False,False,False,False,False,False
INV-H4-000495,H4,INS-H4-2024-2049,2025-03-17,PT-H4-000124,F-MAIN,SILVER,2025-03-15,2025-03-17,3619538,495,False,False,False,3619538,False,False,False,False,False,False,,remaining_checks_needed,False,False,False,False,False,False,False,False,False,False
INV-H4-000496,H4,INS-H4-2024-2049,2025-03-23,PT-H4-000195,F-MAIN,SILVER,2025-03-17,2025-03-17,3774484,496,False,False,False,3774484,False,False,False,False,False,False,,remaining_checks_needed,False,False,False,False,False,False,False,False,False,False
INV-H4-000497,H4,INS-H4-2024-2049,2025-03-27,PT-H4-000073,F-MAIN,SILVER,2025-03-18,2025-03-22,1524750,497,False,False,False,1524750,False,False,False,False,False,False,,remaining_checks_needed,False,False,False,False,False,False,False,False,False,False
INV-H4-000498,H4,INS-H4-2024-2049,2025-03-21,PT-H4-000100,F-MAIN,SILVER,2025-03-18,2025-03-19,961550,498,False,False,False,961550,False,False,False,False,False,False,,remaining_checks_needed,False,False,False,False,False,False,False,False,False,False
INV-H4-000499,H4,INS-H4-2024-2049,2025-03-30,PT-H4-000175,F-MAIN,SILVER,2025-03-18,2025-03-21,3995805,499,False,False,False,3995805,False,False,False,False,False,False,,remaining_checks_needed,False,False,False,False,False,False,False,False,False,False
INV-H4-000500,H4,INS-H4-2024-2049,2025-03-23,PT-H4-000144,F-MAIN,BRONZE,2025-03-19,2025-03-21,1513950,500,False,False,False,1513950,False,False,False,False,False,False,,remaining_checks_needed,False,False,False,False,False,False,False,False,False,False
INV-H4-000501,H4,INS-H4-2024-2049,2025-03-19,PT-H4-000153,F-MAIN,GOLD,2025-03-19,2025-03-19,4523518,501,False,False,False,4523518,False,False,False,False,False,False,,remaining_checks_needed,False,False,False,False,False,False,False,False,False,False
INV-H4-000502,H4,INS-H4-2024-2049,2025-03-26,PT-H4-000091,F-MAIN,BRONZE,2025-03-20,2025-03-21,1999135,502,False,False,False,1999135,False,False,False,False,False,False,,remaining_checks_needed,False,False,False,False,False,False,False,False,False,False
INV-H4-000503,H4,INS-H4-2024-2049,2025-03-31,PT-H4-000104,F-MAIN,BRONZE,2025-03-20,2025-03-22,1712225,503,False,False,False,1712225,False,False,False,False,False,False,,remaining_checks_needed,False,False,False,False,False,False,False,False,False,False
INV-H4-000504,H4,INS-H5-2024-0731,2025-03-25,PT-H4-000150,F-MAIN,GOLD,2025-03-20,2025-03-21,995875,504,False,True,False,970875,False,True,False,False,False,False,contract_number_mismatch|invoice_total_mismatch|wrong_unit_basis,errors_detected,True,False,False,False,False,False,False,False,False,False
INV-H4-000505,H4,INS-H4-2024-2049,2025-03-31,PT-H4-000088,F-MAIN,GOLD,2025-03-21,2025-03-24,869100,505,False,False,False,869100,False,False,False,False,False,False,,remaining_checks_needed,False,False,False,False,False,False,False,False,False,False
INV-H4-000506,H4,INS-H4-2024-2049,2025-04-03,PT-H4-000030,F-MAIN,SILVER,2025-03-22,2025-03-26,2175025,506,False,False,False,2175025,False,False,False,False,False,False,,remaining_checks_needed,False,False,False,False,False,False,False,False,False,False
INV-H4-000507,H4,INS-H4-2024-2049,2025-03-29,PT-H4-000174,F-MAIN,SILVER,2025-03-24,2025-03-24,2749023,507,False,False,False,2749023,False,False,False,False,False,False,,remaining_checks_needed,False,False,False,False,False,False,False,False,False,False
INV-H4-000508,H4,INS-H4-2024-2049,2025-03-27,PT-H4-000210,F-MAIN,SILVER,2025-03-25,2025-03-27,3608187,508,False,False,False,3608187,False,False,False,False,False,False,,remaining_checks_needed,False,False,False,False,False,False,False,False,False,False
INV-H4-000509,H4,INS-H4-2024-2049,2025-04-08,PT-H4-000208,F-MAIN,SILVER,2025-03-26,2025-04-01,4767372,509,False,False,False,4767372,False,False,False,False,False,False,,remaining_checks_needed,False,False,False,False,False,False,False,False,False,False
INV-H4-000510,H4,INS-H4-2024-2049,2025-04-05,PT-H4-000102,F-MAIN,SILVER,2025-03-28,2025-03-29,2136925,510,False,False,False,2136925,False,False,False,False,False,False,,remaining_checks_needed,False,False,False,False,False,False,False,False,False,False
INV-H4-000511,H4,INS-H4-2024-2049,2025-04-01,PT-H4-000189,F-MAIN,SILVER,2025-03-28,2025-03-31,4246950,511,False,False,False,4246950,False,False,False,False,False,False,,remaining_checks_needed,False,False,False,False,False,False,False,False,False,False
INV-H4-000512,H4,INS-H4-2024-2049,2025-04-08,PT-H4-000011,F-MAIN,GOLD,2025-04-01,2025-04-03,4873980,512,False,False,False,4873980,False,False,False,False,False,False,,remaining_checks_needed,False,False,False,False,False,False,False,False,False,False
INV-H4-000513,H4,INS-H4-2024-2049,2025-04-14,PT-H4-000102,F-MAIN,SILVER,2025-04-03,2025-04-08,1561425,513,False,False,False,1561425,False,False,False,False,False,False,,remaining_checks_needed,False,False,False,False,False,False,False,False,False,False
INV-H4-000514,H4,INS-H4-2024-2049,2025-04-12,PT-H4-000162,F-MAIN,BRONZE,2025-04-04,2025-04-07,4107575,514,False,False,False,4107575,False,False,False,False,False,False,,remaining_checks_needed,False,False,False,False,False,False,False,False,False,False
INV-H4-000515,H4,INS-H4-2024-2049,2025-04-05,PT-H4-000207,F-MAIN,GOLD,2025-04-05,2025-04-05,2782225,515,False,False,False,2782225,False,False,False,False,False,False,,remaining_checks_needed,False,False,False,False,False,False,False,False,False,False
INV-H4-000516,H4,INS-H4-2024-2049,2025-04-15,PT-H4-000018,F-MAIN,GOLD,2025-04-07,2025-04-07,3061500,516,False,False,False,3061500,False,False,False,False,False,False,,remaining_checks_needed,False,False,False,False,False,False,False,False,False,False
INV-H4-000073,H4,INS-H4-2024-2049,2025-04-18,PT-H4-000110,F-MAIN,GOLD,2025-04-07,2025-04-08,1732300,517,True,False,False,1732300,False,False,False,False,False,False,duplicate_invoice_id,errors_detected,False,False,False,False,False,False,False,False,False,False
INV-H4-000518,H4,INS-H4-2024-2049,2025-04-23,PT-H4-000001,F-MAIN,SILVER,2025-04-10,2025-04-14,4478075,518,False,False,False,4478075,False,False,False,False,False,False,,remaining_checks_needed,False,False,False,False,False,False,False,False,False,False
INV-H4-000519,H4,INS-H4-2024-2049,2025-04-17,PT-H4-000022,F-MAIN,SILVER,2025-04-10,2025-04-15,1958225,519,False,False,False,1958225,False,False,False,False,False,False,,remaining_checks_needed,False,False,False,False,False,False,False,False,False,False
INV-H4-000520,H4,INS-H4-2024-2049,2025-04-19,PT-H4-000029,F-MAIN,SILVER,2025-04-11,2025-04-15,2382850,520,False,False,False,2382850,False,False,False,False,False,False,,remaining_checks_needed,False,False,False,False,False,False,False,False,False,False
INV-H4-000521,H4,INS-H4-2024-2049,2025-04-19,PT-H4-000126,F-MAIN,BRONZE,2025-04-11,2025-04-14,3804725,521,False,False,False,3804725,False,False,False,False,False,False,,remaining_checks_needed,False,False,False,False,False,False,False,False,False,False
INV-H4-000522,H4,INS-H4-2024-2049,2025-04-22,PT-H4-000050,F-MAIN,GOLD,2025-04-12,2025-04-17,4733237,522,False,False,False,4733237,False,False,False,False,False,False,,remaining_checks_needed,False,False,False,False,False,False,False,False,False,False
INV-H4-000523,H4,INS-H4-2024-2049,2025-04-17,PT-H4-000181,F-MAIN,SILVER,2025-04-12,2025-04-16,4206639,523,False,False,False,4206639,False,False,False,False,False,False,,remaining_checks_needed,False,False,False,False,False,False,False,False,False,False
INV-H4-000524,H4,INS-H4-2024-2049,2025-04-14,PT-H4-000210,F-MAIN,SILVER,2025-04-12,2025-04-13,3601709,524,False,False,False,3601709,False,False,False,False,False,False,,remaining_checks_needed,False,False,False,False,False,False,False,False,False,False
INV-H4-000525,H4,INS-H4-2024-2049,2025-04-27,PT-H4-000016,F-MAIN,GOLD,2025-04-13,2025-04-19,1219975,525,False,False,False,1219975,False,False,False,False,False,False,,remaining_checks_needed,False,False,False,False,False,False,False,False,False,False
INV-H4-000526,H4,INS-H4-2024-2049,2025-04-22,PT-H4-000157,F-MAIN,BRONZE,2025-04-13,2025-04-14,3121875,526,False,False,False,3121875,False,False,False,False,False,False,,remaining_checks_needed,False,False,False,False,False,False,False,False,False,False
INV-H4-000527,H4,INS-H4-2024-2049,2025-04-26,PT-H4-000177,F-MAIN,GOLD,2025-04-14,2025-04-17,1093975,527,False,False,False,1093975,False,False,False,False,False,False,,remaining_checks_needed,False,False,False,False,False,False,False,False,False,False
INV-H4-000528,H4,INS-H4-2024-2049,2025-04-20,PT-H4-000024,F-MAIN,BRONZE,2025-04-16,2025-04-18,4855400,528,False,False,False,4855400,False,False,True,False,False,False,malformed_service_date|discount_rate_mismatch,errors_detected,False,False,False,False,False,False,True,False,False,False
INV-H4-000529,H4,INS-H4-2024-2049,2025-04-19,PT-H4-000068,F-MAIN,SILVER,2025-04-16,2025-04-16,3951350,529,False,False,False,3951350,False,False,False,False,False,False,,remaining_checks_needed,False,False,False,False,False,False,False,False,False,False
INV-H4-000530,H4,INS-H4-2024-2049,2025-04-26,PT-H4-000172,F-MAIN,SILVER,2025-04-16,2025-04-20,1279875,530,False,False,False,1279875,False,False,False,False,False,False,,remaining_checks_needed,False,False,False,False,False,False,False,False,False,False
INV-H4-000531,H4,INS-H4-2024-2049,2025-04-24,PT-H4-000196,F-MAIN,GOLD,2025-04-17,2025-04-22,3067035,531,False,False,False,3067035,False,False,False,False,False,False,,remaining_checks_needed,False,False,False,False,False,False,False,False,False,False
INV-H4-000532,H4,INS-H4-2024-2049,2025-04-29,PT-H4-000071,F-MAIN,GOLD,2025-04-18,2025-04-22,4765600,532,False,False,False,4765600,False,False,False,False,False,False,,remaining_checks_needed,False,False,False,False,False,False,False,False,False,False
INV-H4-000533,H4,INS-H4-2024-2049,2025-04-20,PT-H4-000113,F-MAIN,GOLD,2025-04-18,2025-04-19,2634137,533,False,False,False,2634137,False,False,False,False,False,False,,remaining_checks_needed,False,False,False,False,False,False,False,False,False,False
INV-H4-000534,H4,INS-H4-2024-2049,2025-04-26,PT-H4-000170,F-MAIN,GOLD,2025-04-18,2025-04-24,3648900,534,False,False,False,3648900,False,False,False,False,False,False,,remaining_checks_needed,False,False,False,False,False,False,False,False,False,False
INV-H4-000535,H4,INS-H4-2024-2049,2025-04-23,PT-H4-000175,F-MAIN,SILVER,2025-04-18,2025-04-22,1740400,535,False,False,False,1740400,False,False,False,False,False,False,,remaining_checks_needed,False,False,False,False,False,False,False,False,False,False
INV-H4-000536,H4,INS-H4-2024-2049,2025-04-27,PT-H4-000183,F-MAIN,GOLD,2025-04-19,2025-04-22,4072209,536,False,False,False,4072209,False,False,False,False,False,False,,remaining_checks_needed,False,False,False,False,False,False,False,False,False,False
INV-H4-000537,H4,INS-H4-2024-2049,2025-04-24,PT-H4-000173,F-MAIN,GOLD,2025-04-20,2025-04-23,3505975,537,False,False,False,3505975,False,False,False,False,False,False,,remaining_checks_needed,False,False,False,False,False,False,False,False,False,False
INV-H4-000538,H4,INS-H4-2024-2049,2025-05-02,PT-H4-000124,F-MAIN,SILVER,2025-04-21,2025-04-22,4808825,538,False,False,False,4808825,False,False,False,False,False,False,,remaining_checks_needed,False,False,False,False,False,False,False,False,False,False
INV-H4-000539,H4,INS-H4-2024-2049,2025-04-30,PT-H4-000209,F-MAIN,SILVER,2025-04-21,2025-04-26,2899642,539,False,False,False,2899642,False,False,False,False,False,False,,remaining_checks_needed,False,False,False,False,False,False,False,False,False,False
INV-H4-000540,H4,INS-H1-2024-0417,2025-04-29,PT-H4-000181,F-MAIN,SILVER,2025-04-22,2025-04-28,2195250,540,False,True,False,2195250,False,False,False,False,False,False,contract_number_mismatch|daily_cap_exceeded,errors_detected,False,False,False,True,False,False,False,False,False,False
INV-H4-000541,H4,INS-H4-2024-2049,2025-05-05,PT-H4-000183,F-MAIN,GOLD,2025-04-22,2025-04-28,508925,541,False,False,False,508925,False,False,False,False,False,False,wrong_unit_basis,errors_detected,True,False,False,False,False,False,False,False,False,False
INV-H4-000542,H4,INS-H4-2024-2049,2025-04-28,PT-H4-000159,F-MAIN,BRONZE,2025-04-23,2025-04-23,3515306,542,False,False,False,3515306,False,False,False,False,False,False,,remaining_checks_needed,False,False,False,False,False,False,False,False,False,False
INV-H4-000543,H4,INS-H4-2024-2049,2025-04-25,PT-H4-000200,F-MAIN,GOLD,2025-04-24,2025-04-25,2661825,543,False,False,False,2661825,False,False,False,False,False,False,,remaining_checks_needed,False,False,False,False,False,False,False,False,False,False
INV-H4-000544,H4,INS-H4-2024-2049,2025-05-04,PT-H4-000156,F-MAIN,SILVER,2025-04-26,2025-04-26,850425,544,False,False,False,850425,False,False,False,False,False,False,,remaining_checks_needed,False,False,False,False,False,False,False,False,False,False
INV-H4-000545,H4,INS-H4-2024-2049,2025-05-11,PT-H4-000126,F-MAIN,BRONZE,2025-04-29,2025-05-04,2188725,545,False,False,False,2188725,False,False,False,False,False,False,,remaining_checks_needed,False,False,False,False,False,False,False,False,False,False
INV-H4-000546,H4,INS-H4-2024-2049,2025-05-10,PT-H4-000144,F-MAIN,BRONZE,2025-05-02,2025-05-02,5170740,546,False,False,False,5170740,False,False,False,False,False,False,,remaining_checks_needed,False,False,False,False,False,False,False,False,False,False
INV-H4-000547,H4,INS-H4-2024-2049,2025-05-16,PT-H4-000155,F-MAIN,SILVER,2025-05-02,2025-05-08,2848500,547,False,False,False,2848500,False,False,False,False,False,False,,remaining_checks_needed,False,False,False,False,False,False,False,False,False,False
INV-H4-000548,H4,INS-H4-2024-2049,2025-05-10,PT-H4-000156,F-MAIN,SILVER,2025-05-02,2025-05-05,2150750,548,False,False,False,2150750,False,False,False,False,False,False,,remaining_checks_needed,False,False,False,False,False,False,False,False,False,False
INV-H4-000549,H4,INS-H4-2024-2049,2025-05-09,PT-H4-000206,F-MAIN,GOLD,2025-05-03,2025-05-09,1314045,549,False,False,False,1314045,False,False,False,False,False,False,,remaining_checks_needed,False,False,False,False,False,False,False,False,False,False
INV-H4-000550,H4,INS-H4-2024-2049,2025-05-15,PT-H4-000032,F-MAIN,SILVER,2025-05-04,2025-05-07,2718675,550,False,False,False,2718675,False,False,False,False,False,False,,remaining_checks_needed,False,False,False,False,False,False,False,False,False,False
INV-H4-000551,H4,INS-H4-2024-2049,2025-05-10,PT-H4-000073,F-MAIN,SILVER,2025-05-04,2025-05-04,4726470,551,False,False,False,4726470,False,False,False,False,False,False,,remaining_checks_needed,False,False,False,False,False,False,False,False,False,False
INV-H4-000552,H4,INS-H4-2024-2049,2025-05-10,PT-H4-000173,F-MAIN,GOLD,2025-05-05,2025-05-06,2613670,552,False,False,False,2613670,False,False,False,False,False,False,,remaining_checks_needed,False,False,False,False,False,False,False,False,False,False
INV-H4-000553,H4,INS-H4-2024-2049,2025-05-17,PT-H4-000023,F-MAIN,BRONZE,2025-05-06,2025-05-11,1389823,553,False,False,False,1389823,False,False,False,False,False,False,,remaining_checks_needed,False,False,False,False,False,False,False,False,False,False
INV-H4-000554,H4,INS-H4-2024-2049,2025-05-07,PT-H4-000062,F-MAIN,SILVER,2025-05-06,2025-05-06,3608010,554,False,False,False,3583010,False,True,False,False,False,False,invoice_total_mismatch|daily_cap_exceeded,errors_detected,False,False,False,True,False,False,False,False,False,False
INV-H4-000555,H4,INS-H4-2024-2049,2025-05-12,PT-H4-000093,F-MAIN,BRONZE,2025-05-06,2025-05-11,3037600,555,False,False,False,3037600,False,False,False,False,False,False,,remaining_checks_needed,False,False,False,False,False,False,False,False,False,False
INV-H4-000556,H4,INS-H4-2024-2049,2025-05-20,PT-H4-000128,F-MAIN,BRONZE,2025-05-06,2025-05-12,2462025,556,False,False,False,2462025,False,False,False,False,False,False,,remaining_checks_needed,False,False,False,False,False,False,False,False,False,False
INV-H4-000557,H4,INS-H4-2024-2049,2025-05-21,PT-H4-000100,F-MAIN,SILVER,2025-05-07,2025-05-13,885100,557,False,False,False,885100,False,False,False,False,False,False,,remaining_checks_needed,False,False,False,False,False,False,False,False,False,False
INV-H4-000558,H4,INS-H4-2024-2049,2025-05-17,PT-H4-000158,F-MAIN,GOLD,2025-05-07,2025-05-10,780300,558,False,False,False,780300,False,False,False,False,False,False,,remaining_checks_needed,False,False,False,False,False,False,False,False,False,False
INV-H4-000559,H4,INS-H4-2024-2049,2025-05-12,PT-H4-000184,F-MAIN,GOLD,2025-05-07,2025-05-07,2734650,559,False,False,False,2734650,False,False,False,False,False,False,,remaining_checks_needed,False,False,False,False,False,False,False,False,False,False
INV-H4-000560,H4,INS-H4-2024-2049,2025-05-15,PT-H4-000131,F-MAIN,SILVER,2025-05-08,2025-05-10,1908715,560,False,False,False,1908715,False,False,False,False,False,False,,remaining_checks_needed,False,False,False,False,False,False,False,False,False,False
INV-H4-000561,H4,INS-H4-2024-2049,2025-05-16,PT-H4-000023,F-MAIN,BRONZE,2025-05-10,2025-05-13,2180950,561,False,False,False,2180950,False,False,False,False,False,False,,remaining_checks_needed,False,False,False,False,False,False,False,False,False,False
INV-H4-000562,H4,INS-H4-2024-2049,2025-05-14,PT-H4-000069,F-MAIN,GOLD,2025-05-10,2025-05-13,3083459,562,False,False,False,3083459,False,False,False,False,False,False,,remaining_checks_needed,False,False,False,False,False,False,False,False,False,False
INV-H4-000563,H4,INS-H4-2024-2049,2025-05-20,PT-H4-000123,F-MAIN,BRONZE,2025-05-10,2025-05-13,2708470,563,False,False,False,2708470,False,False,False,False,False,False,,remaining_checks_needed,False,False,False,False,False,False,False,False,False,False
INV-H4-000564,H4,INS-H4-2024-2049,2025-05-24,PT-H4-000133,F-MAIN,SILVER,2025-05-10,2025-05-15,7493231,564,False,False,False,7493231,False,False,False,False,False,False,,remaining_checks_needed,False,False,False,False,False,False,False,False,False,False
INV-H4-000565,H4,INS-H4-2024-2049,2025-05-12,PT-H4-000189,F-MAIN,SILVER,2025-05-11,2025-05-11,2389019,565,False,False,False,2389019,False,False,False,False,False,False,,remaining_checks_needed,False,False,False,False,False,False,False,False,False,False
INV-H4-000566,H4,INS-H4-2024-2049,2025-05-16,PT-H4-000161,F-MAIN,GOLD,2025-05-13,2025-05-14,1810875,566,False,False,False,1810875,False,False,False,False,False,False,,remaining_checks_needed,False,False,False,False,False,False,False,False,False,False
INV-H4-000567,H4,INS-H4-2024-2049,2025-05-24,PT-H4-000117,F-MAIN,BRONZE,2025-05-14,2025-05-18,4243042,567,False,False,False,4243042,False,False,False,False,False,False,,remaining_checks_needed,False,False,False,False,False,False,False,False,False,False
INV-H4-000568,H4,INS-H4-2024-2049,2025-05-23,PT-H4-000049,F-MAIN,GOLD,2025-05-17,2025-05-21,3273649,568,False,False,False,3273649,False,False,False,False,False,False,,remaining_checks_needed,False,False,False,False,False,False,False,False,False,False
INV-H4-000569,H4,INS-H4-2024-2049,2025-05-23,PT-H4-000003,F-MAIN,GOLD,2025-05-18,2025-05-18,1209815,569,False,False,False,1209815,False,False,False,False,False,False,,remaining_checks_needed,False,False,False,False,False,False,False,False,False,False
INV-H4-000570,H4,INS-H4-2024-2049,2025-06-01,PT-H4-000070,F-MAIN,GOLD,2025-05-18,2025-05-22,2001370,570,False,False,False,2001370,False,False,False,False,False,False,,remaining_checks_needed,False,False,False,False,False,False,False,False,False,False
INV-H4-000571,H4,INS-H4-2024-2049,2025-05-22,PT-H4-000207,F-MAIN,GOLD,2025-05-18,2025-05-18,3271200,571,False,False,False,3271200,False,False,False,False,False,False,,remaining_checks_needed,False,False,False,False,False,False,False,False,False,False
INV-H4-000572,H4,INS-H4-2024-2049,2025-05-21,PT-H4-000064,F-MAIN,GOLD,2025-05-20,2025-05-20,3946500,572,False,False,False,3946500,False,False,False,False,False,False,,remaining_checks_needed,False,False,False,False,False,False,False,False,False,False
INV-H4-000573,H4,INS-H4-2024-2049,2025-06-02,PT-H4-000160,F-MAIN,GOLD,2025-05-20,2025-05-26,2637500,573,False,False,False,2637500,False,False,False,False,False,False,,remaining_checks_needed,False,False,False,False,False,False,False,False,False,False
INV-H4-000574,H4,INS-H4-2024-2049,2025-05-28,PT-H4-000049,F-MAIN,GOLD,2025-05-21,2025-05-21,2526375,574,False,False,False,2526375,False,False,False,False,False,False,,remaining_checks_needed,False,False,False,False,False,False,False,False,False,False
INV-H4-000575,H4,INS-H4-2024-2049,2025-05-26,PT-H4-000123,F-MAIN,BRONZE,2025-05-21,2025-05-23,3853715,575,False,False,False,3853715,False,False,False,False,False,False,,remaining_checks_needed,False,False,False,False,False,False,False,False,False,False
INV-H4-000576,H4,INS-H4-2024-2049,2025-06-01,PT-H4-000012,F-MAIN,SILVER,2025-05-22,2025-05-24,5976355,576,False,False,False,5976355,False,False,True,False,False,False,malformed_service_date|daily_cap_exceeded,errors_detected,False,False,False,True,False,False,False,False,False,False
INV-H4-000577,H4,INS-H4-2024-2049,2025-06-03,PT-H4-000048,F-MAIN,BRONZE,2025-05-24,2025-05-29,4553440,577,False,False,False,4553440,False,False,False,False,False,False,,remaining_checks_needed,False,False,False,False,False,False,False,False,False,False
INV-H4-000578,H4,INS-H4-2024-2049,2025-05-25,PT-H4-000092,F-MAIN,SILVER,2025-05-24,2025-05-24,2235025,578,False,False,False,2235025,False,False,False,False,False,False,,remaining_checks_needed,False,False,False,False,False,False,False,False,False,False
INV-H4-000579,H4,INS-H4-2024-2049,2025-06-06,PT-H4-000064,F-MAIN,GOLD,2025-05-25,2025-05-27,2424905,579,False,False,False,2424905,False,False,False,False,False,False,,remaining_checks_needed,False,False,False,False,False,False,False,False,False,False
INV-H4-000580,H4,INS-H4-2024-2049,2025-05-29,PT-H4-000127,F-MAIN,BRONZE,2025-05-25,2025-05-25,1117339,580,False,False,False,1117339,False,False,False,False,False,False,,remaining_checks_needed,False,False,False,False,False,False,False,False,False,False
INV-H4-000581,H4,INS-H4-2024-2049,2025-06-06,PT-H4-000195,F-MAIN,SILVER,2025-05-25,2025-05-31,2302975,581,False,False,False,2302975,False,False,False,False,False,False,discount_rate_mismatch,errors_detected,False,False,False,False,False,False,True,False,False,False
INV-H4-000582,H4,INS-H4-2024-2049,2025-06-06,PT-H4-000028,F-MAIN,SILVER,2025-05-27,2025-05-29,4708705,582,False,False,False,4708705,False,False,False,False,False,False,,remaining_checks_needed,False,False,False,False,False,False,False,False,False,False
INV-H4-000583,H4,INS-H4-2024-2049,2025-06-05,PT-H4-000065,F-MAIN,BRONZE,2025-05-27,2025-05-30,947375,583,False,False,False,947375,False,False,False,False,False,False,bundle_rate_mismatch,errors_detected,False,False,False,False,False,True,False,False,False,False
INV-H4-000584,H4,INS-H4-2024-2049,2025-06-06,PT-H4-000098,F-MAIN,SILVER,2025-05-27,2025-05-29,1647943,584,False,False,False,1647943,False,False,False,False,False,False,,remaining_checks_needed,False,False,False,False,False,False,False,False,False,False
INV-H4-000585,H4,INS-H4-2024-2049,2025-06-05,PT-H4-000098,F-MAIN,SILVER,2025-05-28,2025-05-31,1713400,585,False,False,False,1713400,False,False,False,False,False,False,,remaining_checks_needed,False,False,False,False,False,False,False,False,False,False
INV-H4-000586,H4,INS-H4-2024-2049,2025-06-07,PT-H4-000197,F-MAIN,GOLD,2025-05-28,2025-05-31,444550,586,False,False,False,444550,False,False,False,False,False,False,,remaining_checks_needed,False,False,False,False,False,False,False,False,False,False
INV-H4-000587,H4,INS-H4-2024-2049,2025-06-14,PT-H4-000117,F-MAIN,BRONZE,2025-05-29,2025-06-04,2443681,587,False,False,False,2443681,False,False,False,False,False,False,,remaining_checks_needed,False,False,False,False,False,False,False,False,False,False
INV-H4-000588,H4,INS-H4-2024-2049,2025-06-05,PT-H4-000001,F-MAIN,SILVER,2025-05-30,2025-06-01,1840275,588,False,False,False,1840275,False,False,False,False,False,False,,remaining_checks_needed,False,False,False,False,False,False,False,False,False,False
INV-H4-000589,H4,INS-H4-2024-2049,2025-06-09,PT-H4-000008,F-MAIN,BRONZE,2025-05-30,2025-05-30,3425185,589,False,False,False,3425185,False,False,False,False,False,False,,remaining_checks_needed,False,False,False,False,False,False,False,False,False,False
INV-H4-000590,H4,INS-H4-2024-2049,2025-06-04,PT-H4-000115,F-MAIN,BRONZE,2025-05-31,2025-05-31,3595040,590,False,False,False,3595040,False,False,False,False,False,False,,remaining_checks_needed,False,False,False,False,False,False,False,False,False,False
INV-H4-000591,H4,INS-H4-2024-2049,2025-06-16,PT-H4-000088,F-MAIN,GOLD,2025-06-02,2025-06-06,1112500,591,False,False,False,1112500,False,False,False,False,False,False,,remaining_checks_needed,False,False,False,False,False,False,False,False,False,False
INV-H4-000592,H4,INS-H4-2024-2049,2025-06-15,PT-H4-000002,F-MAIN,BRONZE,2025-06-03,2025-06-05,4009573,592,False,False,False,4009573,False,False,False,False,False,False,,remaining_checks_needed,False,False,False,False,False,False,False,False,False,False
INV-H4-000593,H4,INS-H4-2024-2049,2025-06-16,PT-H4-000139,F-MAIN,SILVER,2025-06-03,2025-06-08,3851318,593,False,False,False,3851318,False,False,False,False,False,False,,remaining_checks_needed,False,False,False,False,False,False,False,False,False,False
INV-H4-000594,H4,INS-H4-2024-2049,2025-06-17,PT-H4-000033,F-MAIN,BRONZE,2025-06-04,2025-06-09,1837253,594,False,False,False,1837253,False,False,False,False,False,False,,remaining_checks_needed,False,False,False,False,False,False,False,False,False,False
INV-H4-000595,H4,INS-H4-2024-2049,2025-06-14,PT-H4-000080,F-MAIN,SILVER,2025-06-04,2025-06-07,2082855,595,False,False,False,2082855,False,False,False,False,False,False,,remaining_checks_needed,False,False,False,False,False,False,False,False,False,False
INV-H4-000596,H4,INS-H4-2024-2049,2025-06-17,PT-H4-000092,F-MAIN,SILVER,2025-06-05,2025-06-08,2855821,596,False,False,False,2855821,False,False,False,False,False,False,,remaining_checks_needed,False,False,False,False,False,False,False,False,False,False
INV-H4-000597,H4,INS-H4-2024-2049,2025-06-19,PT-H4-000152,F-MAIN,SILVER,2025-06-05,2025-06-09,2486830,597,False,False,False,2486830,False,False,False,False,False,False,,remaining_checks_needed,False,False,False,False,False,False,False,False,False,False
INV-H4-000598,H4,INS-H4-2024-2049,2025-06-07,PT-H4-000126,F-MAIN,BRONZE,2025-06-07,2025-06-07,4099350,598,False,False,False,4099350,False,False,False,False,False,False,,remaining_checks_needed,False,False,False,False,False,False,False,False,False,False
INV-H4-000599,H4,INS-H4-2024-2049,2025-06-21,PT-H4-000130,F-MAIN,SILVER,2025-06-07,2025-06-11,2096500,599,False,False,False,2096500,False,False,False,False,False,False,,remaining_checks_needed,False,False,False,False,False,False,False,False,False,False
INV-H4-000600,H4,INS-H4-2024-2049,2025-06-17,PT-H4-000082,F-MAIN,BRONZE,2025-06-08,2025-06-09,3565575,600,False,False,False,3565575,False,False,False,False,False,False,,remaining_checks_needed,False,False,False,False,False,False,False,False,False,False
INV-H4-000601,H4,INS-H4-2024-2049,2025-06-16,PT-H4-000195,F-MAIN,SILVER,2025-06-08,2025-06-09,3781810,601,False,False,False,3781810,False,False,False,False,False,False,,remaining_checks_needed,False,False,False,False,False,False,False,False,False,False
INV-H4-000602,H4,INS-H4-2024-2049,2025-06-19,PT-H4-000152,F-MAIN,SILVER,2025-06-11,2025-06-17,2142825,602,False,False,False,2142825,False,False,False,False,False,False,,remaining_checks_needed,False,False,False,False,False,False,False,False,False,False
INV-H4-000603,H4,INS-H4-2024-2049,2025-06-20,PT-H4-000039,F-MAIN,GOLD,2025-06-12,2025-06-15,3770800,603,False,False,False,3770800,False,False,False,False,False,False,,remaining_checks_needed,False,False,False,False,False,False,False,False,False,False
INV-H4-000604,H4,INS-H4-2024-2049,2025-06-26,PT-H4-000074,F-MAIN,SILVER,2025-06-12,2025-06-17,1621650,604,False,False,False,1621650,False,False,False,False,False,False,,remaining_checks_needed,False,False,False,False,False,False,False,False,False,False
INV-H4-000605,H4,INS-H4-2024-2049,2025-06-18,PT-H4-000011,F-MAIN,GOLD,2025-06-15,2025-06-17,3585475,605,False,False,False,3585475,False,False,False,False,False,False,,remaining_checks_needed,False,False,False,False,False,False,False,False,False,False
INV-H4-000606,H4,INS-H4-2024-2049,2025-06-20,PT-H4-000056,F-MAIN,GOLD,2025-06-16,2025-06-18,1507055,606,False,False,False,1507055,False,False,False,False,False,False,,remaining_checks_needed,False,False,False,False,False,False,False,False,False,False
INV-H4-000607,H4,INS-H4-2024-2049,2025-06-29,PT-H4-000092,F-MAIN,SILVER,2025-06-16,2025-06-21,2023725,607,True,False,False,2023725,False,False,False,False,False,False,duplicate_invoice_id,errors_detected,False,False,False,False,False,False,False,False,False,False
INV-H4-000608,H4,INS-H4-2024-2049,2025-06-23,PT-H4-000146,F-MAIN,SILVER,2025-06-16,2025-06-18,1664239,608,False,False,False,1664239,False,False,False,False,False,False,,remaining_checks_needed,False,False,False,False,False,False,False,False,False,False
INV-H4-000609,H4,INS-H4-2024-2049,2025-06-21,PT-H4-000117,F-MAIN,BRONZE,2025-06-17,2025-06-17,5398250,609,False,False,False,5398250,False,False,False,False,False,False,daily_cap_exceeded,errors_detected,False,False,False,True,False,False,False,False,False,False
INV-H4-000610,H4,INS-H4-2024-2049,2025-06-19,PT-H4-000122,F-MAIN,GOLD,2025-06-17,2025-06-17,4561975,610,False,False,False,4561975,False,False,False,False,False,True,line_total_arithmetic|bundle_rate_mismatch,errors_detected,False,False,False,False,False,True,False,False,False,False
INV-H4-000611,H4,INS-H4-2024-2049,2025-06-27,PT-H4-000043,F-MAIN,SILVER,2025-06-18,2025-06-22,3332930,611,False,False,False,3332930,False,False,False,False,False,False,,remaining_checks_needed,False,False,False,False,False,False,False,False,False,False
INV-H4-000612,H4,INS-H4-2024-2049,2025-06-30,PT-H4-000044,F-MAIN,SILVER,2025-06-18,2025-06-23,2471840,612,False,False,False,2471840,False,False,False,False,False,False,,remaining_checks_needed,False,False,False,False,False,False,False,False,False,False
INV-H4-000613,H4,INS-H4-2024-2049,2025-06-30,PT-H4-000173,F-MAIN,GOLD,2025-06-21,2025-06-22,2217730,613,False,False,False,2217730,False,False,False,False,False,False,,remaining_checks_needed,False,False,False,False,False,False,False,False,False,False
INV-H4-000614,H4,INS-H4-2024-2049,2025-06-24,PT-H4-000209,F-MAIN,SILVER,2025-06-21,2025-06-24,4461675,614,False,False,False,4461675,False,False,False,False,False,False,,remaining_checks_needed,False,False,False,False,False,False,False,False,False,False
INV-H4-000615,H4,INS-H4-2024-2049,2025-06-24,PT-H4-000196,F-MAIN,GOLD,2025-06-22,2025-06-23,4244409,615,False,False,False,4244409,False,False,False,False,False,False,,remaining_checks_needed,False,False,False,False,False,False,False,False,False,False
INV-H4-000616,H4,INS-H4-2024-2049,2025-06-30,PT-H4-000047,F-MAIN,BRONZE,2025-06-23,2025-06-27,3279536,616,False,False,False,3279536,False,False,False,False,False,False,,remaining_checks_needed,False,False,False,False,False,False,False,False,False,False
INV-H4-000617,H4,INS-H4-2024-2049,2025-07-05,PT-H4-000048,F-MAIN,BRONZE,2025-06-23,2025-06-27,2334775,617,False,False,False,2334775,False,False,False,False,False,False,,remaining_checks_needed,False,False,False,False,False,False,False,False,False,False
INV-H4-000618,H4,INS-H4-2024-2049,2025-07-08,PT-H4-000113,F-MAIN,GOLD,2025-06-25,2025-07-01,3254675,618,False,False,False,3254675,False,False,False,False,False,False,,remaining_checks_needed,False,False,False,False,False,False,False,False,False,False
INV-H4-000619,H4,INS-H4-2024-2049,2025-06-30,PT-H4-000050,F-MAIN,GOLD,2025-06-26,2025-06-28,3328475,619,False,False,False,3328475,False,False,False,False,False,False,,remaining_checks_needed,False,False,False,False,False,False,False,False,False,False
INV-H4-000620,H4,INS-H4-2024-2049,2025-06-29,PT-H4-000050,F-MAIN,GOLD,2025-06-26,2025-06-26,1083025,620,False,False,False,1083025,False,False,False,False,False,False,,remaining_checks_needed,False,False,False,False,False,False,False,False,False,False
INV-H4-000621,H4,INS-H4-2024-2049,2025-07-01,PT-H4-000082,F-MAIN,BRONZE,2025-06-26,2025-06-30,1560911,621,False,False,False,1560911,False,False,False,False,False,False,,remaining_checks_needed,False,False,False,False,False,False,False,False,False,False
INV-H4-000622,H4,INS-H4-2024-2049,2025-07-07,PT-H4-000114,F-MAIN,GOLD,2025-06-26,2025-06-28,1257650,622,False,False,False,1257650,False,False,False,False,False,False,,remaining_checks_needed,False,False,False,False,False,False,False,False,False,False
INV-H4-000623,H4,INS-H4-2024-2049,2025-07-09,PT-H4-000167,F-MAIN,SILVER,2025-06-26,2025-07-02,884450,623,False,False,False,884450,False,False,False,False,False,False,,remaining_checks_needed,False,False,False,False,False,False,False,False,False,False
INV-H4-000624,H4,INS-H4-2024-2049,2025-07-10,PT-H4-000114,F-MAIN,GOLD,2025-06-27,2025-06-30,2910328,624,False,False,False,2910328,False,False,False,False,False,False,quantity_premium_rate_mismatch,errors_detected,False,False,False,False,True,False,False,False,False,False
INV-H4-000625,H4,INS-H4-2024-2049,2025-07-07,PT-H4-000168,F-MAIN,SILVER,2025-06-27,2025-06-27,1569900,625,False,False,False,1569900,False,False,False,False,False,False,,remaining_checks_needed,False,False,False,False,False,False,False,False,False,False
INV-H4-000626,H4,INS-H4-2024-2049,2025-07-07,PT-H4-000150,F-MAIN,GOLD,2025-06-28,2025-06-28,3093825,626,False,False,False,3093825,False,False,False,False,False,False,,remaining_checks_needed,False,False,False,False,False,False,False,False,False,False
INV-H4-000627,H4,INS-H4-2024-2049,2025-06-30,PT-H4-000088,F-MAIN,GOLD,2025-06-29,2025-06-29,969075,627,False,False,False,969075,False,False,False,False,False,False,,remaining_checks_needed,False,False,False,False,False,False,False,False,False,False
INV-H4-000628,H4,INS-H4-2024-2049,2025-07-06,PT-H4-000150,F-MAIN,GOLD,2025-06-29,2025-07-05,3304380,628,False,False,False,3304380,False,False,False,False,False,False,,remaining_checks_needed,False,False,False,False,False,False,False,False,False,False
INV-H4-000629,H4,INS-H4-2024-2049,2025-07-07,PT-H4-000195,F-MAIN,SILVER,2025-06-29,2025-07-03,2322425,629,False,False,False,2322425,False,False,False,False,False,False,,remaining_checks_needed,False,False,False,False,False,False,False,False,False,False
INV-H4-000630,H4,INS-H4-2024-2049,2025-07-07,PT-H4-000194,F-MAIN,GOLD,2025-06-30,2025-06-30,3730150,630,False,False,False,3730150,False,False,False,False,False,False,,remaining_checks_needed,False,False,False,False,False,False,False,False,False,False
INV-H4-000631,H4,INS-H4-2024-2049,2025-07-12,PT-H4-000129,F-MAIN,SILVER,2025-07-01,2025-07-06,562550,631,False,False,False,562550,False,False,False,False,False,False,,remaining_checks_needed,False,False,False,False,False,False,False,False,False,False
INV-H4-000632,H4,INS-H4-2024-2049,2025-07-11,PT-H4-000009,F-MAIN,GOLD,2025-07-02,2025-07-04,1680900,632,False,False,False,1680900,False,False,False,False,False,False,,remaining_checks_needed,False,False,False,False,False,False,False,False,False,False
INV-H4-000633,H4,INS-H4-2024-2049,2025-07-02,PT-H4-000038,F-MAIN,BRONZE,2025-07-02,2025-07-02,1744140,633,False,False,False,1744140,False,False,False,False,False,False,,remaining_checks_needed,False,False,False,False,False,False,False,False,False,False
INV-H4-000634,H4,INS-H4-2024-2049,2025-07-02,PT-H4-000109,F-MAIN,BRONZE,2025-07-02,2025-07-02,1176432,634,False,False,False,1176432,False,False,False,False,False,False,,remaining_checks_needed,False,False,False,False,False,False,False,False,False,False
INV-H4-000635,H4,INS-H4-2024-2049,2025-07-09,PT-H4-000160,F-MAIN,GOLD,2025-07-03,2025-07-03,2084625,635,False,False,False,2084625,False,False,False,False,False,False,,remaining_checks_needed,False,False,False,False,False,False,False,False,False,False
INV-H4-000636,H4,INS-H4-2024-2049,2025-07-07,PT-H4-000015,F-MAIN,GOLD,2025-07-04,2025-07-04,4257325,636,False,False,False,4257325,False,False,False,False,False,False,,remaining_checks_needed,False,False,False,False,False,False,False,False,False,False
INV-H4-000637,H4,INS-H4-2024-2049,2025-07-17,PT-H4-000056,F-MAIN,GOLD,2025-07-04,2025-07-10,1806775,637,False,False,False,1806775,False,False,False,False,False,False,,remaining_checks_needed,False,False,False,False,False,False,False,False,False,False
INV-H4-000638,H4,INS-H4-2024-2049,2025-07-11,PT-H4-000078,F-MAIN,SILVER,2025-07-04,2025-07-04,2369312,638,False,False,False,2369312,False,False,False,False,False,False,,remaining_checks_needed,False,False,False,False,False,False,False,False,False,False
INV-H4-000639,H4,INS-H4-2024-2049,2025-07-18,PT-H4-000111,F-MAIN,GOLD,2025-07-04,2025-07-08,1240762,639,False,False,False,1240762,False,False,False,False,False,False,,remaining_checks_needed,False,False,False,False,False,False,False,False,False,False
INV-H4-000640,H4,INS-H4-2024-2049,2025-07-13,PT-H4-000156,F-MAIN,SILVER,2025-07-04,2025-07-07,2887285,640,False,False,False,2887285,False,False,False,False,False,False,,remaining_checks_needed,False,False,False,False,False,False,False,False,False,False
INV-H4-000641,H4,INS-H4-2024-2049,2025-07-10,PT-H4-000147,F-MAIN,BRONZE,2025-07-05,2025-07-08,2581878,641,False,False,False,2581878,False,False,False,False,False,False,,remaining_checks_needed,False,False,False,False,False,False,False,False,False,False
INV-H4-000642,H4,INS-H4-2024-2049,2025-07-13,PT-H4-000161,F-MAIN,GOLD,2025-07-05,2025-07-07,1023125,642,False,False,False,1023125,False,False,False,False,False,False,,remaining_checks_needed,False,False,False,False,False,False,False,False,False,False
INV-H4-000643,H4,INS-H4-2024-2049,2025-07-09,PT-H4-000178,F-MAIN,GOLD,2025-07-05,2025-07-08,3115925,643,False,False,False,3115925,False,False,False,False,False,False,,remaining_checks_needed,False,False,False,False,False,False,False,False,False,False
INV-H4-000644,H4,INS-H4-2024-2049,2025-07-20,PT-H4-000116,F-MAIN,SILVER,2025-07-06,2025-07-11,4183193,644,False,False,False,4183193,False,False,False,False,False,False,,remaining_checks_needed,False,False,False,False,False,False,False,False,False,False
INV-H4-000645,H4,INS-H4-2024-2049,2025-07-06,PT-H4-000118,F-MAIN,GOLD,2025-07-06,2025-07-06,2403195,645,False,False,False,2403195,False,False,False,False,False,False,quantity_premium_rate_mismatch,errors_detected,False,False,False,False,True,False,False,False,False,False
INV-H4-000646,H4,INS-H4-2024-2049,2025-07-16,PT-H4-000133,F-MAIN,SILVER,2025-07-06,2025-07-09,3805850,646,False,False,False,3805850,False,False,False,False,False,False,,remaining_checks_needed,False,False,False,False,False,False,False,False,False,False
INV-H4-000647,H4,INS-H4-2024-2049,2025-07-15,PT-H4-000035,F-MAIN,SILVER,2025-07-07,2025-07-13,2026415,647,False,False,False,2026415,False,False,False,False,False,False,,remaining_checks_needed,False,False,False,False,False,False,False,False,False,False
INV-H4-000648,H4,INS-H4-2024-2049,2025-07-14,PT-H4-000038,F-MAIN,BRONZE,2025-07-07,2025-07-07,1874237,648,False,False,False,1874237,False,False,False,False,False,False,wrong_unit_basis|bundle_rate_mismatch|discount_rate_mismatch,errors_detected,True,False,False,False,False,True,True,False,False,False
INV-H4-000649,H4,INS-H4-2024-2049,2025-07-21,PT-H4-000202,F-MAIN,BRONZE,2025-07-10,2025-07-12,2106550,649,False,False,False,2106550,False,False,False,False,False,False,,remaining_checks_needed,False,False,False,False,False,False,False,False,False,False
INV-H4-000650,H4,INS-H4-2024-2049,2025-07-20,PT-H4-000039,F-MAIN,GOLD,2025-07-11,2025-07-12,2116750,650,False,False,False,2116750,False,False,False,False,False,False,,remaining_checks_needed,False,False,False,False,False,False,False,False,False,False
INV-H4-000651,H4,INS-H4-2024-2049,2025-07-20,PT-H4-000126,F-MAIN,BRONZE,2025-07-11,2025-07-12,977050,651,False,False,False,977050,False,False,False,False,False,False,,remaining_checks_needed,False,False,False,False,False,False,False,False,False,False
INV-H4-000652,H4,INS-H4-2024-2049,2025-07-26,PT-H4-000049,F-MAIN,GOLD,2025-07-12,2025-07-18,1492585,652,False,False,False,1492585,False,False,False,False,False,False,,remaining_checks_needed,False,False,False,False,False,False,False,False,False,False
INV-H4-000653,H4,INS-H4-2024-2049,2025-07-22,PT-H4-000112,F-MAIN,SILVER,2025-07-13,2025-07-14,2666650,653,False,False,False,2666650,False,False,False,False,False,False,,remaining_checks_needed,False,False,False,False,False,False,False,False,False,False
INV-H4-000654,H4,INS-H4-2024-2049,2025-07-15,PT-H4-000127,F-MAIN,BRONZE,2025-07-15,2025-07-15,3748150,654,False,False,False,3748150,False,False,False,False,False,False,,remaining_checks_needed,False,False,False,False,False,False,False,False,False,False
INV-H4-000655,H4,INS-H4-2024-2049,2025-07-23,PT-H4-000136,F-MAIN,GOLD,2025-07-15,2025-07-15,4162200,655,False,False,False,4162200,False,False,False,False,False,False,,remaining_checks_needed,False,False,False,False,False,False,False,False,False,False
INV-H4-000656,H4,INS-H4-2024-2049,2025-07-23,PT-H4-000171,F-MAIN,BRONZE,2025-07-15,2025-07-21,1691450,656,False,False,False,1691450,False,False,False,False,False,False,,remaining_checks_needed,False,False,False,False,False,False,False,False,False,False
INV-H4-000657,H4,INS-H4-2024-2049,2025-07-24,PT-H4-000061,F-MAIN,SILVER,2025-07-18,2025-07-24,4346156,657,False,False,False,4346156,False,False,False,False,False,False,,remaining_checks_needed,False,False,False,False,False,False,False,False,False,False
INV-H4-000658,H4,INS-H4-2024-2049,2025-07-24,PT-H4-000025,F-MAIN,GOLD,2025-07-19,2025-07-23,3976687,658,False,False,False,3976687,False,False,False,False,False,False,wrong_unit_basis,errors_detected,True,False,False,False,False,False,False,False,True,False
INV-H4-000659,H4,INS-H4-2024-2049,2025-07-31,PT-H4-000088,F-MAIN,GOLD,2025-07-20,2025-07-22,2713235,659,False,False,False,2713235,False,False,False,False,False,False,,remaining_checks_needed,False,False,False,False,False,False,False,False,False,False
INV-H4-000660,H4,INS-H4-2024-2049,2025-07-28,PT-H4-000133,F-MAIN,SILVER,2025-07-20,2025-07-25,2015770,660,False,False,False,2015770,False,False,False,False,False,False,,remaining_checks_needed,False,False,False,False,False,False,False,False,False,False
INV-H4-000661,H4,INS-H4-2024-2049,2025-07-26,PT-H4-000048,F-MAIN,BRONZE,2025-07-21,2025-07-26,3400815,661,False,False,False,3400815,False,False,False,False,False,False,,remaining_checks_needed,False,False,False,False,False,False,False,False,False,False
INV-H4-000662,H4,INS-H4-2024-2049,2025-07-31,PT-H4-000200,F-MAIN,GOLD,2025-07-21,2025-07-27,1487887,662,False,False,False,1487887,False,False,False,False,False,False,,remaining_checks_needed,False,False,False,False,False,False,False,False,False,False
INV-H4-000663,H4,INS-H4-2024-2049,2025-07-26,PT-H4-000020,F-MAIN,BRONZE,2025-07-22,2025-07-25,1160487,663,False,False,False,1160487,False,False,False,False,False,False,,remaining_checks_needed,False,False,False,False,False,False,False,False,False,False
INV-H4-000664,H4,INS-H4-2024-2049,2025-08-05,PT-H4-000108,F-MAIN,SILVER,2025-07-22,2025-07-28,4715005,664,False,False,False,4715005,False,False,False,False,False,False,,remaining_checks_needed,False,False,False,False,False,False,False,False,False,False
INV-H4-000665,H4,INS-H4-2024-2049,2025-08-04,PT-H4-000110,F-MAIN,GOLD,2025-07-22,2025-07-27,3833775,665,False,False,False,3833775,False,False,False,False,False,False,quantity_premium_rate_mismatch,errors_detected,False,False,False,False,True,False,False,False,False,False
INV-H4-000666,H4,INS-H4-2024-2049,2025-07-26,PT-H4-000187,F-MAIN,GOLD,2025-07-22,2025-07-26,2705900,666,False,False,False,2705900,False,False,False,False,False,False,,remaining_checks_needed,False,False,False,False,False,False,False,False,False,False
INV-H4-000667,H4,INS-H4-2024-2049,2025-08-01,PT-H4-000185,F-MAIN,SILVER,2025-07-25,2025-07-29,1037685,667,False,False,False,1037685,False,False,False,False,False,False,,remaining_checks_needed,False,False,False,False,False,False,False,False,False,False
INV-H4-000668,H4,INS-H4-2024-2049,2025-08-08,PT-H4-000112,F-MAIN,SILVER,2025-07-26,2025-07-29,3767380,668,False,False,False,3767380,False,False,False,False,False,False,,remaining_checks_needed,False,False,False,False,False,False,False,False,False,False
INV-H4-000669,H4,INS-H4-2024-2049,2025-08-06,PT-H4-000133,F-MAIN,SILVER,2025-07-26,2025-07-31,2036050,669,False,False,False,2036050,False,False,False,False,False,False,,remaining_checks_needed,False,False,False,False,False,False,False,False,False,False
INV-H4-000670,H4,INS-H4-2024-2049,2025-08-03,PT-H4-000181,F-MAIN,SILVER,2025-07-26,2025-07-26,2221300,670,False,False,False,2221300,False,False,False,False,False,False,,remaining_checks_needed,False,False,False,False,False,False,False,False,False,False
INV-H4-000671,H4,INS-H4-2024-2049,2025-08-08,PT-H4-000037,F-MAIN,GOLD,2025-07-27,2025-08-01,2843843,671,False,False,False,2843843,False,False,False,False,False,False,,remaining_checks_needed,False,False,False,False,False,False,False,False,False,False
INV-H4-000672,H4,INS-H4-2024-2049,2025-08-08,PT-H4-000109,F-MAIN,BRONZE,2025-07-28,2025-07-29,1800325,672,False,False,False,1800325,False,False,False,False,False,False,,remaining_checks_needed,False,False,False,False,False,False,False,False,False,False
INV-H4-000673,H4,INS-H4-2024-2049,2025-08-07,PT-H4-000128,F-MAIN,BRONZE,2025-07-29,2025-08-04,3223381,673,False,False,False,3223381,False,False,False,False,False,False,,remaining_checks_needed,False,False,False,False,False,False,False,False,False,False
INV-H4-000674,H4,INS-H4-2024-2049,2025-08-10,PT-H4-000191,F-MAIN,BRONZE,2025-07-29,2025-08-02,2906505,674,False,False,False,2906505,False,False,False,False,False,False,,remaining_checks_needed,False,False,False,False,False,False,False,False,False,False
INV-H4-000675,H4,INS-H4-2024-2049,2025-08-11,PT-H4-000193,F-MAIN,SILVER,2025-07-30,2025-08-05,1600225,675,False,False,False,1600225,False,False,False,False,False,False,,remaining_checks_needed,False,False,False,False,False,False,False,False,False,False
INV-H4-000676,H4,INS-H4-2024-2049,2025-08-08,PT-H4-000036,F-MAIN,BRONZE,2025-07-31,2025-08-04,2990973,676,False,False,False,2990973,False,False,False,False,False,False,,remaining_checks_needed,False,False,False,False,False,False,False,False,False,False
INV-H4-000677,H4,INS-H4-2024-2049,2025-08-05,PT-H4-000014,F-MAIN,GOLD,2025-08-01,2025-08-02,2040712,677,False,False,False,2040712,False,False,False,False,False,False,,remaining_checks_needed,False,False,False,False,False,False,False,False,False,False
INV-H4-000678,H4,INS-H4-2024-2049,2025-08-08,PT-H4-000051,F-MAIN,BRONZE,2025-08-01,2025-08-04,3039017,678,False,False,False,3039017,False,False,True,True,False,False,malformed_service_date|service_date_after_invoice_date,errors_detected,False,False,False,False,False,False,False,False,False,False
INV-H4-000679,H4,INS-H4-2024-2049,2025-08-14,PT-H4-000083,F-MAIN,GOLD,2025-08-02,2025-08-06,3569404,679,False,False,False,3569404,False,False,False,False,False,False,,remaining_checks_needed,False,False,False,False,False,False,False,False,False,False
INV-H4-000680,H4,INS-H4-2024-2049,2025-08-11,PT-H4-000104,F-MAIN,BRONZE,2025-08-03,2025-08-04,3846725,680,False,False,False,3846725,False,False,False,False,False,False,,remaining_checks_needed,False,False,False,False,False,False,False,False,False,False
INV-H4-000681,H4,INS-H4-2024-2049,2025-08-17,PT-H4-000029,F-MAIN,SILVER,2025-08-04,2025-08-08,2447300,681,False,False,False,2447300,False,False,False,False,False,False,,remaining_checks_needed,False,False,False,False,False,False,False,False,False,False
INV-H4-000682,H4,INS-H4-2024-2049,2025-08-18,PT-H4-000189,F-MAIN,SILVER,2025-08-05,2025-08-10,2394425,682,False,False,False,2394425,False,False,False,False,False,False,,remaining_checks_needed,False,False,False,False,False,False,False,False,False,False
INV-H4-000683,H4,INS-H4-2024-2049,2025-08-14,PT-H4-000206,F-MAIN,GOLD,2025-08-05,2025-08-05,3566465,683,False,False,False,3566465,False,False,False,False,False,False,,remaining_checks_needed,False,False,False,False,False,False,False,False,False,False
INV-H4-000684,H4,INS-H4-2024-2049,2025-08-22,PT-H4-000041,F-MAIN,BRONZE,2025-08-06,2025-08-12,2758763,684,False,False,False,2758763,False,False,False,False,False,False,,remaining_checks_needed,False,False,False,False,False,False,False,False,False,False
INV-H4-000685,H4,INS-H4-2024-2049,2025-08-16,PT-H4-000062,F-MAIN,SILVER,2025-08-08,2025-08-11,888575,685,False,False,False,888575,False,False,False,False,False,False,,remaining_checks_needed,False,False,False,False,False,False,False,False,False,False
INV-H4-000686,H4,INS-H4-2024-2049,2025-08-16,PT-H4-000015,F-MAIN,GOLD,2025-08-10,2025-08-15,993150,686,False,False,False,993150,False,False,False,False,False,False,,remaining_checks_needed,False,False,False,False,False,False,False,False,False,False
INV-H4-000687,H4,INS-H4-2024-2049,2025-08-18,PT-H4-000048,F-MAIN,BRONZE,2025-08-13,2025-08-16,2130175,687,False,False,False,2130175,False,False,False,False,False,False,,remaining_checks_needed,False,False,False,False,False,False,False,False,False,False
INV-H4-000688,H4,INS-H4-2024-2049,2025-08-18,PT-H4-000145,F-MAIN,SILVER,2025-08-13,2025-08-17,2147980,688,False,False,False,2147980,False,False,False,False,False,False,,remaining_checks_needed,False,False,False,False,False,False,False,False,False,False
INV-H4-000689,H4,INS-H4-2024-2049,2025-08-21,PT-H4-000009,F-MAIN,GOLD,2025-08-14,2025-08-20,311150,689,False,False,False,311150,False,False,False,False,False,False,,remaining_checks_needed,False,False,False,False,False,False,False,False,False,False
INV-H4-000690,H4,INS-H4-2024-2049,2025-08-25,PT-H4-000003,F-MAIN,GOLD,2025-08-16,2025-08-20,2240395,690,False,False,False,2240395,False,False,False,False,False,False,,remaining_checks_needed,False,False,False,False,False,False,False,False,False,False
INV-H4-000691,H4,INS-H4-2024-2049,2025-08-26,PT-H4-000155,F-MAIN,SILVER,2025-08-16,2025-08-20,4074340,691,False,False,False,4074340,False,False,False,True,False,False,service_date_after_invoice_date|wrong_unit_basis|bundle_rate_mismatch,errors_detected,True,False,False,False,False,True,False,False,False,False
INV-H4-000692,H4,INS-H4-2024-2049,2025-08-29,PT-H4-000161,F-MAIN,GOLD,2025-08-19,2025-08-19,852437,692,False,False,False,852437,False,False,False,False,False,False,quantity_premium_rate_mismatch|bundle_rate_mismatch,errors_detected,False,False,False,False,True,True,False,False,False,False
INV-H4-000693,H4,INS-H4-2024-2049,2025-08-26,PT-H4-000069,F-MAIN,GOLD,2025-08-20,2025-08-25,1856825,693,False,False,False,1856825,False,False,False,False,True,False,service_date_out_of_window,errors_detected,False,False,False,False,False,False,False,False,False,True
INV-H4-000694,H4,INS-H4-2024-2049,2025-08-30,PT-H4-000100,F-MAIN,SILVER,2025-08-22,2025-08-27,2726750,694,False,False,False,2726750,False,False,False,False,False,False,,remaining_checks_needed,False,False,False,False,False,False,False,False,False,False
INV-H4-000695,H4,INS-H4-2024-2049,2025-08-30,PT-H4-000122,F-MAIN,GOLD,2025-08-24,2025-08-24,2497850,695,False,False,False,2497850,False,False,False,False,False,False,,remaining_checks_needed,False,False,False,False,False,False,False,False,False,False
INV-H4-000696,H4,INS-H4-2024-2049,2025-09-02,PT-H4-000164,F-MAIN,GOLD,2025-08-25,2025-08-26,3217300,696,False,False,False,3217300,False,False,False,False,False,False,,remaining_checks_needed,False,False,False,False,False,False,False,False,False,False
INV-H4-000697,H4,INS-H4-2024-2049,2025-08-25,PT-H4-000187,F-MAIN,GOLD,2025-08-25,2025-08-25,654798,697,False,False,False,654798,False,False,False,False,False,False,,remaining_checks_needed,False,False,False,False,False,False,False,False,False,False
INV-H4-000698,H4,INS-H4-2024-2049,2025-09-02,PT-H4-000197,F-MAIN,GOLD,2025-08-25,2025-08-27,2551180,698,False,False,False,2551180,False,False,False,False,False,False,,remaining_checks_needed,False,False,False,False,False,False,False,False,False,False
INV-H4-000699,H4,INS-H4-2024-2049,2025-09-05,PT-H4-000041,F-MAIN,BRONZE,2025-08-26,2025-08-29,2322125,699,False,False,False,2322125,False,False,False,False,False,False,,remaining_checks_needed,False,False,False,False,False,False,False,False,False,False
INV-H4-000700,H4,INS-H4-2024-2049,2025-09-01,PT-H4-000186,F-MAIN,SILVER,2025-08-26,2025-08-26,1300625,700,False,False,False,1300625,False,False,True,False,False,False,malformed_service_date,errors_detected,False,False,False,False,False,False,False,False,False,False
INV-H4-000701,H4,INS-H4-2024-2049,2025-09-01,PT-H4-000194,F-MAIN,GOLD,2025-08-26,2025-08-30,3883275,701,False,False,False,3883275,False,False,False,False,False,False,,remaining_checks_needed,False,False,False,False,False,False,False,False,False,False
INV-H4-000702,H4,INS-H4-2024-2049,2025-08-31,PT-H4-000130,F-MAIN,SILVER,2025-08-27,2025-08-30,3624763,702,False,False,False,3624763,False,False,False,False,False,False,,remaining_checks_needed,False,False,False,False,False,False,False,False,False,False
INV-H4-000703,H4,INS-H4-2024-2049,2025-09-05,PT-H4-000208,F-MAIN,SILVER,2025-08-27,2025-08-31,1270725,703,False,False,False,1270725,False,False,False,False,False,False,,remaining_checks_needed,False,False,False,False,False,False,False,False,False,False
INV-H4-000704,H4,INS-H4-2024-2049,2025-09-11,PT-H4-000113,F-MAIN,GOLD,2025-08-29,2025-09-02,2061525,704,False,False,False,2061525,False,False,False,False,False,False,,remaining_checks_needed,False,False,False,False,False,False,False,False,False,False
INV-H4-000705,H4,INS-H4-2024-2049,2025-09-07,PT-H4-000087,F-MAIN,SILVER,2025-08-30,2025-09-05,3597659,705,False,False,False,3597659,False,False,False,False,False,False,,remaining_checks_needed,False,False,False,False,False,False,False,False,False,False
INV-H4-000706,H4,INS-H4-2024-2049,2025-09-09,PT-H4-000086,F-MAIN,BRONZE,2025-08-31,2025-09-04,3315425,706,False,False,False,3315425,False,False,False,False,False,False,,remaining_checks_needed,False,False,False,False,False,False,False,False,False,False
INV-H4-000707,H4,INS-H4-2024-2049,2025-09-10,PT-H4-000114,F-MAIN,GOLD,2025-08-31,2025-09-01,3779025,707,False,False,False,3779025,False,False,False,False,False,False,,remaining_checks_needed,False,False,False,False,False,False,False,False,False,False
INV-H4-000708,H4,INS-H4-2024-2049,2025-09-03,PT-H4-000127,F-MAIN,BRONZE,2025-08-31,2025-09-02,1879075,708,False,False,False,1879075,False,False,False,False,False,False,,remaining_checks_needed,False,False,False,False,False,False,False,False,False,False
INV-H4-000709,H4,INS-H4-2024-2049,2025-09-14,PT-H4-000072,F-MAIN,GOLD,2025-09-01,2025-09-07,4613225,709,False,False,False,4613225,False,False,False,False,False,False,,remaining_checks_needed,False,False,False,False,False,False,False,False,False,False
INV-H4-000710,H4,INS-H4-2024-2049,2025-09-09,PT-H4-000114,F-MAIN,GOLD,2025-09-02,2025-09-02,508550,710,False,False,False,508550,False,False,False,False,False,False,,remaining_checks_needed,False,False,False,False,False,False,False,False,False,False
INV-H4-000711,H4,INS-H4-2024-2049,2025-09-13,PT-H4-000091,F-MAIN,BRONZE,2025-09-03,2025-09-03,4676031,711,False,False,False,4676031,False,False,False,False,False,False,,remaining_checks_needed,False,False,False,False,False,False,False,False,False,False
INV-H4-000712,H4,INS-H4-2024-2049,2025-09-15,PT-H4-000197,F-MAIN,GOLD,2025-09-04,2025-09-07,2480463,712,False,False,False,2480463,False,False,False,False,False,False,,remaining_checks_needed,False,False,False,False,False,False,False,False,False,False
INV-H4-000713,H4,INS-H4-2024-2049,2025-09-19,PT-H4-000086,F-MAIN,BRONZE,2025-09-05,2025-09-09,2609056,713,False,False,False,2609056,False,False,False,False,False,False,,remaining_checks_needed,False,False,False,False,False,False,False,False,False,False
INV-H4-000714,H4,INS-H4-2024-2049,2025-09-18,PT-H4-000083,F-MAIN,GOLD,2025-09-08,2025-09-08,1716180,714,False,False,False,1716180,False,False,False,False,False,False,,remaining_checks_needed,False,False,False,False,False,False,False,False,False,False
INV-H4-000715,H4,INS-H4-2024-2049,2025-09-16,PT-H4-000098,F-MAIN,SILVER,2025-09-09,2025-09-12,3523710,715,False,False,False,3523710,False,False,False,False,False,False,,remaining_checks_needed,False,False,False,False,False,False,False,False,False,False
INV-H4-000716,H4,INS-H4-2024-2049,2025-09-19,PT-H4-000082,F-MAIN,BRONZE,2025-09-10,2025-09-14,2696280,716,False,False,False,2696280,False,False,False,False,False,False,,remaining_checks_needed,False,False,False,False,False,False,False,False,False,False
INV-H4-000717,H4,INS-H4-2024-2049,2025-09-17,PT-H4-000200,F-MAIN,GOLD,2025-09-11,2025-09-13,475025,717,False,False,False,475025,False,False,False,False,False,False,,remaining_checks_needed,False,False,False,False,False,False,False,False,False,False
INV-H4-000718,H4,INS-H4-2024-2049,2025-09-20,PT-H4-000125,F-MAIN,GOLD,2025-09-12,2025-09-16,1570300,718,False,False,False,1570300,False,False,False,False,False,False,,remaining_checks_needed,False,False,False,False,False,False,False,False,False,False
INV-H4-000719,H4,INS-H4-2024-2049,2025-09-21,PT-H4-000135,F-MAIN,GOLD,2025-09-12,2025-09-18,2370128,719,False,False,False,2370128,False,False,False,False,False,True,line_total_arithmetic,errors_detected,False,False,False,False,False,False,False,False,False,False
INV-H4-000720,H4,INS-H4-2024-2049,2025-09-17,PT-H4-000088,F-MAIN,GOLD,2025-09-15,2025-09-17,576907,720,False,False,False,576907,False,False,False,False,False,False,,remaining_checks_needed,False,False,False,False,False,False,False,False,False,False
INV-H4-000721,H4,INS-H4-2024-2049,2025-09-27,PT-H4-000091,F-MAIN,BRONZE,2025-09-15,2025-09-18,3096676,721,False,False,False,3096676,False,False,False,False,False,False,,remaining_checks_needed,False,False,False,False,False,False,False,False,False,False
INV-H4-000722,H4,INS-H4-2024-2049,2025-09-20,PT-H4-000131,F-MAIN,SILVER,2025-09-15,2025-09-18,4852900,722,False,False,False,4852900,False,False,False,False,False,False,,remaining_checks_needed,False,False,False,False,False,False,False,False,False,False
INV-H4-000723,H4,INS-H4-2024-2049,2025-09-29,PT-H4-000094,F-MAIN,GOLD,2025-09-16,2025-09-20,3752837,723,False,False,False,3752837,False,False,False,False,False,False,,remaining_checks_needed,False,False,False,False,False,False,False,False,False,False
INV-H4-000724,H4,INS-H4-2024-2049,2025-09-29,PT-H4-000196,F-MAIN,GOLD,2025-09-17,2025-09-19,3060765,724,False,False,False,3060765,False,False,False,False,True,False,service_date_out_of_window,errors_detected,False,False,False,False,False,False,False,False,False,False
INV-H4-000725,H4,INS-H4-2024-2049,2025-09-26,PT-H4-000103,F-MAIN,GOLD,2025-09-18,2025-09-24,2760625,725,False,False,False,2760625,False,False,False,False,False,False,,remaining_checks_needed,False,False,False,False,False,False,False,False,False,False
INV-H4-000726,H4,INS-H4-2024-2049,2025-09-19,PT-H4-000109,F-MAIN,BRONZE,2025-09-18,2025-09-18,2226275,726,False,False,False,2226275,False,False,False,False,False,False,,remaining_checks_needed,False,False,False,False,False,False,False,False,False,False
INV-H4-000727,H4,INS-H4-2024-2049,2025-09-27,PT-H4-000004,F-MAIN,BRONZE,2025-09-20,2025-09-26,3550960,727,False,False,False,3550960,False,False,False,False,False,False,,remaining_checks_needed,False,False,False,False,False,False,False,False,False,False
INV-H4-000728,H4,INS-H4-2024-2049,2025-09-27,PT-H4-000113,F-MAIN,GOLD,2025-09-21,2025-09-25,988325,728,False,False,False,988325,False,False,False,False,False,False,,remaining_checks_needed,False,False,False,False,False,False,False,False,False,False
INV-H4-000729,H4,INS-H4-2024-2049,2025-09-25,PT-H4-000115,F-MAIN,BRONZE,2025-09-22,2025-09-23,3571570,729,False,False,False,3571570,False,False,False,False,False,False,,remaining_checks_needed,False,False,False,False,False,False,False,False,False,False
INV-H4-000730,H4,INS-H4-2024-2049,2025-09-27,PT-H4-000148,F-MAIN,BRONZE,2025-09-23,2025-09-27,3828225,730,False,False,False,3828225,False,False,False,False,False,False,,remaining_checks_needed,False,False,False,False,False,False,False,False,False,False
INV-H4-000731,H4,INS-H4-2024-2049,2025-10-04,PT-H4-000149,F-MAIN,SILVER,2025-09-24,2025-09-25,1739600,731,False,False,False,1739600,False,False,False,False,False,False,,remaining_checks_needed,False,False,False,False,False,False,False,False,False,False
INV-H4-000732,H4,INS-H4-2024-2049,2025-09-30,PT-H4-000170,F-MAIN,GOLD,2025-09-24,2025-09-27,2127850,732,False,False,False,2127850,False,False,False,False,False,False,,remaining_checks_needed,False,False,False,False,False,False,False,False,False,False
INV-H4-000733,H4,INS-H4-2024-2049,2025-10-06,PT-H4-000078,F-MAIN,SILVER,2025-09-25,2025-09-27,1170500,733,False,False,False,1170500,False,False,False,False,False,False,,remaining_checks_needed,False,False,False,False,False,False,False,False,False,False
INV-H4-000734,H4,INS-H4-2024-2049,2025-10-06,PT-H4-000084,F-MAIN,BRONZE,2025-09-25,2025-09-30,1957634,734,False,False,False,1957634,False,False,False,False,False,False,,remaining_checks_needed,False,False,False,False,False,False,False,False,False,False
INV-H4-000735,H4,INS-H4-2024-2049,2025-10-01,PT-H4-000145,F-MAIN,SILVER,2025-09-25,2025-09-29,402050,735,False,False,False,402050,False,False,False,False,False,False,,remaining_checks_needed,False,False,False,False,False,False,False,False,False,False
INV-H4-000736,H4,INS-H4-2024-2049,2025-10-03,PT-H4-000068,F-MAIN,SILVER,2025-09-26,2025-10-01,1610150,736,False,False,False,1610150,False,False,False,False,False,False,,remaining_checks_needed,False,False,False,False,False,False,False,False,False,False
INV-H4-000737,H4,INS-H4-2024-2049,2025-10-03,PT-H4-000122,F-MAIN,GOLD,2025-09-27,2025-09-27,2255325,737,False,False,False,2255325,False,False,False,False,False,False,,remaining_checks_needed,False,False,False,False,False,False,False,False,False,False
INV-H4-000738,H4,INS-H4-2024-2049,2025-10-07,PT-H4-000140,F-MAIN,BRONZE,2025-09-27,2025-10-02,1984399,738,False,False,False,1984399,False,False,False,False,False,False,,remaining_checks_needed,False,False,False,False,False,False,False,False,False,False
INV-H4-000739,H4,INS-H4-2024-2049,2025-10-11,PT-H4-000089,F-MAIN,SILVER,2025-09-30,2025-10-04,5045945,739,False,False,False,5045945,False,False,False,False,False,False,,remaining_checks_needed,False,False,False,False,False,False,False,False,False,False
INV-H4-000740,H4,INS-H4-2024-2049,2025-10-10,PT-H4-000179,F-MAIN,BRONZE,2025-10-02,2025-10-03,3097325,740,False,False,False,3097325,False,False,False,False,False,False,,remaining_checks_needed,False,False,False,False,False,False,False,False,False,False
INV-H4-000741,H4,INS-H4-2024-2049,2025-10-12,PT-H4-000142,F-MAIN,GOLD,2025-10-04,2025-10-07,3319825,741,False,False,False,3319825,False,False,False,False,False,False,,remaining_checks_needed,False,False,False,False,False,False,False,False,False,False
INV-H4-000742,H4,INS-H4-2024-2049,2025-10-11,PT-H4-000203,F-MAIN,GOLD,2025-10-06,2025-10-07,2724195,742,False,False,False,2724195,False,False,False,False,False,False,,remaining_checks_needed,False,False,False,False,False,False,False,False,False,False
INV-H4-000743,H4,INS-H4-2024-2049,2025-10-14,PT-H4-000078,F-MAIN,SILVER,2025-10-07,2025-10-08,3407070,743,False,False,False,3407070,False,False,False,False,False,False,,remaining_checks_needed,False,False,False,False,False,False,False,False,False,False
INV-H4-000744,H4,INS-H4-2024-2049,2025-10-14,PT-H4-000126,F-MAIN,BRONZE,2025-10-07,2025-10-12,2601325,744,False,False,False,2601325,False,False,False,False,False,False,,remaining_checks_needed,False,False,False,False,False,False,False,False,False,False
INV-H4-000745,H4,INS-H4-2024-2049,2025-10-22,PT-H4-000185,F-MAIN,SILVER,2025-10-09,2025-10-14,1792890,745,False,False,False,1792890,False,False,False,False,False,False,,remaining_checks_needed,False,False,False,False,False,False,False,False,False,False
INV-H4-000746,H4,INS-H4-2024-2049,2025-10-21,PT-H4-000171,F-MAIN,BRONZE,2025-10-10,2025-10-12,3566609,746,False,False,False,3566609,False,False,False,False,False,False,,remaining_checks_needed,False,False,False,False,False,False,False,False,False,False
INV-H4-000747,H4,INS-H4-2024-2049,2025-10-17,PT-H4-000158,F-MAIN,GOLD,2025-10-12,2025-10-13,805650,747,False,False,False,805650,False,False,False,False,False,False,,remaining_checks_needed,False,False,False,False,False,False,False,False,False,False
INV-H4-000748,H4,INS-H4-2024-2049,2025-10-18,PT-H4-000171,F-MAIN,BRONZE,2025-10-12,2025-10-18,1131650,748,False,False,False,1131650,False,False,False,False,False,False,,remaining_checks_needed,False,False,False,False,False,False,False,False,False,False
INV-H4-000749,H4,INS-H4-2024-2049,2025-10-23,PT-H4-000099,F-MAIN,SILVER,2025-10-13,2025-10-13,3224700,749,False,False,False,3224700,False,False,False,False,False,False,,remaining_checks_needed,False,False,False,False,False,False,False,False,False,False
INV-H4-000750,H4,INS-H4-2024-2049,2025-10-23,PT-H4-000123,F-MAIN,BRONZE,2025-10-13,2025-10-14,1496250,750,False,False,False,1496250,False,False,False,False,False,False,,remaining_checks_needed,False,False,False,False,False,False,False,False,False,False
INV-H4-000751,H4,INS-H4-2024-2049,2025-10-25,PT-H4-000105,F-MAIN,BRONZE,2025-10-14,2025-10-17,2840731,751,False,False,False,2840731,False,False,False,False,False,False,,remaining_checks_needed,False,False,False,False,False,False,False,False,False,False
INV-H4-000752,H4,INS-H4-2024-2049,2025-10-27,PT-H4-000154,F-MAIN,GOLD,2025-10-14,2025-10-17,990930,752,False,False,False,990930,False,False,False,False,False,False,,remaining_checks_needed,False,False,False,False,False,False,False,False,False,False
INV-H4-000753,H4,INS-H4-2024-2049,2025-10-30,PT-H4-000186,F-MAIN,SILVER,2025-10-15,2025-10-20,3517100,753,False,False,False,3517100,False,False,False,False,False,False,,remaining_checks_needed,False,False,False,False,False,False,False,False,False,False
INV-H4-000754,H4,INS-H4-2024-2049,2025-10-27,PT-H4-000061,F-MAIN,SILVER,2025-10-16,2025-10-20,2006700,754,False,False,False,2006700,False,False,False,False,False,False,,remaining_checks_needed,False,False,False,False,False,False,False,False,False,False
INV-H4-000755,H4,INS-H4-2024-2049,2025-10-23,PT-H4-000043,F-MAIN,SILVER,2025-10-17,2025-10-20,2406204,755,False,False,False,2406204,False,False,False,False,False,False,,remaining_checks_needed,False,False,False,False,False,False,False,False,False,False
INV-H4-000756,H4,INS-H4-2024-2049,2025-10-21,PT-H4-000165,F-MAIN,BRONZE,2025-10-17,2025-10-19,3326915,756,False,False,False,3326915,False,False,False,False,False,False,,remaining_checks_needed,False,False,False,False,False,False,False,False,False,False
INV-H4-000757,H4,INS-H4-2024-2049,2025-10-31,PT-H4-000168,F-MAIN,SILVER,2025-10-17,2025-10-21,1616780,757,False,False,False,1616780,False,False,False,False,False,False,,remaining_checks_needed,False,False,False,False,False,False,False,False,False,False
INV-H4-000758,H4,INS-H4-2024-2049,2025-10-27,PT-H4-000113,F-MAIN,GOLD,2025-10-18,2025-10-18,3047730,758,False,False,False,3047730,False,False,False,False,False,False,,remaining_checks_needed,False,False,False,False,False,False,False,False,False,False
INV-H4-000759,H4,INS-H4-2024-2049,2025-10-25,PT-H4-000197,F-MAIN,GOLD,2025-10-18,2025-10-22,2824475,759,False,False,False,2824475,False,False,False,False,False,False,,remaining_checks_needed,False,False,False,False,False,False,False,False,False,False
INV-H4-000760,H4,INS-H4-2024-2049,2025-10-27,PT-H4-000016,F-MAIN,GOLD,2025-10-20,2025-10-23,2061425,760,False,False,False,2061425,False,False,False,False,False,False,,remaining_checks_needed,False,False,False,False,False,False,False,False,False,False
INV-H4-000761,H4,INS-H4-2024-2049,2025-11-01,PT-H4-000052,F-MAIN,SILVER,2025-10-22,2025-10-27,3057850,761,False,False,False,3057850,False,False,False,False,False,False,,remaining_checks_needed,False,False,False,False,False,False,False,False,False,False
INV-H4-000762,H4,INS-H4-2024-2049,2025-10-25,PT-H4-000064,F-MAIN,GOLD,2025-10-22,2025-10-22,1098550,762,False,False,False,1098550,False,False,False,False,False,False,,remaining_checks_needed,False,False,False,False,False,False,False,False,False,False
INV-H4-000763,H4,INS-H4-2024-2049,2025-10-22,PT-H4-000110,F-MAIN,GOLD,2025-10-22,2025-10-22,3228059,763,False,False,False,3228059,False,False,False,False,False,False,,remaining_checks_needed,False,False,False,False,False,False,False,False,False,False
INV-H4-000764,H4,INS-H4-2024-2049,2025-10-29,PT-H4-000118,F-MAIN,GOLD,2025-10-22,2025-10-24,4144255,764,False,False,False,4144255,False,False,False,False,False,False,,remaining_checks_needed,False,False,False,False,False,False,False,False,False,False
INV-H4-000765,H4,INS-H4-2024-2049,2025-11-02,PT-H4-000135,F-MAIN,GOLD,2025-10-22,2025-10-24,2605360,765,False,False,False,2605360,False,False,False,False,False,False,,remaining_checks_needed,False,False,False,False,False,False,False,False,False,False
INV-H4-000766,H4,INS-H4-2024-2049,2025-10-29,PT-H4-000178,F-MAIN,GOLD,2025-10-22,2025-10-26,2817475,766,False,False,False,2817475,False,False,False,False,False,False,,remaining_checks_needed,False,False,False,False,False,False,False,False,False,False
INV-H4-000767,H4,INS-H4-2024-2049,2025-10-30,PT-H4-000134,F-MAIN,SILVER,2025-10-23,2025-10-25,2274835,767,False,False,False,2274835,False,False,False,False,False,False,,remaining_checks_needed,False,False,False,False,False,False,False,False,False,False
INV-H4-000768,H4,INS-H4-2024-2049,2025-10-28,PT-H4-000200,F-MAIN,GOLD,2025-10-24,2025-10-25,1314300,768,False,False,False,1314300,False,False,False,False,False,False,,remaining_checks_needed,False,False,False,False,False,False,False,False,False,False
INV-H4-000769,H4,INS-H4-2024-2049,2025-10-27,PT-H4-000062,F-MAIN,SILVER,2025-10-26,2025-10-26,1986350,769,False,False,False,1986350,False,False,False,False,False,False,,remaining_checks_needed,False,False,False,False,False,False,False,False,False,False
INV-H4-000770,H4,INS-H4-2024-2049,2025-11-07,PT-H4-000098,F-MAIN,SILVER,2025-10-26,2025-11-01,2739165,770,False,False,False,2739165,False,False,False,False,False,False,,remaining_checks_needed,False,False,False,False,False,False,False,False,False,False
INV-H4-000771,H4,INS-H4-2024-2049,2025-11-06,PT-H4-000180,F-MAIN,GOLD,2025-10-26,2025-10-30,1482775,771,False,False,False,1482775,False,False,False,False,False,False,,remaining_checks_needed,False,False,False,False,False,False,False,False,False,False
INV-H4-000772,H4,INS-H4-2024-2049,2025-11-09,PT-H4-000184,F-MAIN,GOLD,2025-10-26,2025-10-30,4537660,772,False,False,False,4537660,False,False,False,False,False,False,,remaining_checks_needed,False,False,False,False,False,False,False,False,False,False
INV-H4-000773,H4,INS-H4-2024-2049,2025-11-07,PT-H4-000061,F-MAIN,SILVER,2025-10-27,2025-10-29,2910695,773,False,False,False,2910695,False,False,False,False,False,False,,remaining_checks_needed,False,False,False,False,False,False,False,False,False,False
INV-H4-000774,H4,INS-H4-2024-2049,2025-11-03,PT-H4-000147,F-MAIN,BRONZE,2025-10-30,2025-11-02,1531025,774,False,False,False,1531025,False,False,False,False,False,False,,remaining_checks_needed,False,False,False,False,False,False,False,False,False,False
INV-H4-000775,H4,INS-H4-2024-2049,2025-11-10,PT-H4-000073,F-MAIN,SILVER,2025-11-01,2025-11-03,974850,775,False,False,False,974850,False,False,False,False,False,False,,remaining_checks_needed,False,False,False,False,False,False,False,False,False,False
INV-H4-000776,H4,INS-H4-2024-2049,2025-11-07,PT-H4-000061,F-MAIN,SILVER,2025-11-02,2025-11-04,3020525,776,False,False,False,3020525,False,False,False,False,False,False,,remaining_checks_needed,False,False,False,False,False,False,False,False,False,False
INV-H4-000777,H4,INS-H4-2024-2049,2025-11-06,PT-H4-000195,F-MAIN,SILVER,2025-11-04,2025-11-06,5973150,777,False,False,False,5973150,False,False,False,False,False,False,discount_rate_mismatch,errors_detected,False,False,False,False,False,False,True,False,False,False
INV-H4-000778,H4,INS-H4-2024-2049,2025-11-19,PT-H4-000116,F-MAIN,SILVER,2025-11-05,2025-11-10,1645675,778,False,False,False,1645675,False,False,False,False,False,False,,remaining_checks_needed,False,False,False,False,False,False,False,False,False,False
INV-H4-000779,H4,INS-H4-2024-2049,2025-11-16,PT-H4-000174,F-MAIN,SILVER,2025-11-05,2025-11-06,2932852,779,False,False,False,2932852,False,False,False,False,False,False,,remaining_checks_needed,False,False,False,False,False,False,False,False,False,False
INV-H4-000780,H4,INS-H4-2024-2049,2025-11-19,PT-H4-000059,F-MAIN,GOLD,2025-11-09,2025-11-12,2060075,780,False,False,False,2060075,False,False,False,False,False,False,,remaining_checks_needed,False,False,False,False,False,False,False,False,False,False
INV-H4-000781,H4,INS-H4-2024-2049,2025-11-18,PT-H4-000132,F-MAIN,GOLD,2025-11-09,2025-11-09,5140475,781,False,False,False,5140475,False,False,False,False,False,False,,remaining_checks_needed,False,False,False,False,False,False,False,False,False,False
INV-H4-000782,H4,INS-H4-2024-2049,2025-11-11,PT-H4-000170,F-MAIN,GOLD,2025-11-09,2025-11-11,3270350,782,False,False,False,3270350,False,False,False,False,False,False,,remaining_checks_needed,False,False,False,False,False,False,False,False,False,False
INV-H4-000783,H4,INS-H4-2024-2049,2025-11-19,PT-H4-000128,F-MAIN,BRONZE,2025-11-11,2025-11-14,1637150,783,False,False,False,1637150,False,False,False,False,False,False,,remaining_checks_needed,False,False,False,False,False,False,False,False,False,False
INV-H4-000784,H4,INS-H4-2024-2049,2025-11-14,PT-H4-000153,F-MAIN,GOLD,2025-11-11,2025-11-13,5672100,784,False,False,False,5672100,False,False,False,False,False,False,,remaining_checks_needed,False,False,False,False,False,False,False,False,False,False
INV-H4-000785,H4,INS-H4-2024-2049,2025-11-22,PT-H4-000011,F-MAIN,GOLD,2025-11-12,2025-11-13,1734650,785,False,False,False,1734650,False,False,False,False,False,False,,remaining_checks_needed,False,False,False,False,False,False,False,False,False,False
INV-H4-000786,H4,INS-H4-2024-2049,2025-11-24,PT-H4-000189,F-MAIN,SILVER,2025-11-13,2025-11-16,3089870,786,False,False,False,3089870,False,False,False,False,False,False,,remaining_checks_needed,False,False,False,False,False,False,False,False,False,False
INV-H4-000607,H4,INS-H4-2024-2049,2025-11-16,PT-H4-000176,F-MAIN,GOLD,2025-11-14,2025-11-16,1108400,787,True,False,False,1108400,False,False,False,False,False,False,duplicate_invoice_id,errors_detected,False,False,False,False,False,False,False,False,False,False
INV-H4-000788,H4,INS-H4-2024-2049,2025-11-25,PT-H4-000046,F-MAIN,GOLD,2025-11-15,2025-11-15,1575550,788,False,False,False,1575550,False,False,False,False,False,False,,remaining_checks_needed,False,False,False,False,False,False,False,False,False,False
INV-H4-000789,H4,INS-H4-2024-2049,2025-11-19,PT-H4-000065,F-MAIN,BRONZE,2025-11-15,2025-11-15,4974786,789,False,False,False,4974786,False,False,False,False,False,False,,remaining_checks_needed,False,False,False,False,False,False,False,False,False,False
INV-H4-000790,H4,INS-H4-2024-2049,2025-11-23,PT-H4-000107,F-MAIN,BRONZE,2025-11-15,2025-11-19,1579048,790,False,False,False,1579048,False,False,False,False,False,False,,remaining_checks_needed,False,False,False,False,False,False,False,False,False,False
INV-H4-000791,H4,INS-H4-2024-2049,2025-11-24,PT-H4-000109,F-MAIN,BRONZE,2025-11-15,2025-11-19,4221708,791,False,False,False,4221708,False,False,False,False,False,False,,remaining_checks_needed,False,False,False,False,False,False,False,False,False,False
INV-H4-000792,H4,INS-H4-2024-2049,2025-11-27,PT-H4-000111,F-MAIN,GOLD,2025-11-15,2025-11-20,2301500,792,False,False,False,2301500,False,False,False,False,False,False,,remaining_checks_needed,False,False,False,False,False,False,False,False,False,False
INV-H4-000793,H4,INS-H4-2024-2049,2025-11-24,PT-H4-000087,F-MAIN,SILVER,2025-11-16,2025-11-22,2204775,793,False,False,False,2204775,False,False,False,False,False,False,,remaining_checks_needed,False,False,False,False,False,False,False,False,False,False
INV-H4-000794,H4,INS-H4-2024-2049,2025-11-29,PT-H4-000101,F-MAIN,SILVER,2025-11-16,2025-11-20,785665,794,False,False,False,785665,False,False,False,False,False,False,,remaining_checks_needed,False,False,False,False,False,False,False,False,False,False
INV-H4-000795,H4,INS-H4-2024-2049,2025-11-20,PT-H4-000079,F-MAIN,SILVER,2025-11-18,2025-11-18,5008875,795,False,False,False,5008875,False,False,False,False,False,False,,remaining_checks_needed,False,False,False,False,False,False,False,False,False,False
INV-H4-000796,H4,INS-H4-2024-2049,2025-11-26,PT-H4-000054,F-MAIN,BRONZE,2025-11-19,2025-11-24,2077075,796,False,False,False,2077075,False,False,False,False,False,False,,remaining_checks_needed,False,False,False,False,False,False,False,False,False,False
INV-H4-000797,H4,INS-H4-2024-2049,2025-11-26,PT-H4-000023,F-MAIN,BRONZE,2025-11-21,2025-11-25,2429475,797,False,False,False,2429475,False,False,False,False,False,False,,remaining_checks_needed,False,False,False,False,False,False,False,False,False,False
INV-H4-000798,H4,INS-H4-2024-2049,2025-11-29,PT-H4-000135,F-MAIN,GOLD,2025-11-22,2025-11-26,3689755,798,False,False,False,3689755,False,False,False,False,False,False,,remaining_checks_needed,False,False,False,False,False,False,False,False,False,False
INV-H4-000799,H4,INS-H4-2024-2049,2025-12-07,PT-H4-000155,F-MAIN,SILVER,2025-11-22,2025-11-28,2573075,799,False,False,False,2573075,False,False,False,False,False,False,,remaining_checks_needed,False,False,False,False,False,False,False,False,False,False
INV-H4-000800,H4,INS-H4-2024-2049,2025-11-28,PT-H4-000154,F-MAIN,GOLD,2025-11-23,2025-11-24,1103000,800,False,False,False,1103000,False,False,False,False,False,False,,remaining_checks_needed,False,False,False,False,False,False,False,False,False,False
INV-H4-000801,H4,INS-H4-2024-2049,2025-11-26,PT-H4-000168,F-MAIN,SILVER,2025-11-23,2025-11-25,933981,801,False,False,False,933981,False,False,False,False,False,False,,remaining_checks_needed,False,False,False,False,False,False,False,False,False,False
INV-H4-000802,H4,INS-H4-2024-2049,2025-11-26,PT-H4-000207,F-MAIN,GOLD,2025-11-23,2025-11-25,3248500,802,False,False,False,3248500,False,False,False,False,False,False,,remaining_checks_needed,False,False,False,False,False,False,False,False,False,False
INV-H4-000803,H4,INS-H4-2024-2049,2025-11-27,PT-H4-000051,F-MAIN,BRONZE,2025-11-24,2025-11-27,1133514,803,False,False,False,1133514,False,False,False,False,False,False,,remaining_checks_needed,False,False,False,False,False,False,False,False,False,False
INV-H4-000804,H4,INS-H4-2024-2049,2025-12-04,PT-H4-000036,F-MAIN,BRONZE,2025-11-25,2025-11-27,3283325,804,False,False,False,3283325,False,False,False,False,False,False,,remaining_checks_needed,False,False,False,False,False,False,False,False,False,False
INV-H4-000805,H4,INS-H4-2024-2049,2025-12-06,PT-H4-000140,F-MAIN,BRONZE,2025-11-26,2025-12-01,3568400,805,False,False,False,3568400,False,False,False,False,False,False,,remaining_checks_needed,False,False,False,False,False,False,False,False,False,False
INV-H4-000806,H4,INS-H4-2024-2049,2025-12-07,PT-H4-000155,F-MAIN,SILVER,2025-11-27,2025-11-27,1996500,806,False,False,False,1996500,False,False,False,False,False,False,,remaining_checks_needed,False,False,False,False,False,False,False,False,False,False
INV-H4-000807,H4,INS-H4-2024-2049,2025-12-10,PT-H4-000002,F-MAIN,BRONZE,2025-11-28,2025-12-02,3458819,807,False,False,False,3458819,False,False,False,False,False,False,,remaining_checks_needed,False,False,False,False,False,False,False,False,False,False
INV-H4-000808,H4,INS-H4-2024-2049,2025-12-06,PT-H4-000046,F-MAIN,GOLD,2025-11-28,2025-11-28,4322513,808,False,False,False,4322513,False,False,False,False,False,False,,remaining_checks_needed,False,False,False,False,False,False,False,False,False,False
INV-H4-000809,H4,INS-H4-2024-2049,2025-12-08,PT-H4-000159,F-MAIN,BRONZE,2025-11-28,2025-11-28,1522809,809,False,False,False,1522809,False,False,False,False,False,False,,remaining_checks_needed,False,False,False,False,False,False,False,False,False,False
INV-H4-000810,H4,INS-H4-2024-2049,2025-12-05,PT-H4-000057,F-MAIN,BRONZE,2025-11-29,2025-11-30,2774093,810,False,False,False,2774093,False,False,False,False,False,False,,remaining_checks_needed,False,False,False,False,False,False,False,False,False,False
INV-H4-000811,H4,INS-H4-2024-2049,2025-12-05,PT-H4-000114,F-MAIN,GOLD,2025-11-30,2025-11-30,367825,811,False,False,False,367825,False,False,False,False,False,False,,remaining_checks_needed,False,False,False,False,False,False,False,False,False,False
INV-H4-000812,H4,INS-H4-2024-2049,2025-12-05,PT-H4-000204,F-MAIN,GOLD,2025-11-30,2025-12-01,5447044,812,False,False,False,5447044,False,False,False,False,False,False,,remaining_checks_needed,False,False,False,False,False,False,False,False,False,False
INV-H4-000813,H4,INS-H4-2024-2049,2025-12-04,PT-H4-000185,F-MAIN,SILVER,2025-12-02,2025-12-03,3503740,813,False,False,False,3503740,False,False,False,False,False,False,,remaining_checks_needed,False,False,False,False,False,False,False,False,False,False
INV-H4-000814,H4,INS-H4-2024-2049,2025-12-18,PT-H4-000029,F-MAIN,SILVER,2025-12-03,2025-12-09,3118300,814,False,False,False,3118300,False,False,False,False,False,False,,remaining_checks_needed,False,False,False,False,False,False,False,False,False,False
INV-H4-000815,H4,INS-H4-2024-2049,2025-12-16,PT-H4-000183,F-MAIN,GOLD,2025-12-05,2025-12-10,3135844,815,False,False,False,3135844,False,False,False,False,False,False,,remaining_checks_needed,False,False,False,False,False,False,False,False,False,False
INV-H4-000816,H4,INS-H4-2024-2049,2025-12-17,PT-H4-000025,F-MAIN,GOLD,2025-12-06,2025-12-10,3280925,816,False,False,False,3280925,False,False,False,False,False,False,,remaining_checks_needed,False,False,False,False,False,False,False,False,False,False
INV-H4-000817,H4,INS-H4-2024-2049,2025-12-13,PT-H4-000050,F-MAIN,GOLD,2025-12-07,2025-12-09,2182000,817,False,False,False,2182000,False,False,False,False,False,False,,remaining_checks_needed,False,False,False,False,False,False,False,False,False,False
INV-H4-000818,H4,INS-H4-2024-2049,2025-12-17,PT-H4-000189,F-MAIN,SILVER,2025-12-08,2025-12-12,3531472,818,False,False,False,3531472,False,False,False,False,False,False,,remaining_checks_needed,False,False,False,False,False,False,False,False,False,False
INV-H4-000819,H4,INS-H4-2024-2049,2025-12-24,PT-H4-000072,F-MAIN,GOLD,2025-12-09,2025-12-14,3072630,819,False,False,False,3072630,False,False,False,False,False,False,,remaining_checks_needed,False,False,False,False,False,False,False,False,False,False
INV-H4-000820,H4,INS-H4-2024-2049,2025-12-24,PT-H4-000010,F-MAIN,BRONZE,2025-12-10,2025-12-14,2766785,820,False,False,False,2766785,False,False,False,False,False,False,,remaining_checks_needed,False,False,False,False,False,False,False,False,False,False
INV-H4-000821,H4,INS-H4-2024-2049,2025-12-19,PT-H4-000100,F-MAIN,SILVER,2025-12-10,2025-12-15,1685850,821,False,False,False,1685850,False,False,False,False,False,False,,remaining_checks_needed,False,False,False,False,False,False,False,False,False,False
INV-H4-000822,H4,INS-H4-2024-2049,2025-12-17,PT-H4-000008,F-MAIN,BRONZE,2025-12-11,2025-12-12,2784216,822,False,False,False,2784216,False,False,False,False,False,False,,remaining_checks_needed,False,False,False,False,False,False,False,False,False,False
INV-H4-000823,H4,INS-H4-2024-2049,2025-12-24,PT-H4-000173,F-MAIN,GOLD,2025-12-11,2025-12-14,2781425,823,False,False,False,2781425,False,False,False,False,False,False,,remaining_checks_needed,False,False,False,False,False,False,False,False,False,False
INV-H4-000824,H4,INS-H4-2024-2049,2025-12-20,PT-H4-000083,F-MAIN,GOLD,2025-12-14,2025-12-16,4084125,824,False,False,False,4084125,False,False,False,False,False,False,,remaining_checks_needed,False,False,False,False,False,False,False,False,False,False
INV-H4-000825,H4,INS-H4-2024-2049,2025-12-22,PT-H4-000103,F-MAIN,GOLD,2025-12-14,2025-12-14,1076650,825,False,False,False,1076650,False,False,False,False,False,False,,remaining_checks_needed,False,False,False,False,False,False,False,False,False,False
INV-H4-000826,H4,INS-H4-2024-2049,2025-12-20,PT-H4-000134,F-MAIN,SILVER,2025-12-14,2025-12-14,1664025,826,False,False,False,1664025,False,False,False,False,False,False,,remaining_checks_needed,False,False,False,False,False,False,False,False,False,False
INV-H4-000827,H4,INS-H4-2024-2049,2025-12-24,PT-H4-000138,F-MAIN,GOLD,2025-12-14,2025-12-20,5327380,827,False,False,False,5327380,False,False,False,False,False,False,,remaining_checks_needed,False,False,False,False,False,False,False,False,False,False
INV-H4-000828,H4,INS-H4-2024-2049,2025-12-21,PT-H4-000048,F-MAIN,BRONZE,2025-12-16,2025-12-16,3552875,828,False,False,False,3552875,False,False,False,False,False,False,,remaining_checks_needed,False,False,False,False,False,False,False,False,False,False
INV-H4-000829,H4,INS-H4-2024-2049,2025-12-25,PT-H4-000026,F-MAIN,GOLD,2025-12-19,2025-12-24,1610375,829,False,False,False,1610375,False,False,False,False,False,False,,remaining_checks_needed,False,False,False,False,False,False,False,False,False,False
INV-H4-000830,H4,INS-H4-2024-2049,2025-12-29,PT-H4-000189,F-MAIN,SILVER,2025-12-19,2025-12-21,2539580,830,False,False,False,2539580,False,False,False,False,False,False,,remaining_checks_needed,False,False,False,False,False,False,False,False,False,False
INV-H4-000831,H4,INS-H4-2024-2049,2025-12-31,PT-H4-000052,F-MAIN,SILVER,2025-12-21,2025-12-22,2170420,831,False,False,False,2170420,False,False,False,False,False,False,,remaining_checks_needed,False,False,False,False,False,False,False,False,False,False
INV-H4-000832,H4,INS-H4-2024-2049,2025-12-24,PT-H4-000125,F-MAIN,GOLD,2025-12-21,2025-12-24,2143525,832,False,False,False,2143525,False,False,False,False,False,False,,remaining_checks_needed,False,False,False,False,False,False,False,False,False,False
INV-H4-000833,H4,INS-H4-2024-2049,2025-12-31,PT-H4-000083,F-MAIN,GOLD,2025-12-23,2025-12-25,2619940,833,False,False,False,2619940,False,False,False,False,False,False,,remaining_checks_needed,False,False,False,False,False,False,False,False,False,False
INV-H4-000834,H4,INS-H4-2024-2049,2025-12-30,PT-H4-000177,F-MAIN,GOLD,2025-12-23,2025-12-29,2226125,834,False,False,False,2226125,False,False,False,False,False,False,,remaining_checks_needed,False,False,False,False,False,False,False,False,False,False
INV-H4-000835,H4,INS-H4-2024-2049,2025-12-31,PT-H4-000028,F-MAIN,SILVER,2025-12-24,2025-12-26,3111550,835,False,False,False,3111550,False,False,False,False,False,False,,remaining_checks_needed,False,False,False,False,False,False,False,False,False,False
INV-H4-000836,H4,INS-H4-2024-2049,2025-12-31,PT-H4-000051,F-MAIN,BRONZE,2025-12-25,2025-12-25,4279600,836,False,False,False,4279600,False,False,False,False,False,False,,remaining_checks_needed,False,False,False,False,False,False,False,False,False,False
INV-H4-000837,H4,INS-H4-2024-2049,2025-12-31,PT-H4-000075,F-MAIN,GOLD,2025-12-27,2025-12-29,1498275,837,False,False,False,1498275,False,False,False,False,False,False,,remaining_checks_needed,False,False,False,False,False,False,False,False,False,False
INV-H4-000838,H4,INS-H4-2024-2049,2025-12-31,PT-H4-000076,F-MAIN,SILVER,2025-12-27,2025-12-31,1373870,838,False,False,False,1373870,False,False,False,False,False,False,,remaining_checks_needed,False,False,False,False,False,False,False,False,False,False
INV-H4-000431,H4,INS-H4-2024-2049,2025-12-31,PT-H4-000152,F-MAIN,SILVER,2025-12-27,2025-12-31,1837700,839,True,False,False,1837700,False,False,False,False,False,False,duplicate_invoice_id,errors_detected,False,False,False,False,False,False,False,False,True,False
INV-H4-000840,H4,INS-H4-2024-2049,2025-12-31,PT-H4-000074,F-MAIN,SILVER,2025-12-29,2025-12-31,3187825,840,False,False,False,3187825,False,False,False,False,False,False,,remaining_checks_needed,False,False,False,False,False,False,False,False,False,False
